date,portfolio_value,cash,num_positions,returns
2016-02-12 00:00:00-05:00,1000000.0,1000000.0,0,
2016-02-19 00:00:00-05:00,1001986.6714734983,849923.2610111189,3,0.0019866714734984026
2016-02-26 00:00:00-05:00,1004675.6287565985,799790.6084452429,4,0.002683625800277145
2016-03-04 00:00:00-05:00,1011952.6742049017,799790.6084452429,4,0.007243179032131453
2016-03-11 00:00:00-05:00,1019242.9173985281,799790.6084452429,4,0.007204134520771399
2016-03-18 00:00:00-04:00,1019816.0245651578,828713.4080633497,4,0.0005622871219870262
2016-03-24 00:00:00-04:00,1018314.6755806092,843174.8078724031,4,-0.0014721763027686352
2016-04-01 00:00:00-04:00,1019214.1110015992,843174.8078724031,4,0.0008832588222076332
2016-04-08 00:00:00-04:00,1022821.4670854692,843174.8078724031,4,0.0035393506084064885
2016-04-15 00:00:00-04:00,1028656.3299063816,805507.8707236423,4,0.005704673795651649
2016-04-22 00:00:00-04:00,1038178.8718680515,805507.8707236423,4,0.009257262785265397
2016-04-29 00:00:00-04:00,1035877.8591777858,864939.2119419154,4,-0.002216393294659613
2016-05-06 00:00:00-04:00,1036069.068245039,879697.8541833019,4,0.00018458649884167677
2016-05-13 00:00:00-04:00,1033642.4715769005,863220.2428877067,4,-0.002342118631385115
2016-05-20 00:00:00-04:00,1037104.3890653801,866874.5159031105,4,0.003349240751686855
2016-05-27 00:00:00-04:00,1039776.7550428124,897618.1230142327,4,0.002576756983779349
2016-06-03 00:00:00-04:00,1037411.6575055333,913417.2030339452,4,-0.0022746205142677445
2016-06-10 00:00:00-04:00,1035607.569027958,921316.8505459405,4,-0.0017390285375367132
2016-06-17 00:00:00-04:00,1033373.1006773653,924369.0762098971,4,-0.0021576400341395408
2016-06-24 00:00:00-04:00,1031462.7426357412,926342.0881137991,4,-0.0018486624437696886
2016-07-01 00:00:00-04:00,1033460.6746920528,924319.2611388149,4,0.0019369890677836121
2016-07-08 00:00:00-04:00,1033624.8381278133,924802.2782942867,4,0.00015884826561918253
2016-07-15 00:00:00-04:00,1036478.891200552,925047.5211634731,4,0.0027612079039316395
2016-07-22 00:00:00-04:00,1038799.285648241,925161.0012625599,4,0.002238728127884393
2016-07-29 00:00:00-04:00,1039104.9782516842,925229.0337593441,4,0.0002942749457632843
2016-08-05 00:00:00-04:00,1041861.6323424989,925251.8038493806,4,0.0026529120238194537
2016-08-12 00:00:00-04:00,1043163.2065519505,903063.8506788426,4,0.0012492774175061339
2016-08-19 00:00:00-04:00,1044591.1771374303,931840.4455166417,4,0.0013688851145352565
2016-08-26 00:00:00-04:00,1044521.3902909966,961335.0991628381,4,-6.680780764867222e-05
2016-09-02 00:00:00-04:00,1044580.9915832425,976397.9939664747,4,5.706086328149951e-05
2016-09-09 00:00:00-04:00,1044583.4709363861,983986.9005285187,4,2.3735384460099596e-06
2016-09-16 00:00:00-04:00,1042418.2376202279,933693.0370148354,4,-0.0020728198142149212
2016-09-23 00:00:00-04:00,1043630.9177690096,934661.458789403,4,0.0011633335882057505
2016-09-30 00:00:00-04:00,1044959.8475850477,935140.3068717375,4,0.0012733714509713945
2016-10-07 00:00:00-04:00,1044153.8787638855,935381.7363993835,4,-0.0007712916654404323
2016-10-14 00:00:00-04:00,1042143.4307536983,935512.7018852138,4,-0.0019254326886829487
2016-10-21 00:00:00-04:00,1041511.6332508039,935577.6568494749,4,-0.0006062481269373254
2016-10-28 00:00:00-04:00,1042334.2261873484,932716.7077499628,4,0.0007898067676661569
2016-11-04 00:00:00-04:00,1039687.4263948689,932730.2508634815,4,-0.002539300471942618
2016-11-11 00:00:00-05:00,1050628.086941496,880831.6694410001,4,0.010523028622712038
2016-11-18 00:00:00-05:00,1050899.1618268644,880831.6694410001,4,0.0002580122202495705
2016-11-25 00:00:00-05:00,1052374.5779092466,880831.6694410001,4,0.0014039559036447269
2016-12-02 00:00:00-05:00,1053766.021621481,880831.6694410001,4,0.0013221943416752424
2016-12-09 00:00:00-05:00,1057360.476606146,880831.6694410001,4,0.0034110560702402815
2016-12-16 00:00:00-05:00,1059876.0606997283,941208.9391463072,4,0.002379116818945981
2016-12-23 00:00:00-05:00,1059311.36599581,971770.4108490202,4,-0.0005327931489891302
2016-12-30 00:00:00-05:00,1059140.4968667203,987016.4581189329,4,-0.00016130208225317855
2017-01-06 00:00:00-05:00,1060878.0457623503,990859.7114823363,4,0.0016405272962087825
2017-01-13 00:00:00-05:00,1059119.2575434172,992767.2977751219,4,-0.0016578608879301848
2017-01-20 00:00:00-05:00,1057721.0037321073,993717.3359827024,4,-0.0013202043125464247
2017-01-27 00:00:00-05:00,1057214.2713335934,996799.3463000241,4,-0.00047907945169467503
2017-02-03 00:00:00-05:00,1058858.1751674558,1000808.9887870695,4,0.0015549391248650402
2017-02-10 00:00:00-05:00,1059295.8592985899,1000963.5053194792,4,0.00041335482069149165
2017-02-17 00:00:00-05:00,1061534.7917479307,1000963.5053194792,4,0.002113604456854379
2017-02-24 00:00:00-05:00,1062474.4108488904,949896.365951811,4,0.0008851514884524736
2017-03-03 00:00:00-05:00,1064592.541401518,950916.6646391279,4,0.0019935826510262267
2017-03-10 00:00:00-05:00,1062487.7296859417,951443.1775771772,4,-0.00197710544994556
2017-03-17 00:00:00-04:00,1061427.9430802749,951617.982592909,4,-0.0009974577362696913
2017-03-24 00:00:00-04:00,1060932.0402139951,950427.4284681608,4,-0.0004672035153329146
2017-03-31 00:00:00-04:00,1062003.2272597505,897347.2596980287,4,0.0010096660343477115
2017-04-07 00:00:00-04:00,1061349.767592392,844456.5311021424,4,-0.000615308551410565
2017-04-13 00:00:00-04:00,1056700.1316194152,844456.5311021424,4,-0.004380870580981133
2017-04-21 00:00:00-04:00,1056634.0803563804,842780.3881547662,4,-6.25071021176371e-05
2017-04-28 00:00:00-04:00,1060057.9421861381,842780.3881547662,4,0.003240347716782832
2017-05-05 00:00:00-04:00,1060242.311736843,842780.3881547662,4,0.0001739240312890189
2017-05-12 00:00:00-04:00,1059660.6859204979,842780.3881547662,4,-0.0005485781975560489
2017-05-19 00:00:00-04:00,1057264.1022966118,842780.3881547662,4,-0.002261651919080343
2017-05-26 00:00:00-04:00,1056968.526740139,844922.2865305595,4,-0.0002795664355110805
2017-06-02 00:00:00-04:00,1055316.2632456473,844922.2865305595,4,-0.0015632097386923949
2017-06-09 00:00:00-04:00,1061267.8357648964,845313.8706922645,4,0.005639610348602941
2017-06-16 00:00:00-04:00,1062151.6358804817,845313.8706922645,4,0.0008327776323762137
2017-06-23 00:00:00-04:00,1059969.3008680458,845313.8706922645,4,-0.002054636022498668
2017-06-30 00:00:00-04:00,1062760.0159998054,845313.8706922645,4,0.002632826374758368
2017-07-07 00:00:00-04:00,1063854.1279516334,845313.8706922645,4,0.001029500484922563
2017-07-14 00:00:00-04:00,1062468.4703493232,845313.8706922645,4,-0.0013024883448806701
2017-07-21 00:00:00-04:00,1061589.2056608314,845313.8706922645,4,-0.0008275677942731763
2017-07-28 00:00:00-04:00,1064859.8898630256,845313.8706922645,4,0.003080932044856599
2017-08-04 00:00:00-04:00,1071274.095145237,845313.8706922645,4,0.006023520411719385
2017-08-11 00:00:00-04:00,1066130.020533573,845313.8706922645,4,-0.004801828621615711
2017-08-18 00:00:00-04:00,1064482.897639286,845313.8706922645,4,-0.0015449549891323189
2017-08-25 00:00:00-04:00,1067423.4374464704,847512.6277235699,4,0.0027624115086355427
2017-09-01 00:00:00-04:00,1069984.5169447614,847512.6277235699,4,0.002399309785081849
2017-09-08 00:00:00-04:00,1066849.0504168225,847512.6277235699,4,-0.002930384952570919
2017-09-15 00:00:00-04:00,1075623.8084791852,847512.6277235699,4,0.008224929345847398
2017-09-22 00:00:00-04:00,1080021.7379873944,847512.6277235699,4,0.004088724583390713
2017-09-29 00:00:00-04:00,1080888.5610579206,847512.6277235699,4,0.0008025977996901634
2017-10-06 00:00:00-04:00,1084504.765487547,847512.6277235699,4,0.0033455848825776346
2017-10-13 00:00:00-04:00,1085171.808866377,847512.6277235699,4,0.0006150672639322341
2017-10-20 00:00:00-04:00,1088607.2444552137,847512.6277235699,4,0.0031657987802184984
2017-10-27 00:00:00-04:00,1085237.0913996715,878240.7612414379,4,-0.003095839268669187
2017-11-03 00:00:00-04:00,1085458.940618822,893961.077873537,4,0.00020442465605774451
2017-11-10 00:00:00-05:00,1084958.7682597865,901826.8914993037,4,-0.0004607934398238589
2017-11-17 00:00:00-05:00,1083770.783821844,901826.8914993037,4,-0.0010949581428315591
2017-11-24 00:00:00-05:00,1085287.2504890193,901826.8914993037,4,0.0013992503671556022
2017-12-01 00:00:00-05:00,1092575.750027441,901826.8914993037,4,0.006715733125158829
2017-12-08 00:00:00-05:00,1092170.9139283923,936708.7831968097,4,-0.0003705336669228565
2017-12-15 00:00:00-05:00,1094585.7976916865,954280.1825316981,4,0.0022110859504655966
2017-12-22 00:00:00-05:00,1096363.2592855357,994033.5219598674,4,0.0016238668522809974
2017-12-29 00:00:00-05:00,1096446.1570543326,1030153.9388593711,4,7.561158958480085e-05
2018-01-05 00:00:00-05:00,1097341.9958357906,1048252.8185267544,4,0.0008170385528687429
2018-01-12 00:00:00-05:00,1097595.815742754,1072703.0364039172,4,0.00023130428610818043
2018-01-19 00:00:00-05:00,1097694.4811999872,1077452.6722686365,4,8.989234089473719e-05
2018-01-26 00:00:00-05:00,1098121.8992446896,1087385.3073944089,4,0.0003893779662944574
2018-02-02 00:00:00-05:00,1097786.8799264368,1092701.839803451,4,-0.0003050839059700605
2018-02-09 00:00:00-05:00,1091636.911364673,987738.8025027497,4,-0.005602151632724928
2018-02-16 00:00:00-05:00,1099773.8798174185,875327.9981607718,4,0.007453914729370403
2018-02-23 00:00:00-05:00,1099805.5921186728,875327.9981607718,4,2.8835292268825086e-05
2018-03-02 00:00:00-05:00,1097966.0337576193,875327.9981607718,4,-0.0016726213925769562
2018-03-09 00:00:00-05:00,1107074.3268865866,875327.9981607718,4,0.008295605555115104
2018-03-16 00:00:00-04:00,1103584.8952612204,875327.9981607718,4,-0.0031519397935814153
2018-03-23 00:00:00-04:00,1089348.922624044,875327.9981607718,4,-0.012899753066851094
2018-03-29 00:00:00-04:00,1094615.1813312334,872907.2973209184,4,0.004834317634889729
2018-04-06 00:00:00-04:00,1092645.0587573808,872907.2973209184,4,-0.001799831216899972
2018-04-13 00:00:00-04:00,1097614.6326938432,872907.2973209184,4,0.004548205198597666
2018-04-20 00:00:00-04:00,1100964.398509578,872907.2973209184,4,0.0030518596563473555
2018-04-27 00:00:00-04:00,1102534.9997897905,872907.2973209184,4,0.00142656863595092
2018-05-04 00:00:00-04:00,1096579.410808162,872907.2973209184,4,-0.005401723285667903
2018-05-11 00:00:00-04:00,1104125.328531993,872981.4336955674,4,0.00688132354980997
2018-05-18 00:00:00-04:00,1101795.0442760116,872981.4336955674,4,-0.002110525133120267
2018-05-25 00:00:00-04:00,1098460.8434169418,872981.4336955674,4,-0.003026153436060053
2018-06-01 00:00:00-04:00,1098262.2935254928,875513.0050886032,4,-0.00018075281666973808
2018-06-08 00:00:00-04:00,1102306.4278562423,875513.0050886032,4,0.003682302811077731
2018-06-15 00:00:00-04:00,1098164.5416028854,875513.0050886032,4,-0.003757472648882265
2018-06-22 00:00:00-04:00,1097529.143585002,875513.0050886032,4,-0.0005786000128503721
2018-06-29 00:00:00-04:00,1095374.5488081924,873440.5465537064,4,-0.00196313217685673
2018-07-06 00:00:00-04:00,1095625.371180629,873440.5465537064,4,0.00022898320278619266
2018-07-13 00:00:00-04:00,1098217.8161307327,873440.5465537064,4,0.0023661782743404913
2018-07-20 00:00:00-04:00,1101782.638529872,873440.5465537064,4,0.003246006709032523
2018-07-27 00:00:00-04:00,1107260.4945059768,873440.5465537064,4,0.0049718118479467055
2018-08-03 00:00:00-04:00,1111846.1700163833,873440.5465537064,4,0.004141460417995457
2018-08-10 00:00:00-04:00,1113054.6037913773,905888.3156634781,4,0.0010868713744602854
2018-08-17 00:00:00-04:00,1111107.2292675583,922268.2784504502,4,-0.001749576810684439
2018-08-24 00:00:00-04:00,1111859.5062096855,928522.6453660271,4,0.0006770516133021154
2018-08-31 00:00:00-04:00,1111798.3013517335,932764.7075101808,4,-5.504729474370418e-05
2018-09-07 00:00:00-04:00,1111704.5017239945,934827.7768590348,4,-8.436748610329836e-05
2018-09-14 00:00:00-04:00,1112776.5724047576,935876.2057665741,4,0.0009643486008201752
2018-09-21 00:00:00-04:00,1117015.4703088067,936424.284386184,4,0.0038092982986590584
2018-09-28 00:00:00-04:00,1113610.0808255398,968633.9732320034,4,-0.0030486502414559524
2018-10-05 00:00:00-04:00,1117169.0281407959,969016.352863086,4,0.0031958648512033783
2018-10-12 00:00:00-04:00,1109319.7417620423,984861.9834212067,4,-0.0070260508311946746
2018-10-19 00:00:00-04:00,1109743.3084028903,942688.6355284397,4,0.00038182556832100367
2018-10-26 00:00:00-04:00,1099832.5613715583,942718.5158259803,4,-0.008930666178645574
2018-11-02 00:00:00-04:00,1105300.126527879,934563.4261017772,3,0.004971270490029989
2018-11-09 00:00:00-05:00,1114659.2531377347,879283.6819058926,4,0.008467497999168794
2018-11-16 00:00:00-05:00,1112058.9565354856,879283.6819058926,4,-0.002332817491021877
2018-11-23 00:00:00-05:00,1104157.44438186,879283.6819058926,4,-0.0071052996850471395
2018-11-30 00:00:00-05:00,1116445.7041635716,882333.47374632,4,0.011129082943955426
2018-12-07 00:00:00-05:00,1102422.8903780186,882333.47374632,4,-0.01256022906734966
2018-12-14 00:00:00-05:00,1097871.459621551,878733.4172402642,4,-0.004128570620396843
2018-12-21 00:00:00-05:00,1086210.0489921449,880698.2549323915,4,-0.010621836032996046
2018-12-28 00:00:00-05:00,1094680.551307603,870635.2402209484,4,0.007798217594578105
2019-01-04 00:00:00-05:00,1096684.8485316478,870635.2402209484,4,0.0018309425719225114
2019-01-11 00:00:00-05:00,1098782.8022574626,870635.2402209484,4,0.0019129959975501265
2019-01-18 00:00:00-05:00,1109203.4505194866,870635.2402209484,4,0.00948381085016492
2019-01-25 00:00:00-05:00,1106039.9697743542,904624.151064027,4,-0.0028520293041377487
2019-02-01 00:00:00-05:00,1113273.7520697548,917298.0638316108,4,0.006540253962862064
2019-02-08 00:00:00-05:00,1109603.6584975044,925528.4837118904,4,-0.003296667657372687
2019-02-15 00:00:00-05:00,1112731.0500013954,929630.643863929,4,0.002818476200885822
2019-02-22 00:00:00-05:00,1112521.3700366775,963089.3684097092,4,-0.00018843723711825522
2019-03-01 00:00:00-05:00,1113758.8648458894,979822.8936850007,4,0.0011123335178462312
2019-03-08 00:00:00-05:00,1109071.2688389733,988337.0365658716,4,-0.0042088069104301296
2019-03-15 00:00:00-04:00,1111745.006055793,993646.0891971199,4,0.0024107893621829746
2019-03-22 00:00:00-04:00,1110739.121640445,995815.7053463471,4,-0.000904779792010646
2019-03-29 00:00:00-04:00,1112811.0522955926,941368.6766242058,4,0.0018653620951853966
2019-04-05 00:00:00-04:00,1117832.076567443,941917.0522601921,4,0.004512018694901254
2019-04-12 00:00:00-04:00,1119782.0966285088,942198.4520667412,4,0.0017444660087528874
2019-04-18 00:00:00-04:00,1116167.2697543022,886461.1917437431,4,-0.0032281520530559327
2019-04-26 00:00:00-04:00,1117442.8517429535,883930.4618007843,4,0.0011428233233645724
2019-05-03 00:00:00-04:00,1121496.677884311,883930.4618007843,4,0.0036277704358969043
2019-05-10 00:00:00-04:00,1118267.9009449189,883930.4618007843,4,-0.0028789893033683844
2019-05-17 00:00:00-04:00,1115176.976258487,883930.4618007843,4,-0.002764028801881979
2019-05-24 00:00:00-04:00,1113918.050397651,887370.0416314767,4,-0.001128902306663182
2019-05-31 00:00:00-04:00,1106739.4515092538,887370.0416314767,4,-0.006444458715643031
2019-06-07 00:00:00-04:00,1116775.058200786,882417.4942473863,4,0.009067722920554244
2019-06-14 00:00:00-04:00,1117108.9945373032,882417.4942473863,4,0.0002990184407012375
2019-06-21 00:00:00-04:00,1120867.2874869797,882417.4942473863,4,0.0033643028281524767
2019-06-28 00:00:00-04:00,1123875.9052581284,882417.4942473863,4,0.0026841873295224694
2019-07-05 00:00:00-04:00,1125409.8638267014,882417.4942473863,4,0.0013648825118470764
2019-07-12 00:00:00-04:00,1124504.914524028,882417.4942473863,4,-0.0008041064253659913
2019-07-19 00:00:00-04:00,1122244.8631209824,882417.4942473863,4,-0.002009819053571893
2019-07-26 00:00:00-04:00,1126002.317436168,882417.4942473863,4,0.0033481590681876394
2019-08-02 00:00:00-04:00,1114314.19919617,914555.6688502535,4,-0.010380190217202157
2019-08-09 00:00:00-04:00,1110405.5005099175,913461.5954176781,4,-0.0035077168442008144
2019-08-16 00:00:00-04:00,1102830.265821502,887477.690656707,4,-0.0068220435552027725
2019-08-23 00:00:00-04:00,1100020.4445651695,884675.4510482476,4,-0.002547827479362441
2019-08-30 00:00:00-04:00,1106920.5620756256,881453.4990491975,4,0.006272717515885429
2019-09-06 00:00:00-04:00,1109887.529120456,881453.4990491975,4,0.002680379375433084
2019-09-13 00:00:00-04:00,1119617.0141801941,881453.4990491975,4,0.008766190090853998
2019-09-20 00:00:00-04:00,1117891.772976886,881453.4990491975,4,-0.0015409208519141515
2019-09-27 00:00:00-04:00,1113736.5845766175,881453.4990491975,4,-0.003716986295733693
2019-10-04 00:00:00-04:00,1109138.2447500336,881453.4990491975,4,-0.004128749912917562
2019-10-11 00:00:00-04:00,1111374.6211438344,883893.5235428975,4,0.002016318889359825
2019-10-18 00:00:00-04:00,1114246.5545010732,883893.5235428975,4,0.0025841271724227344
2019-10-25 00:00:00-04:00,1120162.359980123,883893.5235428975,4,0.00530924278397138
2019-11-01 00:00:00-04:00,1122803.9565453695,883893.5235428975,4,0.0023582265032484617
2019-11-08 00:00:00-05:00,1127892.8325352834,883893.5235428975,4,0.00453229253446108
2019-11-15 00:00:00-05:00,1127914.2096601804,916351.4466844876,4,1.895315253386265e-05
2019-11-22 00:00:00-05:00,1128232.1957399133,932419.3856202844,4,0.00028192399475912566
2019-11-29 00:00:00-05:00,1128467.8460733942,940528.5758993676,4,0.000208866875427427
2019-12-06 00:00:00-05:00,1129225.0407006065,944585.9926316063,4,0.0006709935332647188
2019-12-13 00:00:00-05:00,1130066.7767606745,946647.2028623592,4,0.0007454103741322271
2019-12-20 00:00:00-05:00,1132630.2756409466,947716.2241329968,4,0.0022684490270745705
2019-12-27 00:00:00-05:00,1133038.3750183345,948258.8054516079,4,0.0003603112031920208
2020-01-03 00:00:00-05:00,1132767.8226518738,948533.1225099671,4,-0.00023878482179062743
2020-01-10 00:00:00-05:00,1131542.2024183762,948653.4891977799,4,-0.0010819694989466777
2020-01-17 00:00:00-05:00,1132888.5089468854,980389.3240981,4,0.0011897978932042808
2020-01-24 00:00:00-05:00,1129845.3775363513,996680.509749944,4,-0.0026861702510893037
2020-01-31 00:00:00-05:00,1124987.40401839,946544.472515094,4,-0.004299679951387914
2020-02-07 00:00:00-05:00,1130861.5200563308,897801.4717260238,4,0.00522149494026225
2020-02-14 00:00:00-05:00,1130006.618309581,897801.4717260238,4,-0.0007559738585032338
2020-02-21 00:00:00-05:00,1128135.0288682815,897801.4717260238,4,-0.0016562641412660728
2020-02-28 00:00:00-05:00,1100219.909278642,895232.3045919049,4,-0.024744484370495368
2020-03-06 00:00:00-05:00,1097319.620900594,934963.830054723,3,-0.0026360987958757853
2020-03-13 00:00:00-04:00,1080658.9132502032,875064.4909250691,4,-0.015183094636289196
2020-03-20 00:00:00-04:00,1041636.7611554195,866081.3265622188,4,-0.036109591672566
2020-03-27 00:00:00-04:00,1052744.217905431,885126.3241714527,3,0.010663464620517704
2020-04-03 00:00:00-04:00,1057890.16121906,832467.2743534442,4,0.004888123084510809
2020-04-09 00:00:00-04:00,1083858.4467984363,862645.3675309345,4,0.024547241794414587
2020-04-17 00:00:00-04:00,1082660.187408025,943500.8940043995,4,-0.0011055497089595967
2020-04-24 00:00:00-04:00,1078635.682829902,944940.5532484505,4,-0.0037172370656372022
2020-05-01 00:00:00-04:00,1079800.4172701295,957404.3320326264,4,0.001079821907218781
2020-05-08 00:00:00-04:00,1079387.4114339934,965700.5281847107,4,-0.00038248349373704027
2020-05-15 00:00:00-04:00,1072059.2780640442,969055.349601062,4,-0.0067891595661779824
2020-05-22 00:00:00-04:00,1078106.1236718209,910614.4276726752,4,0.005640402290716828
2020-05-29 00:00:00-04:00,1085991.491547206,910882.9297872573,4,0.00731409246478365
2020-06-05 00:00:00-04:00,1106766.107000764,911019.6510776835,4,0.01912963003417323
2020-06-12 00:00:00-04:00,1090803.1109312773,922780.4049395324,4,-0.014423098040782123
2020-06-19 00:00:00-04:00,1090525.8372198953,927054.2377898111,3,-0.00025419226311629295
2020-06-26 00:00:00-04:00,1079809.867331399,872539.1392964257,4,-0.009826424576803161
2020-07-02 00:00:00-04:00,1086237.3226541183,867063.7441610001,4,0.005952395432914592
2020-07-10 00:00:00-04:00,1086163.947877278,867063.7441610001,4,-6.754948970166819e-05
2020-07-17 00:00:00-04:00,1091877.3097694595,863878.5953529556,4,0.005260128457906577
2020-07-24 00:00:00-04:00,1099889.0505932053,863878.5953529556,4,0.007337583400681913
2020-07-31 00:00:00-04:00,1098536.0422047337,895562.2005718907,4,-0.001230131700776349
2020-08-07 00:00:00-04:00,1107248.021891837,910362.0795128392,4,0.007930536051979242
2020-08-14 00:00:00-04:00,1110509.7683618572,949925.7071893719,4,0.0029458137702944587
2020-08-21 00:00:00-04:00,1104192.215905175,969776.961112008,4,-0.0056888760789571835
2020-08-28 00:00:00-04:00,1108140.238183913,974774.417608199,4,0.0035754846138826846
2020-09-04 00:00:00-04:00,1106563.692589364,983866.8169523095,4,-0.0014226950165917573
2020-09-11 00:00:00-04:00,1100769.5899585541,932590.8834384735,4,-0.005236122122578957
2020-09-18 00:00:00-04:00,1101238.0421141325,931842.7834433258,4,0.0004255678571172261
2020-09-25 00:00:00-04:00,1091929.8156968486,933865.1829263102,4,-0.008452510775430744
2020-10-02 00:00:00-04:00,1093409.1545178136,927121.7383114536,4,0.0013547929543631376
2020-10-09 00:00:00-04:00,1098847.436532401,927332.7071241367,4,0.004973693509074062
2020-10-16 00:00:00-04:00,1097162.993244681,927548.1714368198,4,-0.001532918248447257
2020-10-23 00:00:00-04:00,1098804.1572728488,927548.1714368198,4,0.001495825176635046
2020-10-30 00:00:00-04:00,1089566.5224690768,927548.1714368198,4,-0.008406989309813984
2020-11-06 00:00:00-05:00,1094499.3742325734,926008.0147240589,3,0.004527352540456331
2020-11-13 00:00:00-05:00,1118199.0627487516,871243.1562794064,4,0.02165345095130422
2020-11-20 00:00:00-05:00,1119264.1899909237,903100.76731293,4,0.000952538128187852
2020-11-27 00:00:00-05:00,1127424.5210005445,919801.2315813702,4,0.007290799690184757
2020-12-04 00:00:00-05:00,1133159.3236546582,961987.139660365,4,0.005086639989898556
2020-12-11 00:00:00-05:00,1131950.8473133952,1016336.0185589703,4,-0.0010664663971218236
2020-12-18 00:00:00-05:00,1129616.7466515834,1043600.8059853847,4,-0.0020620159146942374
2020-12-24 00:00:00-05:00,1128684.2424393035,952264.2388935423,4,-0.0008255049467387199
2020-12-31 00:00:00-05:00,1128884.5221562833,954439.2939153166,4,0.00017744530263552605
2021-01-08 00:00:00-05:00,1134318.7231773273,955539.5263503924,4,0.004813779367498272
2021-01-15 00:00:00-05:00,1134232.4084046069,987444.1943600359,4,-7.609393282226318e-05
2021-01-22 00:00:00-05:00,1133705.4806682176,1003364.6346618242,4,-0.00046456769572511547
2021-01-29 00:00:00-05:00,1128897.5432296055,1011415.6591639776,4,-0.004240905173871323
2021-02-05 00:00:00-05:00,1135358.7217089757,953722.3859927282,4,0.0057234409961473
2021-02-12 00:00:00-05:00,1139126.4514014805,953770.6879851903,4,0.003318536794109761
2021-02-19 00:00:00-05:00,1143940.1827076024,955708.4283588475,4,0.004225809435115524
2021-02-26 00:00:00-05:00,1145338.2090166844,989517.7486170568,4,0.0012221148712279195
2021-03-05 00:00:00-05:00,1150957.7138878754,1040004.3610741547,4,0.0049064152640254655
2021-03-12 00:00:00-05:00,1152510.138589528,1067367.5154587296,4,0.0013488112403439168
2021-03-19 00:00:00-04:00,1152825.8660877885,1081472.0784786881,4,0.0002739476970214927
2021-03-26 00:00:00-04:00,1156224.9633261308,1034875.1820837602,4,0.0029484914750199653
2021-04-01 00:00:00-04:00,1155367.7587480592,1036045.3056268739,4,-0.0007413821749754357
2021-04-09 00:00:00-04:00,1154294.4059764412,1036642.6194087532,4,-0.0009290139555053756
2021-04-16 00:00:00-04:00,1157517.1579738474,1036927.2671542977,4,0.0027919670932476937
2021-04-23 00:00:00-04:00,1156878.2525583962,1037066.6015116433,4,-0.0005519619394407371
2021-04-30 00:00:00-04:00,1157619.129711892,1035772.9522712488,4,0.0006404106498305584
2021-05-07 00:00:00-04:00,1163738.1375749367,1035809.0137002725,4,0.005285855862253719
2021-05-14 00:00:00-04:00,1164147.1183565417,1035846.5432222643,4,0.0003514371218058532
2021-05-21 00:00:00-04:00,1161734.696848918,1068651.7948637495,4,-0.002072265154106523
2021-05-28 00:00:00-04:00,1161028.924317424,1085010.0330439254,4,-0.0006075160993369577
2021-06-04 00:00:00-04:00,1163889.7452288314,1085010.0330439254,4,0.0024640393115868964
2021-06-11 00:00:00-04:00,1163982.3842859908,1085010.0330439254,4,7.959435809024029e-05
2021-06-18 00:00:00-04:00,1160872.4031169673,1093245.8764522334,4,-0.002671845563136488
2021-06-25 00:00:00-04:00,1168242.052641679,978840.0991676343,4,0.006348371711588641
2021-07-02 00:00:00-04:00,1167156.7169197095,978840.0991676343,4,-0.0009290332594306117
2021-07-09 00:00:00-04:00,1164634.7567260754,978840.0991676343,4,-0.0021607725484285023
2021-07-16 00:00:00-04:00,1158001.0001323712,978840.0991676343,4,-0.0056959974407362335
2021-07-23 00:00:00-04:00,1157835.3892865577,979207.7145848669,4,-0.0001430144238170339
2021-07-30 00:00:00-04:00,1160608.646274301,981336.9469182219,4,0.002395208346025912
2021-08-06 00:00:00-04:00,1165030.4615847983,982457.3054072775,4,0.003809910709085207
2021-08-13 00:00:00-04:00,1167818.1706677754,983029.1860791525,4,0.0023928207672656576
2021-08-20 00:00:00-04:00,1161594.0759200645,983336.7606734823,4,-0.005329677944771127
2021-08-27 00:00:00-04:00,1167661.062949018,981394.0020130438,4,0.005222983789882063
2021-09-03 00:00:00-04:00,1164082.3072653937,981467.9138060736,4,-0.0030648925421783435
2021-09-10 00:00:00-04:00,1161103.7802405255,981505.0600294966,4,-0.0025586910876304048
2021-09-17 00:00:00-04:00,1159481.5731501554,923468.7748484586,4,-0.0013971249753695902
2021-09-24 00:00:00-04:00,1164660.668353555,923468.7748484586,4,0.0044667335155044174
2021-10-01 00:00:00-04:00,1166658.1166796659,923468.7748484586,4,0.001715047464369679
2021-10-08 00:00:00-04:00,1171896.080631387,919709.2949944852,4,0.004489716290346113
2021-10-15 00:00:00-04:00,1173092.0232050144,953676.1447412694,4,0.0010205193049055428
2021-10-22 00:00:00-04:00,1177812.8636796277,1005171.3113724987,4,0.004024271226152676
2021-10-29 00:00:00-04:00,1178404.2180311368,1031618.1995145963,4,0.0005020783604465784
2021-11-05 00:00:00-04:00,1185710.1355056814,1044965.0289650013,4,0.006199839887497394
2021-11-12 00:00:00-05:00,1186816.6136837704,1051636.2055836422,4,0.0009331776333489916
2021-11-19 00:00:00-05:00,1186190.1783942273,1088997.155250459,4,-0.0005278282106270238
2021-11-26 00:00:00-05:00,1187953.15762779,1107967.7126586128,4,0.0014862534403625727
2021-12-03 00:00:00-05:00,1186783.9646309982,1118084.313801683,4,-0.0009842079961523975
2021-12-10 00:00:00-05:00,1189759.5566069314,1063916.881272001,4,0.0025072734925757345
2021-12-17 00:00:00-05:00,1190319.1673233812,1066255.36970833,4,0.0004703561432577441
2021-12-23 00:00:00-05:00,1191208.8574196452,1067636.717099821,4,0.0007474382675569657
2021-12-31 00:00:00-05:00,1192259.1346283548,1068247.3058510416,4,0.0008816902276773675
2022-01-07 00:00:00-05:00,1202973.2290984744,1068577.9884215945,4,0.008986380694377516
2022-01-14 00:00:00-05:00,1200795.7455895403,1042268.7976639726,4,-0.0018100847602119385
2022-01-21 00:00:00-05:00,1193401.4466774613,1059430.5090325028,4,-0.0061578323701078075
2022-01-28 00:00:00-05:00,1198057.8153786752,1014166.5715165231,4,0.0039017622395025597
2022-02-04 00:00:00-05:00,1200155.720976362,1014166.5715165231,4,0.0017510887794873753
2022-02-11 00:00:00-05:00,1197961.905363569,1014166.5715165231,4,-0.0018279424698389724
2022-02-18 00:00:00-05:00,1191739.483208723,1012000.1857691477,4,-0.005194173643574884
2022-02-25 00:00:00-05:00,1190408.2253351877,1012000.1857691477,4,-0.001117071215892551
2022-03-04 00:00:00-05:00,1187423.798495485,1008815.4050132768,4,-0.0025070616753025687
2022-03-11 00:00:00-05:00,1188687.1186016863,1003720.7669018572,4,0.0010639167816932638
2022-03-18 00:00:00-04:00,1200773.5109356707,1003720.7669018572,4,0.010167850012711588
2022-03-25 00:00:00-04:00,1205757.3177011735,943862.0895517595,4,0.00415049692561853
2022-04-01 00:00:00-04:00,1197551.0245148027,978627.0107780779,4,-0.006805924430976162
2022-04-08 00:00:00-04:00,1201843.8122444968,999504.185642324,4,0.003584638684964059
2022-04-14 00:00:00-04:00,1196779.832885244,1007970.1113886619,4,-0.004213508700265822
2022-04-22 00:00:00-04:00,1186696.6976258445,1003012.7262055564,4,-0.008425221567354257
2022-04-29 00:00:00-04:00,1180744.5928036706,949000.4817006126,4,-0.005015691738320283
2022-05-06 00:00:00-04:00,1187983.6135803733,946682.3349701439,4,0.006130894709001966
2022-05-13 00:00:00-04:00,1183261.3846107994,946682.3349701439,4,-0.003974995038308671
2022-05-20 00:00:00-04:00,1183285.3847185532,941116.7289396684,4,2.0283014442901148e-05
2022-05-27 00:00:00-04:00,1197131.8124777237,941116.7289396684,4,0.011701680708634754
2022-06-03 00:00:00-04:00,1193399.777809755,941116.7289396684,4,-0.003117480154707808
2022-06-10 00:00:00-04:00,1179808.68377556,941116.7289396684,4,-0.011388550833433708
2022-06-17 00:00:00-04:00,1158375.6628552587,937478.2409993323,4,-0.018166522432868093
2022-06-24 00:00:00-04:00,1165824.0452947463,927567.0442113723,4,0.006430023245764804
2022-07-01 00:00:00-04:00,1165896.6993322219,927567.0442113723,4,6.23198996185792e-05
2022-07-08 00:00:00-04:00,1166636.3223562087,927567.0442113723,4,0.0006343812658620163
2022-07-15 00:00:00-04:00,1163181.9770879592,927567.0442113723,4,-0.0029609443851987827
2022-07-22 00:00:00-04:00,1168891.8948399276,923039.8482701035,4,0.004908877427987068
2022-07-29 00:00:00-04:00,1180599.025088951,923039.8482701035,4,0.01001557996997371
2022-08-05 00:00:00-04:00,1175288.5164439469,957508.3826319962,4,-0.0044981475777552404
2022-08-12 00:00:00-04:00,1184661.4142078324,934126.5213016435,4,0.007974976044388571
2022-08-19 00:00:00-04:00,1180858.4673847123,934126.5213016435,4,-0.003210155051486252
2022-08-26 00:00:00-04:00,1176128.0961841508,934126.5213016435,4,-0.0040058748200688665
2022-09-02 00:00:00-04:00,1169031.9827666322,932638.5530104677,4,-0.006033452853087429
2022-09-09 00:00:00-04:00,1176745.6242883606,934186.2856653138,4,0.006598315217581252
2022-09-16 00:00:00-04:00,1169387.119115631,934186.2856653138,4,-0.006253267503908977
2022-09-23 00:00:00-04:00,1156798.19486026,934186.2856653138,4,-0.010765403560192843
2022-09-30 00:00:00-04:00,1153032.258396515,982924.4784168091,3,-0.0032554826593587105
2022-10-07 00:00:00-04:00,1159079.3968892975,925303.0319047852,4,0.005244552742342368
2022-10-14 00:00:00-04:00,1162347.0177102967,925303.0319047852,4,0.0028191518456532894
2022-10-21 00:00:00-04:00,1178364.9787622376,925303.0319047852,4,0.013780704736090499
2022-10-28 00:00:00-04:00,1188882.8106831359,959964.1213673401,4,0.008925784549322247
2022-11-04 00:00:00-04:00,1187951.374961731,977895.4699820251,4,-0.0007834546122083008
2022-11-11 00:00:00-05:00,1194848.4739049873,1020503.1439794502,4,0.00580587647661801
2022-11-18 00:00:00-05:00,1195130.3311411478,1076135.0353037454,4,0.00023589370729104608
2022-11-25 00:00:00-05:00,1196885.072680607,1103622.7097808267,4,0.0014682428298709027
2022-12-02 00:00:00-05:00,1198906.0434628641,1117608.8898678934,4,0.0016885253466574213
2022-12-09 00:00:00-05:00,1193010.986288426,1100135.0139487959,4,-0.00491703015977063
2022-12-16 00:00:00-05:00,1191627.5018492092,1052236.8315477718,4,-0.001159657752625498
2022-12-23 00:00:00-05:00,1197406.1768301358,1005464.3824709285,4,0.00484939712448651
2022-12-30 00:00:00-05:00,1199768.399517666,1009745.4757391323,4,0.001972783115069321
2023-01-06 00:00:00-05:00,1203029.517211758,1011861.6557806361,4,0.002718122677179302
2023-01-13 00:00:00-05:00,1204622.0862974513,1012913.1377310145,4,0.0013237988452554639
2023-01-20 00:00:00-05:00,1198215.8166159517,953626.0202845462,4,-0.0053180742362030076
2023-01-27 00:00:00-05:00,1199175.2519109803,950376.3556745608,4,0.0008007199385318131
2023-02-03 00:00:00-05:00,1197667.7435377198,950376.3556745608,4,-0.0012571209844918219
2023-02-10 00:00:00-05:00,1196902.7463572086,950555.3187334597,4,-0.0006387390698622264
2023-02-17 00:00:00-05:00,1192546.1358912052,950555.3187334597,4,-0.003639903475251338
2023-02-24 00:00:00-05:00,1187497.4580328525,950555.3187334597,4,-0.004233528336058612
2023-03-03 00:00:00-05:00,1189280.6457540477,950571.7384550059,4,0.0015016349796226347
2023-03-10 00:00:00-05:00,1176357.151085087,950571.7384550059,4,-0.010866648435842174
2023-03-17 00:00:00-04:00,1167613.0770562766,939505.9140428184,4,-0.007433179643397292
2023-03-24 00:00:00-04:00,1168831.684169081,934955.0499203474,4,0.0010436737449674993
2023-03-31 00:00:00-04:00,1177071.1692250045,934955.0499203474,4,0.0070493341064594706
2023-04-06 00:00:00-04:00,1178915.4552090438,934955.0499203474,4,0.0015668432226181306
2023-04-14 00:00:00-04:00,1185172.3771469863,934955.0499203474,4,0.005307354238419881
2023-04-21 00:00:00-04:00,1184130.134476927,934955.0499203474,4,-0.0008794017563656942
2023-04-28 00:00:00-04:00,1181558.6842644485,934955.0499203474,4,-0.0021715942679007005
2023-05-05 00:00:00-04:00,1173533.9304537298,933831.9878439428,4,-0.006791667580789085
2023-05-12 00:00:00-04:00,1169281.7944656108,933483.7274413797,4,-0.0036233600731723214
2023-05-19 00:00:00-04:00,1172163.015580723,933483.7274413797,4,0.002464094736400968
2023-05-26 00:00:00-04:00,1171497.6672225688,933483.7274413797,4,-0.0005676244253660645
2023-06-02 00:00:00-04:00,1176559.2672515605,933483.7274413797,4,0.0043206232249628496
2023-06-09 00:00:00-04:00,1180800.9436202738,933483.7274413797,4,0.0036051531671854598
2023-06-16 00:00:00-04:00,1182310.7872253153,933483.7274413797,4,0.0012786605678112295
2023-06-23 00:00:00-04:00,1174017.7919568215,966942.9245099222,4,-0.007014226173099658
2023-06-30 00:00:00-04:00,1176184.7976333466,967371.4891101687,4,0.0018458030971688633
2023-07-07 00:00:00-04:00,1172711.4052899934,981473.7219918824,4,-0.002953100865053071
2023-07-14 00:00:00-04:00,1174963.8886476136,989987.6993394471,4,0.0019207482313716717
2023-07-21 00:00:00-04:00,1184706.370286133,994076.6862155457,4,0.008291728565150258
2023-07-28 00:00:00-04:00,1183193.3019541742,1029913.177183056,4,-0.0012771673808027462
2023-08-04 00:00:00-04:00,1181019.3135593378,1030961.5577457391,4,-0.001837390721571741
2023-08-11 00:00:00-04:00,1184415.265268116,1029245.3549917031,4,0.002875441298706205
2023-08-18 00:00:00-04:00,1182519.6449399604,1029603.3466478005,4,-0.0016004693486675325
2023-08-25 00:00:00-04:00,1180059.26049844,1001205.5906890986,4,-0.0020806288098879078
2023-09-01 00:00:00-04:00,1182449.3630432244,1001205.5906890986,4,0.0020254089135955944
2023-09-08 00:00:00-04:00,1179685.6134761926,1001205.5906890986,4,-0.002337309024311063
2023-09-15 00:00:00-04:00,1179981.702729916,999862.0728375667,4,0.0002509899674463245
2023-09-22 00:00:00-04:00,1175059.2654855007,999862.0728375667,4,-0.004171621672630299
2023-09-29 00:00:00-04:00,1176215.6637780422,999862.0728375667,4,0.0009841191219097656
2023-10-06 00:00:00-04:00,1170833.640085827,997002.9400526393,4,-0.004575711630066093
2023-10-13 00:00:00-04:00,1170970.863303448,938758.9428684963,4,0.00011720129395231815
2023-10-20 00:00:00-04:00,1166701.0064569134,935386.363329472,4,-0.003646424501536183
2023-10-27 00:00:00-04:00,1154189.5865903515,935386.363329472,4,-0.010723758527094396
2023-11-03 00:00:00-04:00,1168204.2803348987,924814.6208347765,4,0.012142453811205156
2023-11-10 00:00:00-05:00,1161788.3956837147,924814.6208347765,4,-0.005492091374074359
2023-11-17 00:00:00-05:00,1170535.7434524982,924814.6208347765,4,0.0075292091066512246
2023-11-24 00:00:00-05:00,1172152.4454457462,959137.9946629702,4,0.001381164139831803
2023-12-01 00:00:00-05:00,1168909.4304258446,976156.5706884485,4,-0.0027667177870096538
2023-12-08 00:00:00-05:00,1167647.3255995908,982700.1800250211,4,-0.0010797285002602797
2023-12-15 00:00:00-05:00,1166290.4256835543,987151.4722228608,4,-0.0011620802671215014
2023-12-22 00:00:00-05:00,1170718.9732197481,984982.4527558045,4,0.0037971224308031015
2023-12-29 00:00:00-05:00,1170850.4698101524,986192.014707232,4,0.0001123212260263351
2024-01-05 00:00:00-05:00,1174361.432533896,986801.1375910401,4,0.0029986431352868603
2024-01-12 00:00:00-05:00,1171065.058407046,987096.1822511925,4,-0.0028069502586930417
2024-01-19 00:00:00-05:00,1168684.359998118,987252.3358701577,4,-0.0020329343718669124
2024-01-26 00:00:00-05:00,1175778.738594771,927780.1282927996,4,0.006070397482400125
2024-02-02 00:00:00-05:00,1176752.526752364,929925.7396353594,4,0.0008282069794498526
2024-02-09 00:00:00-05:00,1178169.0132426135,929925.7396353594,4,0.0012037250467258342
2024-02-16 00:00:00-05:00,1182927.737080962,963354.5161661211,4,0.004039084193235842
2024-02-23 00:00:00-05:00,1183397.4043372027,980389.044176375,4,0.0003970379943916136
2024-03-01 00:00:00-05:00,1181113.1305120531,989141.9025819842,4,-0.0019302677332040385
2024-03-08 00:00:00-05:00,1183479.3837494343,993615.6342110125,4,0.0020034094755640997
2024-03-15 00:00:00-04:00,1187053.8197073047,995629.3684305254,4,0.003020277333894983
2024-03-22 00:00:00-04:00,1188446.5404295183,996852.5340551592,4,0.0011732582795251911
2024-03-28 00:00:00-04:00,1191336.8476475244,1031048.843382693,4,0.002432004402117771
2024-04-05 00:00:00-04:00,1190216.4634953334,1048739.9918404415,4,-0.0009404427928200176
2024-04-12 00:00:00-04:00,1187083.7704872082,1057208.8472789715,4,-0.0026320363599453556
2024-04-19 00:00:00-04:00,1189612.2507037208,1001860.656686692,4,0.002129993079995396
2024-04-26 00:00:00-04:00,1192101.795511155,1001860.656686692,4,0.002092736356708924
2024-05-03 00:00:00-04:00,1195465.7882449196,1036244.0733248757,4,0.002821900567914426
2024-05-10 00:00:00-04:00,1200050.2489420937,1036244.0733248757,4,0.0038348740233751233
2024-05-17 00:00:00-04:00,1202741.6778807838,1053428.529138108,4,0.0022427635351625064
2024-05-24 00:00:00-04:00,1203704.6132687842,1061942.649195603,4,0.000800616961821099
2024-05-31 00:00:00-04:00,1203918.1588963782,1061942.649195603,4,0.00017740700271473564
2024-06-07 00:00:00-04:00,1203616.8693413856,1066190.0268387916,4,-0.00025025750526841417
2024-06-14 00:00:00-04:00,1200169.9769768836,1066190.0268387916,4,-0.002863778709240039
2024-06-21 00:00:00-04:00,1202081.1405162513,1010171.7037372291,4,0.0015924107218394656
2024-06-28 00:00:00-04:00,1203552.3586864173,1010171.7037372291,4,0.0012238925648015986
2024-07-05 00:00:00-04:00,1203958.034749955,1010171.7037372291,4,0.000337065571439199
2024-07-12 00:00:00-04:00,1208469.008172959,1010171.7037372291,4,0.0037467862606532787
2024-07-19 00:00:00-04:00,1213382.4343489616,1044796.7140120475,4,0.004065827210108619
2024-07-26 00:00:00-04:00,1213742.6785773092,1097551.1996725851,4,0.0002968925691930746
2024-08-02 00:00:00-04:00,1209002.1602991454,1124390.287206494,4,-0.0039057028823609174
2024-08-09 00:00:00-04:00,1207934.2979574248,1078651.8314962431,4,-0.0008832592503030812
2024-08-16 00:00:00-04:00,1209979.6082515493,1026627.2372226492,4,0.0016932297539551389
2024-08-23 00:00:00-04:00,1212761.8971233144,1026627.2372226492,4,0.0022994510426384007
2024-08-30 00:00:00-04:00,1214728.2583331838,1026627.2372226492,4,0.0016213909874094323
2024-09-06 00:00:00-04:00,1207111.263017632,1026627.2372226492,4,-0.006270534387669224
2024-09-13 00:00:00-04:00,1209198.1439105459,1023101.8592120596,4,0.0017288223189111385
2024-09-20 00:00:00-04:00,1215322.0581905143,963061.2462169424,4,0.0050644423420662665
2024-09-27 00:00:00-04:00,1213425.0688754814,963061.2462169424,4,-0.0015608943343440318
2024-10-04 00:00:00-04:00,1216387.5413295524,963061.2462169424,4,0.0024414135903887413
2024-10-11 00:00:00-04:00,1220650.3186427848,963061.2462169424,4,0.0035044565719350995
2024-10-18 00:00:00-04:00,1221704.0752078788,963061.2462169424,4,0.0008632747224983639
2024-10-25 00:00:00-04:00,1217949.0132304924,963061.2462169424,4,-0.003073626464532797
2024-11-01 00:00:00-04:00,1217708.2420093315,963061.2462169424,4,-0.00019768579681533893
2024-11-08 00:00:00-05:00,1224343.2823611991,963061.2462169424,4,0.005448793169798405
2024-11-15 00:00:00-05:00,1223984.1469312538,995602.8310495248,4,-0.0002933290320772386
2024-11-22 00:00:00-05:00,1227424.6135824209,1045067.0193098073,4,0.002810875173336891
2024-11-29 00:00:00-05:00,1229705.9748133018,1072385.721586068,4,0.0018586569029461764
2024-12-06 00:00:00-05:00,1226396.0642531365,1085995.6670630425,4,-0.002691627615022174
2024-12-13 00:00:00-05:00,1224190.7156797112,1088369.2616735161,4,-0.0017982352012588798
2024-12-20 00:00:00-05:00,1220875.6403856059,1037607.0171136636,4,-0.0027079729094863225
2024-12-27 00:00:00-05:00,1222503.509061883,973317.8417111139,4,0.001333361582808612
2025-01-03 00:00:00-05:00,1224331.3954678278,973317.8417111139,4,0.0014951993122274132
2025-01-10 00:00:00-05:00,1225876.8969288568,973317.8417111139,4,0.0012623228210515425
2025-01-17 00:00:00-05:00,1233725.2266674738,973317.8417111139,4,0.006402216860664556
2025-01-24 00:00:00-05:00,1231138.0853749018,973317.8417111139,4,-0.0020970157995069405
2025-01-31 00:00:00-05:00,1229881.6176853876,973317.8417111139,4,-0.0010205741374100796
2025-02-07 00:00:00-05:00,1231274.5601490717,975473.9427288751,4,0.0011325825540067225
2025-02-14 00:00:00-05:00,1232880.9542759638,975473.9427288751,4,0.0013046595608192657
2025-02-21 00:00:00-05:00,1232385.7650555354,975473.9427288751,4,-0.00040165209683140635
2025-02-28 00:00:00-05:00,1239735.9636083154,975700.8042378931,4,0.005964202736834512
2025-03-07 00:00:00-05:00,1231017.2676015405,975700.8042378931,4,-0.007032703948830155
2025-03-14 00:00:00-04:00,1230415.0736034822,971306.6185863924,4,-0.0004891840381991974
2025-03-21 00:00:00-04:00,1238359.1771419954,971306.6185863924,4,0.006456441983636818
2025-03-28 00:00:00-04:00,1235005.8696011018,971306.6185863924,4,-0.0027078634396142665
2025-04-04 00:00:00-04:00,1205341.7136788624,972662.3956208486,4,-0.02401944529366551
2025-04-11 00:00:00-04:00,1208609.480989341,1024213.2580775062,3,0.0027110712865854314
2025-04-17 00:00:00-04:00,1211987.9547392647,963734.6945616524,4,0.0027953394401294407
2025-04-25 00:00:00-04:00,1219966.7389609138,963734.6945616524,4,0.006583220724636352
2025-05-02 00:00:00-04:00,1225475.5114831154,998442.3073243324,4,0.0045155104203034035
2025-05-09 00:00:00-04:00,1218667.4735693734,1016399.4979452889,4,-0.005555425506220568
2025-05-16 00:00:00-04:00,1222355.4613898536,1024080.7538245461,4,0.0030262462078178842
2025-05-23 00:00:00-04:00,1220466.6913424674,1028954.7708865349,4,-0.0015451888644884004
2025-05-30 00:00:00-04:00,1220990.6864077444,1031712.8698717948,4,0.00042933991479987554
2025-06-06 00:00:00-04:00,1220957.6773204794,1032926.9453067771,4,-2.7034675720627455e-05
2025-06-13 00:00:00-04:00,1226044.109261756,1033549.1831104804,4,0.004165936326670616
2025-06-20 00:00:00-04:00,1225810.690636783,1033854.2138682891,4,-0.00019038354591804918
2025-06-27 00:00:00-04:00,1223921.8450909797,1033989.1220036689,4,-0.0015408949850339582
2025-07-03 00:00:00-04:00,1229162.0827054665,1034082.2629766151,4,0.004281513264515091
2025-07-11 00:00:00-04:00,1231921.3729741317,1034130.6223561508,4,0.00224485469206126
2025-07-18 00:00:00-04:00,1228663.2683884269,1100141.5494724875,4,-0.0026447341990983864
2025-07-25 00:00:00-04:00,1232096.0440079337,1100141.5494724875,4,0.0027939108361312304
2025-08-01 00:00:00-04:00,1228428.863544448,1117540.1811694938,4,-0.0029763754873820547
2025-08-08 00:00:00-04:00,1231043.429012237,1027297.8705901483,4,0.002128381663261125
2025-08-15 00:00:00-04:00,1235358.6423810876,1036082.4660867609,4,0.0035053299235050517
2025-08-22 00:00:00-04:00,1242322.2541697382,1040518.4011385797,4,0.0056369151028308195
2025-08-29 00:00:00-04:00,1242925.3361393427,1042706.2713505243,4,0.0004854472883990546
2025-09-05 00:00:00-04:00,1241836.9766717674,1043816.9426637414,4,-0.0008756434806903579
2025-09-12 00:00:00-04:00,1239526.7074740748,1044424.1860698083,4,-0.0018603643160025607
2025-09-19 00:00:00-04:00,1241958.594865928,1045048.5912190775,4,0.001961948360764909
2025-09-26 00:00:00-04:00,1242125.2836203072,1080461.9612631295,4,0.0001342144215341623
2025-10-03 00:00:00-04:00,1250263.2324194405,1080461.9612631295,4,0.006551632839655541
2025-10-10 00:00:00-04:00,1240947.7220282052,1080461.9612631295,4,-0.007450839271029741
2025-10-17 00:00:00-04:00,1245507.3690628195,991494.5521072531,4,0.0036743264471785775
2025-10-24 00:00:00-04:00,1248769.6812652731,991494.5521072531,4,0.0026192636699600147
2025-10-31 00:00:00-04:00,1248637.720758834,991494.5521072531,4,-0.00010567241375170067
2025-11-07 00:00:00-05:00,1250394.77782582,990893.3292364951,4,0.0014071792304322095
2025-11-14 00:00:00-05:00,1253614.0311064597,990893.3292364951,4,0.0025745895118318707
2025-11-21 00:00:00-05:00,1249103.4334235068,990893.3292364951,4,-0.003598075301511905
2025-11-28 00:00:00-05:00,1255306.3459105368,990893.3292364951,4,0.004965891791706367
2025-12-05 00:00:00-05:00,1255078.419446456,990893.3292364951,4,-0.00018157039102317807
2025-12-12 00:00:00-05:00,1255514.6700072165,990893.3292364951,4,0.0003475882893062554
2025-12-19 00:00:00-05:00,1252408.3538565512,990893.3292364951,4,-0.002474137678253885
2025-12-26 00:00:00-05:00,1254633.0225617515,990473.1282364952,4,0.0017763125727721096
2026-01-02 00:00:00-05:00,1256983.9992366019,1026442.0920939628,4,0.0018738361198640252
2026-01-09 00:00:00-05:00,1260617.525740203,1044328.1883378593,4,0.0028906704507041248
2026-01-16 00:00:00-05:00,1261578.1012074272,1053255.2520939629,4,0.0007619880317466521
2026-01-23 00:00:00-05:00,1259446.5195058892,998677.5583662102,4,-0.001689615331383787
2026-01-30 00:00:00-05:00,1267639.3067440789,998073.5771946709,4,0.006505069577233069
2026-02-06 00:00:00-05:00,1278034.7564267265,1035362.150008117,4,0.008200636906209757
