date,portfolio_value,cash,num_positions,deployed_pct,returns
2016-02-12 00:00:00-05:00,1000000.0,1000000.0,0,0.0,
2016-02-19 00:00:00-05:00,1015622.0768808023,49153.33214508448,4,0.9516027336703381,0.015622076880802194
2016-02-26 00:00:00-05:00,1029221.2817567483,49153.33214508448,4,0.9522422116445298,0.013390024877868223
2016-03-04 00:00:00-05:00,1072139.9476922648,49153.33214508448,4,0.9541539961729018,0.04170013455440791
2016-03-11 00:00:00-05:00,1085307.6531404154,49153.33214508448,4,0.9547102316998726,0.012281703966439794
2016-03-18 00:00:00-04:00,1093831.5063661234,49153.33214508448,4,0.9550631593083477,0.00785385895054147
2016-03-24 00:00:00-04:00,1081121.0914758341,49153.33214508448,4,0.9545348504134856,-0.011620084826880928
2016-04-01 00:00:00-04:00,1085423.8422654765,49153.33214508448,4,0.9547150797401939,0.003979897185955927
2016-04-08 00:00:00-04:00,1053807.1855729716,49153.33214508448,4,0.9533564272306997,-0.02912839709372439
2016-04-15 00:00:00-04:00,1075726.0062464334,52249.65572916047,6,0.9514284720962758,0.020799650043707096
2016-04-22 00:00:00-04:00,1100866.6833971597,52249.65572916047,6,0.9525377082282812,0.023370892778218133
2016-04-29 00:00:00-04:00,1089809.3158644277,114710.03780351463,8,0.894743019596481,-0.01004423850725511
2016-05-06 00:00:00-04:00,1082409.0532320577,114710.03780351463,8,0.8940233939646087,-0.006790419685943072
2016-05-13 00:00:00-04:00,1071968.455014803,199894.3824325582,8,0.8135258724289626,-0.009645704815641754
2016-05-20 00:00:00-04:00,1082576.4158397694,199894.3824325582,8,0.8153530970120965,0.009895777040211495
2016-05-27 00:00:00-04:00,1102141.1356502553,199894.3824325582,8,0.8186308668039851,0.018072368402104244
2016-06-03 00:00:00-04:00,1091951.996018984,199894.3824325582,8,0.8169384889067202,-0.009244859212391043
2016-06-10 00:00:00-04:00,1090760.4868293782,199894.3824325582,8,0.8167385188167101,-0.0010911735991597782
2016-06-17 00:00:00-04:00,1076912.0232297936,199328.41301174558,8,0.8149074309580696,-0.012696154441603658
2016-06-24 00:00:00-04:00,1065584.0368162347,254316.7262693597,8,0.7613358332307507,-0.010518952494916856
2016-07-01 00:00:00-04:00,1091648.6294309732,239325.88367100921,8,0.780766560577501,0.024460382019811933
2016-07-08 00:00:00-04:00,1096087.7601511118,239325.88367100921,8,0.7816544510651093,0.004066446474130014
2016-07-15 00:00:00-04:00,1112304.1704065439,239325.88367100921,8,0.78483773590138,0.014794810091845578
2016-07-22 00:00:00-04:00,1114197.0542881128,239325.88367100921,8,0.7852032701487258,0.0017017682140640922
2016-07-29 00:00:00-04:00,1108142.5385944482,239325.88367100921,8,0.7840296935315139,-0.005433972088117689
2016-08-05 00:00:00-04:00,1111214.4026152154,239203.46123662198,8,0.7847368962518281,0.002772083837394579
2016-08-12 00:00:00-04:00,1111222.543838383,237809.13569247833,8,0.7859932404979487,7.3264197695266375e-06
2016-08-19 00:00:00-04:00,1116567.4420164835,237809.13569247833,8,0.787017669740573,0.004809925975437945
2016-08-26 00:00:00-04:00,1117299.2639100533,239202.92390608613,8,0.78590970957147,0.0006554211291063261
2016-09-02 00:00:00-04:00,1129467.967727154,273083.64043185057,8,0.758219225126516,0.010891176795835067
2016-09-09 00:00:00-04:00,1112594.6237444575,273083.64043185057,8,0.754552435717528,-0.014939196564069945
2016-09-16 00:00:00-04:00,1097686.9202649214,316437.9705426313,8,0.7117229287324836,-0.013399043246644426
2016-09-23 00:00:00-04:00,1102530.1206249334,300204.86324540153,8,0.7277127784270963,0.00441218736472071
2016-09-30 00:00:00-04:00,1102466.883547968,282276.41007155814,8,0.7439592841436344,-5.73563259473886e-05
2016-10-07 00:00:00-04:00,1106625.3745300237,282276.41007155814,8,0.7449214372194936,0.0037719872080625994
2016-10-14 00:00:00-04:00,1100509.7615329686,282276.41007155814,8,0.7435039470450878,-0.005526362523227246
2016-10-21 00:00:00-04:00,1101563.4516536656,282276.41007155814,8,0.7437492959231671,0.0009574564056835655
2016-10-28 00:00:00-04:00,1104246.5686825316,237857.978726248,8,0.7845970406681593,0.0024357353403818838
2016-11-04 00:00:00-04:00,1089097.04006658,237857.978726248,8,0.7816007481650056,-0.013719335015934253
2016-11-11 00:00:00-05:00,1156987.4607659094,320989.2896996253,8,0.722564590728464,0.06233642935544026
2016-11-18 00:00:00-05:00,1163634.3309992307,365788.05862793856,10,0.6856503380114002,0.005744980355207208
2016-11-25 00:00:00-05:00,1177821.595448541,334100.92459206516,10,0.7163399568464933,0.012192201683433934
2016-12-02 00:00:00-05:00,1185913.4673262113,334100.92459206516,10,0.7182754612397336,0.0068702016578230385
2016-12-09 00:00:00-05:00,1216679.136989587,370308.5210227902,10,0.6956399515988746,0.02594259236531027
2016-12-16 00:00:00-05:00,1222153.1731363537,401342.8275152448,10,0.6716100433750889,0.004499161677343322
2016-12-23 00:00:00-05:00,1225529.7055174115,401342.8275152448,10,0.6725148107725385,0.0027627734847610608
2016-12-30 00:00:00-05:00,1217690.2714623502,423173.93677988555,10,0.6524781820982384,-0.006396771958906977
2017-01-06 00:00:00-05:00,1225219.871186166,423173.93677988555,10,0.6546138805517411,0.006183509797424547
2017-01-13 00:00:00-05:00,1218025.3404320767,423173.93677988555,10,0.6525737825538418,-0.005872032378257286
2017-01-20 00:00:00-05:00,1207869.7764151776,391716.48166305665,10,0.6756964291087509,-0.008337728025671898
2017-01-27 00:00:00-05:00,1211091.983857343,415623.34426040394,10,0.6568193417178451,0.002667677844981453
2017-02-03 00:00:00-05:00,1210489.1843542457,398026.14551490534,10,0.671185706853516,-0.0004977322211128232
2017-02-10 00:00:00-05:00,1209987.4032396674,398026.14551490534,10,0.6710493477459231,-0.00041452754891480037
2017-02-17 00:00:00-05:00,1227986.191014707,398026.14551490534,10,0.6758708294708028,0.014875186077845992
2017-02-24 00:00:00-05:00,1233080.4360886835,300821.4959470057,10,0.7560406546541214,0.004148454690493741
2017-03-03 00:00:00-05:00,1252471.0092431712,319271.770359199,10,0.7450864986071615,0.015725310845085216
2017-03-10 00:00:00-05:00,1242360.8009178843,368237.47359778546,10,0.7035986057144404,-0.008072209456884916
2017-03-17 00:00:00-04:00,1238951.0768273082,368237.47359778546,10,0.7027828778027589,-0.0027445522170830294
2017-03-24 00:00:00-04:00,1218489.4647861705,379118.95251810405,10,0.6888615261153409,-0.01651527039593481
2017-03-31 00:00:00-04:00,1218909.1841290202,205610.2228749003,10,0.8313162083344048,0.0003444587376251196
2017-04-07 00:00:00-04:00,1214818.9392034067,250941.6804429545,10,0.793432854605062,-0.0033556601089491656
2017-04-13 00:00:00-04:00,1191619.009626533,250941.6804429545,10,0.7894111470061203,-0.019097438168099945
2017-04-21 00:00:00-04:00,1191693.6407932066,291693.8946937346,10,0.7552274471318153,6.263005714979286e-05
2017-04-28 00:00:00-04:00,1203496.0534263127,314862.8573108191,10,0.7383764937039758,0.00990389830833549
2017-05-05 00:00:00-04:00,1208459.596509275,320182.6228573889,10,0.7350489633395605,0.00412427034457763
2017-05-12 00:00:00-04:00,1202625.301297483,320182.6228573889,10,0.7337636065764194,-0.004827877761610533
2017-05-19 00:00:00-04:00,1192315.2572716041,337098.75185282656,9,0.7172738084185759,-0.00857294787890761
2017-05-26 00:00:00-04:00,1190603.5770885826,345120.0348484397,10,0.7101301881753356,-0.0014355936255805446
2017-06-02 00:00:00-04:00,1180627.4801323295,345120.0348484397,10,0.7076808386589839,-0.008379024847756544
2017-06-09 00:00:00-04:00,1212275.2422078988,223282.13192881542,10,0.8158156463525932,0.026805882980143858
2017-06-16 00:00:00-04:00,1213322.775702848,223282.13192881542,10,0.8159746636261126,0.0008641053273030774
2017-06-23 00:00:00-04:00,1200627.1194623848,223282.13192881542,10,0.8140287452204175,-0.010463543992330515
2017-06-30 00:00:00-04:00,1226029.1777624032,223282.13192881542,10,0.8178818775452618,0.021157325108059233
2017-07-07 00:00:00-04:00,1234639.2930479562,243023.21564393383,10,0.8031625779186227,0.007022765397204589
2017-07-14 00:00:00-04:00,1226470.4378443277,243023.21564393383,10,0.8018515504775826,-0.006616390106508052
2017-07-21 00:00:00-04:00,1218130.9638243234,243023.21564393383,10,0.8004950018830798,-0.00679957197717862
2017-07-28 00:00:00-04:00,1227554.995373777,243023.21564393383,10,0.8020266166812869,0.0077364682692795395
2017-08-04 00:00:00-04:00,1247663.818924955,243023.21564393383,10,0.8052173895261835,0.01638119972380947
2017-08-11 00:00:00-04:00,1224891.4581633126,243023.21564393383,10,0.8015961218242638,-0.018252000592005713
2017-08-18 00:00:00-04:00,1215182.3860029466,284340.33614103857,9,0.7660101566512099,-0.007926475522104126
2017-08-25 00:00:00-04:00,1224540.5018961197,358178.72134802403,9,0.707499489977336,0.007700996986925057
2017-09-01 00:00:00-04:00,1226170.8036539322,358178.72134802403,9,0.7078883950909057,0.001331357970837388
2017-09-08 00:00:00-04:00,1212683.8722619186,363931.4613389145,9,0.6998958511255672,-0.010999227311417892
2017-09-15 00:00:00-04:00,1244255.9013188798,332234.33744749613,9,0.7329855240426538,0.026034838740019328
2017-09-22 00:00:00-04:00,1268308.1420701463,332234.33744749613,9,0.7380491960690092,0.019330622202210712
2017-09-29 00:00:00-04:00,1274447.561126085,332234.33744749613,9,0.7393110963671677,0.00484063679187452
2017-10-06 00:00:00-04:00,1283694.2995160539,332234.33744749613,9,0.7411888970974267,0.007255487532024096
2017-10-13 00:00:00-04:00,1277329.0254033525,332234.33744749613,9,0.7398991717560134,-0.004958559148467878
2017-10-20 00:00:00-04:00,1298265.4880212266,332234.33744749613,9,0.7440936846023098,0.01639081411405563
2017-10-27 00:00:00-04:00,1297734.8675874192,332234.33744749613,9,0.7439890491151376,-0.00040871488821303537
2017-11-03 00:00:00-04:00,1294866.658574434,332234.33744749613,9,0.7434219691676477,-0.002210165639085715
2017-11-10 00:00:00-05:00,1271593.4898713548,332234.33744749613,9,0.7387259842914832,-0.017973409500482096
2017-11-17 00:00:00-05:00,1269005.730361265,365252.02376298304,9,0.7121746458473424,-0.002035052499640977
2017-11-24 00:00:00-05:00,1277096.533763212,365252.02376298304,9,0.7139981089082613,0.006375702810769601
2017-12-01 00:00:00-05:00,1322011.7571671426,365252.02376298304,9,0.7237149958895531,0.03516979509104079
2017-12-08 00:00:00-05:00,1330729.9052211663,380927.7848522088,10,0.7137452285714592,0.006594607050020018
2017-12-15 00:00:00-05:00,1341945.1690441796,429934.6576496789,10,0.6796183126051967,0.008427903948810211
2017-12-22 00:00:00-05:00,1353543.9962612817,429934.6576496789,10,0.6823637363563864,0.008643294439044436
2017-12-29 00:00:00-05:00,1349403.5899292657,429934.6576496789,10,0.6813891256416358,-0.0030589373847118573
2018-01-05 00:00:00-05:00,1369008.455045385,429934.6576496789,10,0.6859517879051917,0.014528540803087076
2018-01-12 00:00:00-05:00,1382378.045752077,532281.1386399552,10,0.6149525520348018,0.00976589345187695
2018-01-19 00:00:00-05:00,1387582.7161755846,532281.1386399552,10,0.6163968227371605,0.0037650123564252347
2018-01-26 00:00:00-05:00,1411672.566040285,569883.5173437669,10,0.5963061611785235,0.017361018974851428
2018-02-02 00:00:00-05:00,1380287.261670183,643780.0774985062,10,0.5335897857091604,-0.022232708295902626
2018-02-09 00:00:00-05:00,1305782.8707862832,287608.5233226755,9,0.7797424596713459,-0.053977453065637615
2018-02-16 00:00:00-05:00,1346532.529618599,64388.09071097561,5,0.9521822983888748,0.03120707105598508
2018-02-23 00:00:00-05:00,1333351.785161354,64388.09071097561,5,0.9517096002513816,-0.009788656543617491
2018-03-02 00:00:00-05:00,1319098.3076146622,64388.09071097561,5,0.9511877997725512,-0.010689960223038253
2018-03-09 00:00:00-05:00,1361666.5395616074,64388.09071097561,5,0.9527137600577997,0.03227070469366433
2018-03-16 00:00:00-04:00,1332720.859078743,64388.09071097561,5,0.9516867389953777,-0.02125753967060362
2018-03-23 00:00:00-04:00,1255326.0606236954,66493.48416381075,8,0.9470309059538092,-0.05807277490092533
2018-03-29 00:00:00-04:00,1285795.7909356994,62088.1285783691,6,0.9517122944280396,0.024272363386501628
2018-04-06 00:00:00-04:00,1277265.2732507628,62088.1285783691,6,0.9513897935858314,-0.006634426512415859
2018-04-13 00:00:00-04:00,1290380.1866056365,62088.1285783691,6,0.9518838484790341,0.010267963616903852
2018-04-20 00:00:00-04:00,1311912.0557519835,62088.1285783691,6,0.9526735589431105,0.016686453628048215
2018-04-27 00:00:00-04:00,1332154.538444702,62088.1285783691,6,0.9533926982293982,0.01542975583154882
2018-05-04 00:00:00-04:00,1305791.0333825988,62088.1285783691,6,0.9524517116513411,-0.019790125170374595
2018-05-11 00:00:00-04:00,1349447.382149931,124870.15832829088,8,0.9074657078297129,0.033432875284985064
2018-05-18 00:00:00-04:00,1333030.3799297772,124870.15832829088,8,0.9063260971330085,-0.01216572238185265
2018-05-25 00:00:00-04:00,1323300.0815460645,124870.15832829088,8,0.9056373077658999,-0.0072993823173221895
2018-06-01 00:00:00-04:00,1317219.198494505,282592.84170205495,8,0.7854625547326974,-0.004595241197638988
2018-06-08 00:00:00-04:00,1338000.8971162548,282592.84170205495,8,0.7887947292777477,0.01577694786524675
2018-06-15 00:00:00-04:00,1316364.1617131939,282592.84170205495,8,0.7853232031672208,-0.016170942373576747
2018-06-22 00:00:00-04:00,1308049.6894508647,272873.5543762493,8,0.7913889995334925,-0.0063162402199617995
2018-06-29 00:00:00-04:00,1307989.4004103108,366174.9413668079,10,0.72004747037557,-4.6090787712449455e-05
2018-07-06 00:00:00-04:00,1311810.512461321,366174.9413668079,10,0.7208629311258057,0.002921363162279089
2018-07-13 00:00:00-04:00,1320183.3695761128,366174.9413668079,10,0.7226332721609877,0.006382672676621626
2018-07-20 00:00:00-04:00,1338069.709261553,366174.9413668079,10,0.7263409082260066,0.013548375246677402
2018-07-27 00:00:00-04:00,1364119.474072115,366174.9413668079,10,0.7315668104394719,0.019468167189090835
2018-08-03 00:00:00-04:00,1372568.4181467458,366174.9413668079,10,0.7332191703338033,0.006193698011955906
2018-08-10 00:00:00-04:00,1374375.9048963948,366174.9413668079,10,0.733570022537312,0.001316864591777156
2018-08-17 00:00:00-04:00,1377630.2720266744,366174.9413668079,10,0.734199408359315,0.002367887212432418
2018-08-24 00:00:00-04:00,1380681.3620062084,297121.64855673024,10,0.7848007101906586,0.0022147379028232272
2018-08-31 00:00:00-04:00,1379470.56517317,297121.64855673024,10,0.7846118242331387,-0.0008769560206700611
2018-09-07 00:00:00-04:00,1378411.4514398784,297121.64855673024,10,0.7844463289634171,-0.000767768272865399
2018-09-14 00:00:00-04:00,1370386.601204893,297121.64855673024,10,0.7831840676963054,-0.005821810480900025
2018-09-21 00:00:00-04:00,1389134.5998997707,427407.9976639766,10,0.6923206738246854,0.013680809983397157
2018-09-28 00:00:00-04:00,1366499.7378716487,427407.9976639766,10,0.6872242373572107,-0.016294218018725548
2018-10-05 00:00:00-04:00,1383635.158177435,464067.7676420802,10,0.6646025038469217,0.012539644048871201
2018-10-12 00:00:00-04:00,1341181.5007219906,464067.7676420802,10,0.6539858569535434,-0.03068269637739296
2018-10-19 00:00:00-04:00,1352455.8761614743,66210.33662213726,9,0.9510443647078123,0.008406301036373076
2018-10-26 00:00:00-04:00,1294082.3246115628,66210.33662213726,9,0.948836070655697,-0.04316115045141933
2018-11-02 00:00:00-04:00,1343544.705915661,64161.86551877996,9,0.9522443389964818,0.03822197426191187
2018-11-09 00:00:00-05:00,1372712.1779524577,85641.1291662943,9,0.9376117364282169,0.02170934238985245
2018-11-16 00:00:00-05:00,1357637.8392969859,85641.1291662943,9,0.9369190172169618,-0.010981427059208237
2018-11-23 00:00:00-05:00,1319452.3566653025,85641.1291662943,9,0.9350934281683818,-0.028126413043596865
2018-11-30 00:00:00-05:00,1381844.1017528288,65581.94531972331,8,0.9525402719188549,0.04728609166700881
2018-12-07 00:00:00-05:00,1302692.3049464934,65581.94531972331,8,0.9496566111040189,-0.057279831137198256
2018-12-14 00:00:00-05:00,1263997.3191368696,64556.553138029325,8,0.9489266692574061,-0.02970385689904964
2018-12-21 00:00:00-05:00,1201522.9607584402,160338.93799995637,8,0.8665535797179064,-0.04942602126805973
2018-12-28 00:00:00-05:00,1230930.956228388,59414.223558557685,7,0.9517322858297391,0.02447560007624361
2019-01-04 00:00:00-05:00,1260733.6251393682,59414.223558557685,7,0.9528732934746705,0.02421148705390963
2019-01-11 00:00:00-05:00,1269522.8080655462,59414.223558557685,7,0.9531995619290283,0.006971482913534777
2019-01-18 00:00:00-05:00,1325603.8812772161,59414.223558557685,7,0.9551795039244211,0.0441749237236031
2019-01-25 00:00:00-05:00,1313487.1153011876,140137.8930378515,7,0.8933085133418174,-0.009140563140441316
2019-02-01 00:00:00-05:00,1326868.415990225,148028.1551545774,8,0.888437954079941,0.010187614734210149
2019-02-08 00:00:00-05:00,1303489.8309627438,198012.20005377784,8,0.8480907212697409,-0.017619369596670986
2019-02-15 00:00:00-05:00,1340720.3209834958,198012.20005377784,8,0.8523090931384374,0.028562163767134274
2019-02-22 00:00:00-05:00,1339327.8560291196,198012.20005377784,8,0.8521555426758236,-0.0010385946513846722
2019-03-01 00:00:00-05:00,1350403.334596243,198012.20005377784,8,0.8533681049351219,0.00826943045891726
2019-03-08 00:00:00-05:00,1331254.8487487698,198012.20005377784,8,0.8512589830265129,-0.014179827135274659
2019-03-15 00:00:00-04:00,1356376.1159385014,263950.4532607366,8,0.8054002498576109,0.018870366717043563
2019-03-22 00:00:00-04:00,1320629.6540931035,263950.4532607366,8,0.800132874161458,-0.026354387566507875
2019-03-29 00:00:00-04:00,1327603.6807515621,366625.19568228733,8,0.723844396488311,0.005280834514690413
2019-04-05 00:00:00-04:00,1354241.5824124813,366625.19568228733,8,0.7292763710377497,0.020064648845986355
2019-04-12 00:00:00-04:00,1358521.298437361,415467.6957361738,10,0.6941765313403143,0.003160230848365808
2019-04-18 00:00:00-04:00,1358103.9440272544,319135.06413490506,9,0.765014257164619,-0.00030721226865315643
2019-04-26 00:00:00-04:00,1361125.7318665793,327509.5206754019,9,0.7593833449711719,0.0022250048331089456
2019-05-03 00:00:00-04:00,1366254.269662142,332906.1309921744,9,0.7563366216784099,0.0037678648456154207
2019-05-10 00:00:00-04:00,1350547.5815844443,396271.4505896475,9,0.7065846061308353,-0.011496167606913965
2019-05-17 00:00:00-04:00,1336006.5507082846,396271.4505896475,9,0.7033910871323468,-0.010766766809578332
2019-05-24 00:00:00-04:00,1329903.3072013268,244754.79979509197,9,0.815960454816705,-0.00456827363886958
2019-05-31 00:00:00-04:00,1291015.2258370765,334074.9199822792,8,0.7412308443026536,-0.029241284801439504
2019-06-07 00:00:00-04:00,1345492.4887774778,64001.265972454596,8,0.9524328329542691,0.042197227306191465
2019-06-14 00:00:00-04:00,1350085.453775723,64001.265972454596,8,0.9525946555505319,0.0034135939342316846
2019-06-21 00:00:00-04:00,1371295.1284716916,64001.265972454596,8,0.9533278689294375,0.015709875724275513
2019-06-28 00:00:00-04:00,1380598.4613440824,64001.265972454596,8,0.9536423748363836,0.006784340350395102
2019-07-05 00:00:00-04:00,1390439.6554797483,64001.265972454596,8,0.9539704828467569,0.007128208824805471
2019-07-12 00:00:00-04:00,1393009.5561984372,64001.265972454596,8,0.9540554006340661,0.001848264833760327
2019-07-19 00:00:00-04:00,1369799.2950900388,64001.265972454596,8,0.9532769025346537,-0.016661953972333055
2019-07-26 00:00:00-04:00,1397101.7587302518,64001.265972454596,8,0.9541899753740044,0.019931725573284265
2019-08-02 00:00:00-04:00,1344053.1970198941,64001.265972454596,8,0.9523818952148906,-0.037970435137502534
2019-08-09 00:00:00-04:00,1326447.989769774,176284.15341647205,8,0.8671005913717967,-0.013098594080320103
2019-08-16 00:00:00-04:00,1297918.8732899653,208434.18972673285,8,0.8394089229950145,-0.02150790434290628
2019-08-23 00:00:00-04:00,1285970.9275301348,276249.32056602347,8,0.785182297163907,-0.009205464228703941
2019-08-30 00:00:00-04:00,1318941.6609797752,322914.3971305167,8,0.7551715843969627,0.025638786028362892
2019-09-06 00:00:00-04:00,1336418.3516154564,322914.3971305167,8,0.7583732693133259,0.013250541060852328
2019-09-13 00:00:00-04:00,1374305.517371682,322914.3971305167,8,0.7650344897486252,0.028349779625839178
2019-09-20 00:00:00-04:00,1368949.9533515251,322914.3971305167,8,0.7641152648860953,-0.0038969239026263036
2019-09-27 00:00:00-04:00,1365122.1591792381,322914.3971305167,8,0.7634538455337472,-0.002796153477280572
2019-10-04 00:00:00-04:00,1344409.2569632805,322914.3971305167,8,0.7598094512827828,-0.01517292945300297
2019-10-11 00:00:00-04:00,1353854.206106486,206556.48255950422,8,0.8474307782715137,0.0070253526552914725
2019-10-18 00:00:00-04:00,1369683.536272349,206556.48255950422,8,0.8491940093536816,0.011692049331800902
2019-10-25 00:00:00-04:00,1396981.2835066936,206556.48255950422,8,0.8521408375343387,0.019929966675832578
2019-11-01 00:00:00-04:00,1406371.8315089366,206556.48255950422,8,0.8531281145343448,0.006722028500389721
2019-11-08 00:00:00-05:00,1430904.5259993693,206556.48255950422,8,0.8556462162175066,0.017443960367231615
2019-11-15 00:00:00-05:00,1425493.0943263194,206556.48255950422,8,0.855098222936589,-0.0037818258134800775
2019-11-22 00:00:00-05:00,1430811.543154063,206556.48255950422,8,0.855636835229765,0.0037309537653404945
2019-11-29 00:00:00-05:00,1431958.0462879892,257816.24273154707,8,0.8199554495329844,0.000801295697824056
2019-12-06 00:00:00-05:00,1444890.4213661905,257816.24273154707,8,0.8215669237479106,0.00903125277428729
2019-12-13 00:00:00-05:00,1448240.1374287363,257816.24273154707,8,0.8219796316450086,0.0023183184087955944
2019-12-20 00:00:00-05:00,1459971.470761485,308891.7099945018,8,0.7884262013466663,0.008100406161630769
2019-12-27 00:00:00-05:00,1463965.7488738964,308891.7099945018,8,0.7890034584264654,0.00273586038659257
2020-01-03 00:00:00-05:00,1457810.4546863507,308891.7099945018,8,0.7881125704637917,-0.004204534287964412
2020-01-10 00:00:00-05:00,1443549.8947860668,308891.7099945018,8,0.7860193741067194,-0.009782177000062786
2020-01-17 00:00:00-05:00,1441708.8923370312,308891.7099945018,8,0.7857461297240222,-0.0012753299734807877
2020-01-24 00:00:00-05:00,1416935.6746250712,364074.14409414167,8,0.7430552772337548,-0.017183231541148536
2020-01-31 00:00:00-05:00,1381547.5529280975,241258.34896004942,8,0.8253709411241629,-0.024975108137027857
2020-02-07 00:00:00-05:00,1404600.7015305813,292799.8552533443,8,0.7915422832024198,0.016686467688806106
2020-02-14 00:00:00-05:00,1400944.5625802334,292799.8552533443,8,0.7909982571229863,-0.0026029738888524445
2020-02-21 00:00:00-05:00,1389410.9335480984,292799.8552533443,8,0.7892633142697172,-0.00823275191624473
2020-02-28 00:00:00-05:00,1258978.6863158597,331316.8196318996,8,0.7368368319233191,-0.09387593265813576
2020-03-06 00:00:00-05:00,1216258.569161849,62011.21511025913,4,0.9490147763949631,-0.03393235931501126
2020-03-13 00:00:00-04:00,1141344.1407497742,60372.440264544624,6,0.9471040870942881,-0.061594162879115566
2020-03-20 00:00:00-04:00,1009881.3467681877,56751.87106208727,7,0.9438034267652293,-0.11518243208855972
2020-03-27 00:00:00-04:00,1083661.0429816812,49711.90629726346,4,0.9541259634465757,0.07305778688714515
2020-04-03 00:00:00-04:00,1034986.1451411813,49711.90629726346,4,0.9519685296941996,-0.0449170874562137
2020-04-09 00:00:00-04:00,1164883.2588176513,51326.01013753643,6,0.9559389237084308,0.12550613772588326
2020-04-17 00:00:00-04:00,1142728.2553062872,121611.67339329282,8,0.8935777838444214,-0.019019076241040045
2020-04-24 00:00:00-04:00,1122469.7743488555,143718.47740137618,8,0.871962274008895,-0.017728170160631773
2020-05-01 00:00:00-04:00,1119909.3933615508,183445.93300007004,8,0.8361957368270359,-0.002281024438978818
2020-05-08 00:00:00-04:00,1120952.6169238067,314462.76668309927,10,0.719468279090985,0.0009315249683945481
2020-05-15 00:00:00-04:00,1083211.8549601054,280429.74606957193,10,0.7411127428254557,-0.033668472149404605
2020-05-22 00:00:00-04:00,1106563.2568462768,53436.4773186126,7,0.9517095141303468,0.02155755753525379
2020-05-29 00:00:00-04:00,1172093.7708996215,53436.4773186126,7,0.9544093837495627,0.059219853585332105
2020-06-05 00:00:00-04:00,1276299.2202595153,53436.4773186126,7,0.9581317010381413,0.08890538619611688
2020-06-12 00:00:00-04:00,1169797.2039098297,63680.57153029785,10,0.9455627254728791,-0.08344596209032396
2020-06-19 00:00:00-04:00,1161440.9859147281,57769.2189526766,5,0.9502607367457602,-0.007143304811442985
2020-06-26 00:00:00-04:00,1095961.1732526035,57769.2189526766,5,0.9472889912867729,-0.05637807986477594
2020-07-02 00:00:00-04:00,1108292.5498919562,54057.92984915536,5,0.9512241331456887,0.011251654657395749
2020-07-10 00:00:00-04:00,1130177.840627201,54057.92984915536,5,0.9521686517768253,0.01974685360591688
2020-07-17 00:00:00-04:00,1139789.8760829046,54057.92984915536,5,0.9525720214019314,0.008504887558554053
2020-07-24 00:00:00-04:00,1167567.971881397,54057.92984915536,5,0.9537004001899373,0.024371242789027914
2020-07-31 00:00:00-04:00,1156326.6278376654,54057.92984915536,5,0.9532502940365183,-0.009627999666364295
2020-08-07 00:00:00-04:00,1198957.965669979,57678.832960475884,8,0.9518925311712284,0.03686790289698205
2020-08-14 00:00:00-04:00,1214540.8892501488,57678.832960475884,8,0.9525097644130478,0.012997055798750878
2020-08-21 00:00:00-04:00,1179070.3093818321,57678.832960475884,8,0.9510810911770681,-0.029204928530826124
2020-08-28 00:00:00-04:00,1211632.3929398232,137902.49160696787,8,0.8861845454029413,0.027616744564675555
2020-09-04 00:00:00-04:00,1212293.4338412972,218030.134875843,8,0.8201506922420685,0.0005455787624413233
2020-09-11 00:00:00-04:00,1190504.6172738913,185992.16326388167,8,0.8437703133904841,-0.017973219980549904
2020-09-18 00:00:00-04:00,1190417.4714506683,187916.0010832367,8,0.8421427729431439,-7.32007435826354e-05
2020-09-25 00:00:00-04:00,1149616.2060094986,216026.38995420077,8,0.8120882527360476,-0.03427475353788989
2020-10-02 00:00:00-04:00,1156047.4026726838,56955.00436869825,7,0.950732985310963,0.005594211902691493
2020-10-09 00:00:00-04:00,1194336.18875972,56955.00436869825,7,0.9523124184758697,0.033120429143749464
2020-10-16 00:00:00-04:00,1162464.0162438508,56955.00436869825,7,0.9510049312728569,-0.026686097947821064
2020-10-23 00:00:00-04:00,1171898.0693589174,131857.2003289186,8,0.8874840706913608,0.00811556571492833
2020-10-30 00:00:00-04:00,1125318.513580414,131857.2003289186,8,0.8828267741642408,-0.039747105141989536
2020-11-06 00:00:00-05:00,1158255.36832445,55584.70574968186,6,0.9520099735604147,0.029268917507845105
2020-11-13 00:00:00-05:00,1259042.001087359,55584.70574968186,6,0.9558515873960703,0.0870158995323358
2020-11-20 00:00:00-05:00,1269333.74149721,55584.70574968186,6,0.9562095421144967,0.00817426297213486
2020-11-27 00:00:00-05:00,1339241.508068255,55584.70574968186,6,0.9584953830845205,0.055074378223481935
2020-12-04 00:00:00-05:00,1361926.425463736,182790.1269064545,8,0.8657856081732062,0.016938630753912554
2020-12-11 00:00:00-05:00,1345914.6580547928,260887.9120583176,8,0.8061631096020825,-0.011756705141756307
2020-12-18 00:00:00-05:00,1334236.5606884598,260887.9120583176,8,0.8044665243443032,-0.008676699742026006
2020-12-24 00:00:00-05:00,1345624.9224663072,208665.82114413305,8,0.844930175073093,0.008535489217872394
2020-12-31 00:00:00-05:00,1355571.5497257067,218211.55406111,8,0.8390261627243033,0.007391827464944045
2021-01-08 00:00:00-05:00,1407110.2467624499,218211.55406111,8,0.8449222052336112,0.038019901677024626
2021-01-15 00:00:00-05:00,1405679.809906817,403958.3046978479,8,0.7126242392820408,-0.001016577669677332
2021-01-22 00:00:00-05:00,1394056.7597740656,403958.3046978479,8,0.710228222871415,-0.008268632764613648
2021-01-29 00:00:00-05:00,1350761.4976566797,403958.3046978479,8,0.7009403174441672,-0.031057029646628376
2021-02-05 00:00:00-05:00,1420545.362387904,66644.58171392314,6,0.9530852139759232,0.051662610203419446
2021-02-12 00:00:00-05:00,1445342.4800612247,133091.80716007104,5,0.907916767827627,0.017456054787041264
2021-02-19 00:00:00-05:00,1513288.8333198763,205514.8536255099,5,0.8641932398492307,0.047010555765145456
2021-02-26 00:00:00-05:00,1500116.3736505113,131486.2164315783,8,0.9123493225318189,-0.00870452446309744
2021-03-05 00:00:00-05:00,1560296.7415399156,131486.2164315783,8,0.9157299935768566,0.04011713287480245
2021-03-12 00:00:00-05:00,1597518.503744658,223982.4551187121,8,0.8597935143826587,0.023855566196983036
2021-03-19 00:00:00-04:00,1584315.9286632068,313549.2056941516,8,0.8020917419174634,-0.008264427016340559
2021-03-26 00:00:00-04:00,1604968.1190318745,256530.9110812824,8,0.8401644817493177,0.013035399060901565
2021-04-01 00:00:00-04:00,1606739.496355025,256530.9110812824,8,0.8403406951386727,0.0011036838066411647
2021-04-09 00:00:00-04:00,1619670.423688857,256530.9110812824,8,0.841615363638595,0.008047930210943521
2021-04-16 00:00:00-04:00,1636465.6638838719,443843.4999434421,8,0.7287792162470091,0.01036954182120775
2021-04-23 00:00:00-04:00,1625114.681347556,443843.4999434421,8,0.7268848130918342,-0.006936279071921514
2021-04-30 00:00:00-04:00,1647278.8297005603,418413.44571694825,8,0.7459971935698301,0.01363851339686728
2021-05-07 00:00:00-04:00,1697255.9316111018,479643.9018259456,10,0.7174003679158459,0.030339187883344776
2021-05-14 00:00:00-04:00,1700429.6508608272,479643.9018259456,10,0.7179278180763725,0.0018699120095062582
2021-05-21 00:00:00-04:00,1678472.084467425,493545.67991878005,9,0.70595538377668,-0.012912951960280417
2021-05-28 00:00:00-04:00,1678796.7731042048,493545.67991878005,9,0.7060122536415281,0.00019344297696965995
2021-06-04 00:00:00-04:00,1703322.2814968326,460692.0052593448,9,0.7295332713815607,0.014608979946559408
2021-06-11 00:00:00-04:00,1686033.91182215,460692.0052593448,9,0.7267599411678141,-0.010149793648850824
2021-06-18 00:00:00-04:00,1622050.971800635,460692.0052593448,9,0.7159817951047915,-0.03794878594841933
2021-06-25 00:00:00-04:00,1698165.2461464796,80280.50191430177,7,0.9527251531637003,0.046924711781005435
2021-07-02 00:00:00-04:00,1690634.8099358473,80280.50191430177,7,0.9525145812433922,-0.00443445431928402
2021-07-09 00:00:00-04:00,1672923.6630700026,80280.50191430177,7,0.952011855838671,-0.010476033476748747
2021-07-16 00:00:00-04:00,1639339.9243935957,187216.8469018354,8,0.8857974211961632,-0.020074878141646324
2021-07-23 00:00:00-04:00,1635754.0982593643,223447.39860955338,8,0.863397928302715,-0.0021873597298972536
2021-07-30 00:00:00-04:00,1650144.0448078262,243920.79357567886,8,0.8521821204984044,0.008797133116630773
2021-08-06 00:00:00-04:00,1682917.403957759,243920.79357567886,8,0.8550607457014561,0.019860908054090354
2021-08-13 00:00:00-04:00,1705491.2897037612,243920.79357567886,8,0.8569791619293188,0.013413543465005784
2021-08-20 00:00:00-04:00,1660627.43615977,266335.289915721,8,0.8396176745509962,-0.026305530737588234
2021-08-27 00:00:00-04:00,1701355.787960769,224044.14568400502,8,0.8683143483159731,0.024525881551845208
2021-09-03 00:00:00-04:00,1665507.9716225122,378179.00334553455,8,0.7729347383566597,-0.02107014687458386
2021-09-10 00:00:00-04:00,1646974.7828302528,402978.69609548117,8,0.7553218784546415,-0.011127649406687978
2021-09-17 00:00:00-04:00,1653642.9634010575,346509.37751314853,8,0.7904569576491405,0.004048744789732384
2021-09-24 00:00:00-04:00,1686885.073298671,346509.37751314853,8,0.7945862566466628,0.020102350164659555
2021-10-01 00:00:00-04:00,1706150.6669075273,346509.37751314853,8,0.796905757367131,0.01142080981911997
2021-10-08 00:00:00-04:00,1736319.1387643234,343273.32431119843,8,0.8022982545965059,0.017682185074239687
2021-10-15 00:00:00-04:00,1737955.1225480454,343273.32431119843,8,0.8024843565535112,0.0009422137596699631
2021-10-22 00:00:00-04:00,1771964.9369444307,395494.32021469425,8,0.7768046579427902,0.019568868007663553
2021-10-29 00:00:00-04:00,1775392.1108259615,395494.32021469425,8,0.7772355088191197,0.001934109309996046
2021-11-05 00:00:00-04:00,1779868.278757167,498644.53370482946,8,0.7198418896183604,0.002521227791827396
2021-11-12 00:00:00-05:00,1778131.4364376785,498644.53370482946,8,0.7195682369218906,-0.0009758263239014742
2021-11-19 00:00:00-05:00,1744328.7163639786,498644.53370482946,8,0.7141338504452046,-0.019010248275808328
2021-11-26 00:00:00-05:00,1763327.047033084,316245.5090921052,8,0.820654081371797,0.010891485355298824
2021-12-03 00:00:00-05:00,1743595.7476975282,348904.9633232911,8,0.7998934306968626,-0.011189812671877908
2021-12-10 00:00:00-05:00,1768742.627523311,333537.44874752365,8,0.8114268048062138,0.014422425530109306
2021-12-17 00:00:00-05:00,1768802.5053042253,333537.44874752365,8,0.8114331884157091,3.385330346117321e-05
2021-12-23 00:00:00-05:00,1776747.658663608,367132.0125339998,8,0.7933685119865922,0.004491826156711731
2021-12-31 00:00:00-05:00,1780689.5637959016,367132.0125339998,8,0.7938259312581227,0.0022186071911070027
2022-01-07 00:00:00-05:00,1893769.968237735,367132.0125339998,8,0.8061369550201296,0.06350371605524519
2022-01-14 00:00:00-05:00,1899590.9997609132,334431.446992206,8,0.8239455508926404,0.003073779614635619
2022-01-21 00:00:00-05:00,1848675.388953216,518969.26486492855,8,0.7192750723214923,-0.026803459699538346
2022-01-28 00:00:00-05:00,1878993.0970655663,91586.77963697747,7,0.9512575220313427,0.01639969260883456
2022-02-04 00:00:00-05:00,1942698.4939542993,176927.45903074578,7,0.9089269592881519,0.03390400794352133
2022-02-11 00:00:00-05:00,1958849.023178695,176927.45903074578,7,0.9096778480948781,0.008313451250750559
2022-02-18 00:00:00-05:00,1916166.5215345605,176927.45903074578,7,0.9076659272342085,-0.021789582116375716
2022-02-25 00:00:00-05:00,1904844.740833877,176927.45903074578,7,0.9071171233865009,-0.0059085578280621
2022-03-04 00:00:00-05:00,1896833.9815704187,94597.12380140627,8,0.9501289386838758,-0.004205465722078361
2022-03-11 00:00:00-05:00,1900577.6195273355,269445.6467719034,8,0.8582296013572372,0.00197362446755478
2022-03-18 00:00:00-04:00,1939513.0456269754,338150.1718743814,8,0.825652025060203,0.020486101540710955
2022-03-25 00:00:00-04:00,1983275.1775166392,284366.2785298228,8,0.8566178401497,0.022563463539641893
2022-04-01 00:00:00-04:00,1929679.1788021922,284366.2785298228,8,0.8526354631103304,-0.027023985033462372
2022-04-08 00:00:00-04:00,1959221.4378348424,281160.34107504616,8,0.8564938420713895,0.015309414827695766
2022-04-14 00:00:00-04:00,1925195.1498840367,366501.5168769871,8,0.8096289007901026,-0.017367249711399912
2022-04-22 00:00:00-04:00,1873092.1407760922,358452.6756119076,8,0.8086305164553265,-0.027063754607465573
2022-04-29 00:00:00-04:00,1815799.4396253624,328871.0860601462,8,0.8188835843412313,-0.03058723054968948
2022-05-06 00:00:00-04:00,1879404.7606302947,90025.39301554862,8,0.9520989863911185,0.0350288251097024
2022-05-13 00:00:00-04:00,1840352.1187578887,90025.39301554862,8,0.9510825172541929,-0.02077926090775084
2022-05-20 00:00:00-04:00,1853838.4241330642,301108.0931623,8,0.8375758700205432,0.007328111418307248
2022-05-27 00:00:00-04:00,1945776.8184064445,396922.66343818285,8,0.7960081240132899,0.04959353149472823
2022-06-03 00:00:00-04:00,1931154.5238531304,467420.8979795647,8,0.7579577956056336,-0.00751488784067722
2022-06-10 00:00:00-04:00,1867739.9766061974,467420.8979795647,8,0.749739843964309,-0.032837634929599124
2022-06-17 00:00:00-04:00,1734240.9252500134,92635.32338996697,7,0.9465845131197026,-0.07147625099226085
2022-06-24 00:00:00-04:00,1803401.6295087645,86013.42106989113,7,0.9523048999942842,0.03987952495630376
2022-07-01 00:00:00-04:00,1792283.4009702513,86013.42106989113,7,0.9520090288046367,-0.006165142781611954
2022-07-08 00:00:00-04:00,1799424.4532316038,86013.42106989113,7,0.9521994819424517,0.00398433208581106
2022-07-15 00:00:00-04:00,1796797.7828061888,86013.42106989113,7,0.9521296041808568,-0.001459728092889745
2022-07-22 00:00:00-04:00,1805198.617885382,86013.42106989113,7,0.952352378171745,0.00467544826667865
2022-07-29 00:00:00-04:00,1858825.6788211272,188247.45064501022,8,0.8987277544151439,0.02970701417806554
2022-08-05 00:00:00-04:00,1822427.205562155,188247.45064501022,8,0.896705091939767,-0.019581434490433813
2022-08-12 00:00:00-04:00,1897305.7387901328,244516.0009056113,8,0.8711246185016372,0.04108725605030705
2022-08-19 00:00:00-04:00,1871360.984174349,244516.0009056113,8,0.8693378760306405,-0.013674524925185727
2022-08-26 00:00:00-04:00,1839360.1191459678,244516.0009056113,8,0.8670646392947008,-0.017100316453642517
2022-09-02 00:00:00-04:00,1794789.5514469799,91258.6608124431,8,0.9491535591240381,-0.024231561419132186
2022-09-09 00:00:00-04:00,1842000.757802403,357848.7586721539,8,0.8057282239671361,0.026304591709574554
2022-09-16 00:00:00-04:00,1800724.1076158644,357848.7586721539,8,0.8012750775320373,-0.0224085956597454
2022-09-23 00:00:00-04:00,1713890.0376047255,357848.7586721539,8,0.791206698901015,-0.04822175126322159
2022-09-30 00:00:00-04:00,1672295.6930968578,84354.47763894143,4,0.9495576781144913,-0.024268969184276568
2022-10-07 00:00:00-04:00,1693077.8177573497,84354.47763894143,4,0.950176845532902,0.012427302627328052
2022-10-14 00:00:00-04:00,1726862.0058627422,84344.80549767565,7,0.9511571826750934,0.019954303193306933
2022-10-21 00:00:00-04:00,1818598.3831191356,84344.80549767565,7,0.9536209829060701,0.05312316615047763
2022-10-28 00:00:00-04:00,1895448.8937316234,84344.80549767565,7,0.9555014087815242,0.042258099053557485
2022-11-04 00:00:00-04:00,1896792.5694575603,84344.80549767565,7,0.9555329312989683,0.0007088957820917674
2022-11-11 00:00:00-05:00,1967640.8541700388,119831.41750355028,7,0.9390989380762295,0.037351624976440956
2022-11-18 00:00:00-05:00,1947736.8170844982,267366.8808414409,7,0.8627294619600334,-0.01011568602235402
2022-11-25 00:00:00-05:00,1978362.6975776623,267366.8808414409,7,0.8648544671971378,0.015723828920072958
2022-12-02 00:00:00-05:00,1946067.142478175,267366.8808414409,7,0.8626116874359387,-0.016324385381422002
2022-12-09 00:00:00-05:00,1863943.3003269641,362319.8918415516,8,0.8056164628087158,-0.0421999017190291
2022-12-16 00:00:00-05:00,1839913.6637431516,92336.36704934968,8,0.9498148370388755,-0.01289182808275191
2022-12-23 00:00:00-05:00,1876457.4605657528,360711.5149385404,8,0.8077699481501779,0.01986169109057867
2022-12-30 00:00:00-05:00,1896520.5307580899,360711.5149385404,8,0.8098035275187059,0.010691993084824825
2023-01-06 00:00:00-05:00,1928357.4416791867,360711.5149385404,8,0.8129436446054121,0.016787010952299397
2023-01-13 00:00:00-05:00,1952520.7625696133,360711.5149385404,8,0.8152585509698621,0.012530519689018638
2023-01-20 00:00:00-05:00,1923540.3520792723,352439.3133295774,8,0.8167757110223322,-0.01484256200799694
2023-01-27 00:00:00-05:00,1956400.5502489232,334848.1375482701,8,0.8288447948424132,0.01708318628934946
2023-02-03 00:00:00-05:00,1953733.298879447,334848.1375482701,8,0.8286111324711922,-0.0013633462580743272
2023-02-10 00:00:00-05:00,1962264.6827539587,471895.28537312977,8,0.7595149678223613,0.00436670853662835
2023-02-17 00:00:00-05:00,1936068.4070047522,471895.28537312977,8,0.7562610475612335,-0.013350021523315214
2023-02-24 00:00:00-05:00,1907978.606164565,559398.4947525167,10,0.7068109186627494,-0.014508681996233896
2023-03-03 00:00:00-05:00,1914072.7443079138,332851.6667398595,10,0.8261029170758025,0.003194028551294581
2023-03-10 00:00:00-05:00,1807594.0259222174,332851.6667398595,10,0.8158592792593227,-0.05562940003317207
2023-03-17 00:00:00-04:00,1709301.1271276234,89099.83863160602,6,0.9478735272459963,-0.054377751522190376
2023-03-24 00:00:00-04:00,1698205.3590376158,84394.37635824864,5,0.950303786341791,-0.00649140629109235
2023-03-31 00:00:00-04:00,1760576.1112005492,84394.37635824864,5,0.9520643408590274,0.0367274498522836
2023-04-06 00:00:00-04:00,1767737.2701227446,84394.37635824864,5,0.9522585297121734,0.004067508854991964
2023-04-14 00:00:00-04:00,1835220.5483476897,84394.37635824864,5,0.9540140412909872,0.03817494792099918
2023-04-21 00:00:00-04:00,1843440.530815341,84394.37635824864,5,0.9542190947049853,0.004479016146071491
2023-04-28 00:00:00-04:00,1824431.6491810598,91930.23427551174,8,0.9496115766700404,-0.010311632687100447
2023-05-05 00:00:00-04:00,1769821.4227940359,91930.23427551174,8,0.9480567739255973,-0.02993273352363568
2023-05-12 00:00:00-04:00,1740971.042810916,87713.59194040214,8,0.9496180063978649,-0.016301294363119112
2023-05-19 00:00:00-04:00,1782295.3579838667,171960.7854626571,7,0.9035172342831106,0.023736359857100098
2023-05-26 00:00:00-04:00,1769938.2643854439,258634.43637107004,6,0.8538737527882799,-0.006933246806186566
2023-06-02 00:00:00-04:00,1797352.7552377998,258634.43637107004,6,0.8561025732887636,0.015488953148247164
2023-06-09 00:00:00-04:00,1820197.694790107,258634.43637107004,6,0.8579086012956993,0.012710326053543497
2023-06-16 00:00:00-04:00,1822565.316250068,258634.43637107004,6,0.8580931865294074,0.0013007496200756474
2023-06-23 00:00:00-04:00,1776516.8217356026,258634.43637107004,6,0.8544148677869584,-0.025265758161803653
2023-06-30 00:00:00-04:00,1830312.061700374,181938.10444024194,8,0.9005972215081071,0.0302813006364977
2023-07-07 00:00:00-04:00,1813717.5467448533,181938.10444024194,8,0.8996877409237325,-0.009066494890551224
2023-07-14 00:00:00-04:00,1823821.0012621242,268426.75704329787,7,0.8528217643850242,0.005570577698497781
2023-07-21 00:00:00-04:00,1874098.481158519,233751.77632453456,8,0.875272415684348,0.027567113144108868
2023-07-28 00:00:00-04:00,1879885.4098364594,307018.76287906186,8,0.8366821928227152,0.003087846629256763
2023-08-04 00:00:00-04:00,1868044.2062174561,307018.76287906186,8,0.8356469499719524,-0.006298896494990824
2023-08-11 00:00:00-04:00,1887862.841828853,357922.05867341155,8,0.8104088651235504,0.010609296902843068
2023-08-18 00:00:00-04:00,1859009.4777152664,473553.36359287566,8,0.7452657615415305,-0.01528361249254473
2023-08-25 00:00:00-04:00,1841122.2432483856,318383.8079876129,8,0.8270707938295981,-0.009621916768743022
2023-09-01 00:00:00-04:00,1872546.3156875793,318383.8079876129,8,0.8299727994334252,0.01706789027965394
2023-09-08 00:00:00-04:00,1857170.6604179565,318383.8079876129,8,0.8285651314801836,-0.008211094775499306
2023-09-15 00:00:00-04:00,1883898.7495268052,326573.5540483658,8,0.8266501561560067,0.014391832521645442
2023-09-22 00:00:00-04:00,1846803.718253917,326573.5540483658,8,0.8231682388222995,-0.01969056526111379
2023-09-29 00:00:00-04:00,1838491.8534773057,326573.5540483658,8,0.8223687782838484,-0.004500675786200947
2023-10-06 00:00:00-04:00,1796165.8287450555,384032.5441476586,8,0.7861931576685354,-0.023022144292994984
2023-10-13 00:00:00-04:00,1814476.2799090112,319071.1642492974,8,0.8241524743077393,0.01019418745804157
2023-10-20 00:00:00-04:00,1800973.8182535165,316649.9184808724,8,0.8241784998363042,-0.00744152007110932
2023-10-27 00:00:00-04:00,1738919.1704397195,316649.9184808724,8,0.8179041764196542,-0.034456163207288615
2023-11-03 00:00:00-04:00,1847045.7804577937,86012.86793833866,7,0.9534321948874379,0.06218035424310853
2023-11-10 00:00:00-05:00,1818010.5857689967,86012.86793833866,7,0.9526884669365353,-0.015719802397967997
2023-11-17 00:00:00-05:00,1882331.6389491495,199483.75860285136,8,0.8940230539214561,0.03537991125224704
2023-11-24 00:00:00-05:00,1893856.3335215983,199483.75860285136,8,0.8946679560260444,0.006122563279488125
2023-12-01 00:00:00-05:00,1916764.2738788065,199483.75860285136,8,0.8959268172297621,0.012095922986202101
2023-12-08 00:00:00-05:00,1920576.6780000702,478125.74074230343,8,0.751050949322063,0.001988979121333889
2023-12-15 00:00:00-05:00,1974997.3587102143,421878.18606273807,8,0.7863905061937659,0.028335593852370167
2023-12-22 00:00:00-05:00,1983545.6597384585,578021.5864695681,8,0.7085917414445688,0.004328259473636242
2023-12-29 00:00:00-05:00,1989477.520008005,578021.5864695681,8,0.7094606093024654,0.0029905337648383767
2024-01-05 00:00:00-05:00,2024241.675147928,578021.5864695681,8,0.7144503081988334,0.017474012543646777
2024-01-12 00:00:00-05:00,1986671.8748531207,649379.6288242205,10,0.6731319162243485,-0.01855993815168433
2024-01-19 00:00:00-05:00,1985335.9565511113,681701.2627282505,10,0.6566317854271428,-0.000672440335477198
2024-01-26 00:00:00-05:00,2049679.9125040495,323419.5947645627,9,0.8422097066027017,0.03240960591108988
2024-02-02 00:00:00-05:00,2053266.2296838989,435115.3474169007,9,0.7880862495440317,0.0017496962125505
2024-02-09 00:00:00-05:00,2048661.303120636,435115.3474169007,9,0.7876099154339917,-0.0022427323338249927
2024-02-16 00:00:00-05:00,2099894.243242836,410418.92652378086,9,0.8045525731381705,0.02500800891009125
2024-02-23 00:00:00-05:00,2121822.3111997605,415882.8422857285,9,0.8039973281030435,0.01044246300854712
2024-03-01 00:00:00-05:00,2123938.6263053664,598603.5716026077,9,0.7181634326958447,0.000997404492560472
2024-03-08 00:00:00-05:00,2143403.381516243,598603.5716026077,9,0.7207228575056387,0.009164462178804067
2024-03-15 00:00:00-04:00,2166572.2127298852,654425.3082613486,10,0.6979443821829638,0.0108093658027415
2024-03-22 00:00:00-04:00,2187920.674815609,654425.3082613486,10,0.700891665866039,0.009853565904837547
2024-03-28 00:00:00-04:00,2221521.2284998437,654425.3082613486,10,0.7054156854925617,0.015357299773707034
2024-04-05 00:00:00-04:00,2220775.6547838324,735872.0858102912,10,0.6686418620335965,-0.00033561404070614476
2024-04-12 00:00:00-04:00,2174895.4602808724,734963.7561869392,10,0.6620693869616961,-0.02065953596173853
2024-04-19 00:00:00-04:00,2206181.721329773,394356.8164988403,9,0.8212491687850889,0.014385179251263924
2024-04-26 00:00:00-04:00,2219745.6542483214,394356.8164988403,9,0.8223414400005291,0.006148148535277009
2024-05-03 00:00:00-04:00,2222248.569659317,394356.8164988403,9,0.8225415365845877,0.0011275685600309338
2024-05-10 00:00:00-04:00,2279843.4157385444,400013.77884050366,9,0.8245433102646126,0.02591737345028733
2024-05-17 00:00:00-04:00,2304472.9741415596,400013.77884050366,9,0.8264185419707458,0.010803179829364185
2024-05-24 00:00:00-04:00,2277563.080296955,400013.77884050366,9,0.824367640000404,-0.011677244275181242
2024-05-31 00:00:00-04:00,2296936.008620678,468709.50366157154,9,0.7959414185234381,0.008505989797304325
2024-06-07 00:00:00-04:00,2271976.1832203637,484941.43297431566,8,0.7865552303955291,-0.010866574125982242
2024-06-14 00:00:00-04:00,2227233.844046917,518961.00926145556,8,0.7669930300993919,-0.019693137412218786
2024-06-21 00:00:00-04:00,2247343.9427211722,378445.43339995964,8,0.8316032422960042,0.0090291815239818
2024-06-28 00:00:00-04:00,2277358.9050281486,378445.43339995964,8,0.8338226651212528,0.013355749307617293
2024-07-05 00:00:00-04:00,2283002.5761268577,378445.43339995964,8,0.8342334619516737,0.002478164985874054
2024-07-12 00:00:00-04:00,2305595.9247768363,378445.43339995964,8,0.8358578667957222,0.009896330773444983
2024-07-19 00:00:00-04:00,2357357.022720402,410709.1238194161,8,0.8257755953548963,0.022450203605636432
2024-07-26 00:00:00-04:00,2368051.9804974254,514172.7086907082,8,0.7828710210226455,0.004536842605487701
2024-08-02 00:00:00-04:00,2292099.7251145914,619250.6504037457,8,0.7298325881642053,-0.03207372811422815
2024-08-09 00:00:00-04:00,2289564.7493976997,113512.76975292416,8,0.9504216817703953,-0.0011059622271736291
2024-08-16 00:00:00-04:00,2340402.2671818105,341065.29722255154,7,0.8542706516716699,0.022204009647460055
2024-08-23 00:00:00-04:00,2365883.945969042,341065.29722255154,7,0.8558402250441517,0.010887734619192235
2024-08-30 00:00:00-04:00,2413540.2663845387,341065.29722255154,7,0.8586867176102829,0.020143135294819814
2024-09-06 00:00:00-04:00,2306594.8292619,352235.67426312086,8,0.8472919171609196,-0.04431060820163657
2024-09-13 00:00:00-04:00,2292345.0775976395,428314.9455290053,8,0.813154245530138,-0.0061778304032790166
2024-09-20 00:00:00-04:00,2357860.57252458,470851.3632731766,8,0.800305680174705,0.028580118921537112
2024-09-27 00:00:00-04:00,2348731.6012530653,470851.3632731766,8,0.7995295149850353,-0.003871718021791426
2024-10-04 00:00:00-04:00,2389229.5987811415,470851.3632731766,8,0.8029275363433551,0.017242496974311683
2024-10-11 00:00:00-04:00,2444807.382987532,470851.3632731766,8,0.8074075828837687,0.023261801308146923
2024-10-18 00:00:00-04:00,2469527.1963229505,470851.3632731766,8,0.8093354209768333,0.010111149658428742
2024-10-25 00:00:00-04:00,2448383.1771350233,470851.3632731766,8,0.8076888586433829,-0.00856197057453345
2024-11-01 00:00:00-04:00,2444884.666517943,462907.0321833787,8,0.8106630392333963,-0.001428906492150439
2024-11-08 00:00:00-05:00,2544557.736297949,515710.54460178234,8,0.797328023944906,0.040768004783621414
2024-11-15 00:00:00-05:00,2586751.8913294855,655848.8255869927,8,0.7464585498959805,0.016582117367446303
2024-11-22 00:00:00-05:00,2618929.3442647043,737738.962638575,8,0.7183051294399452,0.012439327112536036
2024-11-29 00:00:00-05:00,2629422.8915402475,737738.962638575,8,0.7194293223002912,0.004006808086870928
2024-12-06 00:00:00-05:00,2583588.3034703317,737738.962638575,8,0.7144518104344921,-0.017431425054289074
2024-12-13 00:00:00-05:00,2541793.6357232463,683306.2832833657,8,0.7311716129586828,-0.016176984425477547
2024-12-20 00:00:00-05:00,2492717.627310496,442028.04452012107,8,0.8226722354440744,-0.019307628960517964
2024-12-27 00:00:00-05:00,2508949.57401018,123653.8928578361,8,0.9507148752056448,0.006511747067475593
2025-01-03 00:00:00-05:00,2528015.9001591667,123653.8928578361,8,0.9510865842061947,0.007599326166811693
2025-01-10 00:00:00-05:00,2508421.2174695,123653.8928578361,8,0.9507044941269559,-0.007751012439610516
2025-01-17 00:00:00-05:00,2632820.2796490653,123653.8928578361,8,0.9530336750238348,0.04959257293520247
2025-01-24 00:00:00-05:00,2621806.7758894064,239594.2541799644,8,0.9086148314271993,-0.004183158206729876
2025-01-31 00:00:00-05:00,2617485.3479261496,239594.2541799644,8,0.9084639559225054,-0.0016482633285554993
2025-02-07 00:00:00-05:00,2651469.049799929,441364.0751867393,8,0.8335397974115356,0.012983339868819055
2025-02-14 00:00:00-05:00,2661491.2526540854,441364.0751867393,8,0.834166625666493,0.003779867939591064
2025-02-21 00:00:00-05:00,2650130.5787267783,441364.0751867393,8,0.833455725265135,-0.004268537015095553
2025-02-28 00:00:00-05:00,2688933.489302561,586580.0541180824,8,0.7818540114689762,0.014641886285627903
2025-03-07 00:00:00-05:00,2621810.4720486854,586580.0541180824,8,0.7762690856674593,-0.024962691535849624
2025-03-14 00:00:00-04:00,2598550.641402003,422607.32082247414,8,0.8373680643012353,-0.008871667458291599
2025-03-21 00:00:00-04:00,2653812.3553633983,592907.391076594,8,0.7765827753878987,0.021266360209004853
2025-03-28 00:00:00-04:00,2643776.369466334,592907.391076594,8,0.775734665789347,-0.003781724008022347
2025-04-04 00:00:00-04:00,2419812.6793719297,634625.8042346007,8,0.7377376316586126,-0.08471355318892315
2025-04-11 00:00:00-04:00,2558063.110868661,119160.60356351582,5,0.9534176451483045,0.05713269984708691
2025-04-17 00:00:00-04:00,2584066.5473920987,119160.60356351582,5,0.9538864029319308,0.010165283418127835
2025-04-25 00:00:00-04:00,2699480.686121194,119160.60356351582,5,0.9558579529106636,0.04466376411457906
2025-05-02 00:00:00-04:00,2789074.4359998484,269859.7284497997,4,0.9032439848264364,0.033189253895862914
2025-05-09 00:00:00-04:00,2759201.9233835954,139166.75288188664,8,0.949562679083948,-0.010710546922188535
2025-05-16 00:00:00-04:00,2848755.014903073,376165.4049749423,8,0.8679544562424436,0.03245615725349271
2025-05-23 00:00:00-04:00,2777532.639174466,376165.4049749423,8,0.8645685023932804,-0.02500122873185373
2025-05-30 00:00:00-04:00,2806830.991760831,726334.4155317355,8,0.7412261665686973,0.010548337820819542
2025-06-06 00:00:00-04:00,2832981.5757611287,673882.7871678363,8,0.7621294847331345,0.009316764734699001
2025-06-13 00:00:00-04:00,2815964.840714742,673882.7871678363,8,0.7606920450765312,-0.006006652211218433
2025-06-20 00:00:00-04:00,2859455.608736417,846216.623831174,10,0.7040637311361816,0.01544435761159435
2025-06-27 00:00:00-04:00,2902859.259659421,762611.2209326145,10,0.7372896331797746,0.015178990990590835
2025-07-03 00:00:00-04:00,2958851.0974394353,1174031.7402502568,10,0.6032136455713321,0.01928851272885468
2025-07-11 00:00:00-04:00,2933573.5379873784,1174031.7402502568,10,0.5997946787263023,-0.008543031947072954
2025-07-18 00:00:00-04:00,2906693.1225096257,1056006.5673834356,10,0.6366982949780112,-0.009163027662226098
2025-07-25 00:00:00-04:00,2965736.0940948008,963721.8828750129,10,0.6750479974283891,0.020312764057527133
2025-08-01 00:00:00-04:00,2894283.852975416,963721.8828750129,10,0.6670257888201684,-0.024092582364849124
2025-08-08 00:00:00-04:00,2907289.074651285,517449.47147898265,8,0.8220165046569893,0.004493416104470738
2025-08-15 00:00:00-04:00,2938252.6070418796,517449.47147898265,8,0.8238921084460702,0.010650310855073286
2025-08-22 00:00:00-04:00,3010851.0074820956,517449.47147898265,8,0.8281384664358686,0.024708018727261694
2025-08-29 00:00:00-04:00,3041783.9142356357,517449.47147898265,8,0.8298861832172547,0.010273808526782169
2025-09-05 00:00:00-04:00,2993797.7839713534,517449.47147898265,8,0.827159511490929,-0.015775653898262076
2025-09-12 00:00:00-04:00,3014988.757276102,517449.47147898265,8,0.8283743280202233,0.007078291465844488
2025-09-19 00:00:00-04:00,3051086.000465654,710144.7654345261,8,0.7672485255000533,0.01197259628329883
2025-09-26 00:00:00-04:00,3071222.6795684374,824654.6516906297,8,0.7314897883580006,0.006599839892979187
2025-10-03 00:00:00-04:00,3044117.950026659,824654.6516906297,8,0.7290989819617838,-0.008825387270709806
2025-10-10 00:00:00-04:00,2957723.5428785263,918745.4852651536,10,0.6893741176462325,-0.0283807686056895
2025-10-17 00:00:00-04:00,3010259.689549917,146038.80124425277,9,0.95148631137997,0.017762358756579832
2025-10-24 00:00:00-04:00,3031324.146891958,358514.81237352523,8,0.8817299651899274,0.0069975548671652454
2025-10-31 00:00:00-04:00,3036882.167430288,358514.81237352523,8,0.8819464198451634,0.0018335289362005902
2025-11-07 00:00:00-05:00,3057509.703564504,283016.1110046898,9,0.9074357439733571,0.006792339971382733
2025-11-14 00:00:00-05:00,3087807.959210256,283016.1110046898,9,0.9083440049564888,0.009909455270225243
2025-11-21 00:00:00-05:00,3053621.6835611323,297083.9526193596,8,0.9027109500110372,-0.011071373641341142
2025-11-28 00:00:00-05:00,3095235.3736711787,422158.4439073845,7,0.8636102289672809,0.013627650842954697
2025-12-05 00:00:00-05:00,3126855.3549333857,422158.4439073845,7,0.8649894555431463,0.010215695236353906
2025-12-12 00:00:00-05:00,3144152.8725115107,422158.4439073845,7,0.8657322143594851,0.005531921248238758
2025-12-19 00:00:00-05:00,3106433.2251879023,422158.4439073845,7,0.8641018771997427,-0.011996759970986481
2025-12-26 00:00:00-05:00,3145901.820593511,350561.0053011528,8,0.88856581505299,0.012705438213055809
2026-01-02 00:00:00-05:00,3164629.3534762016,350561.0053011528,8,0.88922525637447,0.005952993434218845
2026-01-09 00:00:00-05:00,3186717.0966860405,350561.0053011528,8,0.8899930572231494,0.006979567191834457
2026-01-16 00:00:00-05:00,3144485.020117437,350561.0053011528,8,0.8885156065115997,-0.013252533967487046
2026-01-23 00:00:00-05:00,3140841.5984993223,155724.3105316406,8,0.9504195593289249,-0.0011586703688537536
2026-01-30 00:00:00-05:00,3274529.7564433226,470880.67070037225,7,0.8561989947491496,0.042564438145456185
2026-02-06 00:00:00-05:00,3401515.319179834,470880.67070037225,7,0.8615673820296332,0.03877978585677555
