date,portfolio_value,cash,num_positions,deployed_pct,regime,returns
2016-02-12 00:00:00-05:00,1000000.0,1000000.0,0,0.0,unknown,
2016-02-19 00:00:00-05:00,1003117.3546417047,850048.082234173,10,0.1525935840898748,unknown,0.003117354641704706
2016-02-26 00:00:00-05:00,1007812.6043776667,700165.6884555018,20,0.3052620244932734,unknown,0.00468065846357435
2016-03-04 00:00:00-05:00,1015453.9592723048,700165.6884555018,20,0.3104899714436537,unknown,0.007582118800108395
2016-03-11 00:00:00-05:00,1019897.1000422633,700165.6884555018,20,0.3134937942009171,unknown,0.004375521636788449
2016-03-18 00:00:00-04:00,1024183.3274439967,700165.6884555018,20,0.3163668361963376,unknown,0.004202607695968252
2016-03-24 00:00:00-04:00,1023846.8059004939,700165.6884555018,20,0.31614213726076723,unknown,-0.0003285754947238706
2016-04-01 00:00:00-04:00,1027781.8241595423,700165.6884555018,20,0.318760390583814,unknown,0.003843366250078306
2016-04-08 00:00:00-04:00,1025501.6795760462,705622.1527835199,20,0.31192491749478946,unknown,-0.0022185103198927303
2016-04-15 00:00:00-04:00,1033836.2392466775,586921.8973086587,28,0.4322873632904091,unknown,0.008127299873440297
2016-04-22 00:00:00-04:00,1037235.6389735452,586921.8973086587,28,0.43414796478697915,unknown,0.0032881413881802324
2016-04-29 00:00:00-04:00,1032304.127598675,641693.7111939508,25,0.3783869558996671,range,-0.004754475443738526
2016-05-06 00:00:00-04:00,1033783.2154571383,669808.6247436373,23,0.35208018980318967,range,0.001432802426067914
2016-05-13 00:00:00-04:00,1033294.8783708918,702376.418167721,21,0.3202555893095123,range,-0.00047237861762972067
2016-05-20 00:00:00-04:00,1034521.8055521357,702376.418167721,21,0.32106175587777486,range,0.0011873930732901883
2016-05-27 00:00:00-04:00,1040842.7636787379,718730.8678123439,20,0.30947219609610094,range,0.006110028897098552
2016-06-03 00:00:00-04:00,1040603.0644891169,729662.1933972742,20,0.2988083369180724,range,-0.00023029337185742627
2016-06-10 00:00:00-04:00,1040310.1025674327,735134.5426347239,20,0.2933505684310389,range,-0.00028153090422433635
2016-06-17 00:00:00-04:00,1035754.7577869876,740580.1666367038,20,0.28498502076008725,range,-0.00437883355088331
2016-06-24 00:00:00-04:00,1029657.4379242766,635142.9978646147,27,0.3831511583648419,range,-0.005886837416744006
2016-07-01 00:00:00-04:00,1039875.3078707182,716864.1972578489,21,0.31062484912184046,range,0.009923562507391015
2016-07-08 00:00:00-04:00,1044671.7995451414,716864.1972578489,21,0.3137900366699116,range,0.004612564254693918
2016-07-15 00:00:00-04:00,1047797.7924507582,716864.1972578489,21,0.31583727087157576,range,0.002992320561326478
2016-07-22 00:00:00-04:00,1050506.344735342,722211.0738040983,21,0.3125114594276462,range,0.002584995219591768
2016-07-29 00:00:00-04:00,1051511.8011333602,727590.2841188567,21,0.30805314468688644,range,0.000957115968939215
2016-08-05 00:00:00-04:00,1053873.4554327605,749566.0817640898,20,0.2887513411595613,range,0.0022459608126650377
2016-08-12 00:00:00-04:00,1053765.396428198,612572.6723347609,29,0.4186821142437271,range,-0.00010253508521862464
2016-08-19 00:00:00-04:00,1052156.0047064726,612572.6723347609,29,0.41779292272760005,range,-0.0015272770648766532
2016-08-26 00:00:00-04:00,1051127.1129990045,641546.2561607782,27,0.3896587308737932,range,-0.0009778889279400405
2016-09-02 00:00:00-04:00,1054508.8788593998,669882.1460665456,25,0.3647448973676564,range,0.0032172758352191355
2016-09-09 00:00:00-04:00,1046276.3609341909,684244.435416155,24,0.34601940656939595,range,-0.0078069688081844335
2016-09-16 00:00:00-04:00,1048728.9036764586,617491.8861641372,28,0.4111997066168032,range,0.002344067814050499
2016-09-23 00:00:00-04:00,1054073.1234943373,632202.0160152419,27,0.4002294509517127,range,0.005095902095521465
2016-09-30 00:00:00-04:00,1055178.6560179961,666403.9920298827,25,0.36844439732628825,range,0.001048819573346016
2016-10-07 00:00:00-04:00,1054330.5491743376,678463.7296991637,24,0.35649808285411155,range,-0.000803756632890118
2016-10-14 00:00:00-04:00,1051346.7932357811,698971.2682943366,23,0.3351658341553706,range,-0.002830000459431936
2016-10-21 00:00:00-04:00,1053473.9393730187,698971.2682943366,23,0.33650824935419515,range,0.0020232583110761926
2016-10-28 00:00:00-04:00,1052769.3730861992,623722.2458011954,28,0.4075414219424429,range,-0.0006688027681432951
2016-11-04 00:00:00-04:00,1044566.9758069937,653148.7219522421,26,0.3747181970331355,range,-0.007791257505107785
2016-11-11 00:00:00-05:00,1051307.2718903257,747696.7166859342,20,0.28879335596954253,range,0.006452717958199683
2016-11-18 00:00:00-05:00,1052880.5172443432,646084.3668174784,27,0.38636497091954364,range,0.001496465777496958
2016-11-25 00:00:00-05:00,1055863.9941998636,660633.9124032175,26,0.37431912061377987,bull,0.002833632977965017
2016-12-02 00:00:00-05:00,1051178.9544381755,685409.5281247752,24,0.3479611390325955,range,-0.004437162160490615
2016-12-09 00:00:00-05:00,1065699.954327813,629148.1166222006,28,0.4096386003703698,bull,0.013814013140510895
2016-12-16 00:00:00-05:00,1066924.6426497656,634851.0015116888,28,0.40497109530153724,range,0.0011491868015751638
2016-12-23 00:00:00-05:00,1067092.7554541784,634851.0015116888,28,0.4050648378345685,range,0.00015756764601038142
2016-12-30 00:00:00-05:00,1063005.0626870734,654194.7908250433,27,0.3845797976057009,range,-0.00383068177176904
2017-01-06 00:00:00-05:00,1073032.1016980293,669279.98468982,26,0.37627216964831545,range,0.009432729309500676
2017-01-13 00:00:00-05:00,1073262.9043732765,669279.98468982,26,0.3764063008581846,range,0.00021509391460150518
2017-01-20 00:00:00-05:00,1073011.9217158896,684322.0878612143,25,0.36224185956210836,range,-0.0002338501185163988
2017-01-27 00:00:00-05:00,1079168.9151304672,698920.1663969465,24,0.35235331874579623,bull,0.005738047537003688
2017-02-03 00:00:00-05:00,1082003.5526052518,714490.9783521696,23,0.3396593046004185,bull,0.002626685623577263
2017-02-10 00:00:00-05:00,1084763.0727687194,719851.7688422514,23,0.33639724017805883,bull,0.002550379947296122
2017-02-17 00:00:00-05:00,1092928.377085709,598984.5452776189,26,0.451945289521341,bull,0.007527269799246339
2017-02-24 00:00:00-05:00,1096418.648221085,616621.9290266728,25,0.4376035741209544,bull,0.0031935039921673347
2017-03-03 00:00:00-05:00,1101173.1411859556,663018.2589933439,24,0.3978982648638905,bull,0.00433638462149899
2017-03-10 00:00:00-05:00,1104377.3296402842,679156.7115048319,24,0.3850320055682005,bull,0.0029097953214494154
2017-03-17 00:00:00-04:00,1106236.296179667,679156.7115048319,24,0.3860654239512242,bull,0.001683271187745694
2017-03-24 00:00:00-04:00,1100226.2185276896,679156.7115048319,24,0.3827117550300957,bull,-0.005432905856310288
2017-03-31 00:00:00-04:00,1101054.947791108,712282.7471437537,21,0.35309064404759577,bull,0.0007532353342092346
2017-04-07 00:00:00-04:00,1101456.8879968724,728101.5118486487,20,0.33896503822969776,bull,0.0003650500881640095
2017-04-13 00:00:00-04:00,1095718.8178290278,640624.5559767634,22,0.4153385471228402,bull,-0.005209527699517991
2017-04-21 00:00:00-04:00,1097855.1773410137,696091.391902476,20,0.3659533549876794,bull,0.0019497333414595364
2017-04-28 00:00:00-04:00,1107388.5886154354,602763.4973621548,29,0.4556892643116468,bull,0.008683669277318895
2017-05-05 00:00:00-04:00,1111508.266198649,619205.4230189464,29,0.4429142437809978,bull,0.003720173411182248
2017-05-12 00:00:00-04:00,1111586.9538394802,646894.3490688198,29,0.4180443132816444,bull,7.079357232342431e-05
2017-05-19 00:00:00-04:00,1108460.4389603604,659402.0313961972,28,0.40511902074316786,bull,-0.002812658846274352
2017-05-26 00:00:00-04:00,1115479.4130871762,659402.0313961972,28,0.4088622132691354,bull,0.006332182800677044
2017-06-02 00:00:00-04:00,1116370.734529994,670472.891798518,28,0.399417352085286,bull,0.0007990478644075427
2017-06-09 00:00:00-04:00,1116897.6249720678,731654.0071398839,26,0.34492294478808505,bull,0.0004719672647954809
2017-06-16 00:00:00-04:00,1118050.1982657537,731654.0071398839,26,0.3455982492782723,range,0.001031941753582677
2017-06-23 00:00:00-04:00,1118028.5391063755,758542.7015609808,24,0.3215354751433508,range,-1.937226021853089e-05
2017-06-30 00:00:00-04:00,1116293.7761936253,758542.7015609808,24,0.3204811155111119,range,-0.0015516266822104274
2017-07-07 00:00:00-04:00,1121574.674289403,634759.7154232835,25,0.434045962364968,range,0.004730742218938655
2017-07-14 00:00:00-04:00,1132049.1210800982,634759.7154232835,25,0.4392825332370263,range,0.009339054305351091
2017-07-21 00:00:00-04:00,1135519.1526581622,634759.7154232835,25,0.44099602905212093,bull,0.0030652659089149825
2017-07-28 00:00:00-04:00,1133883.184072774,677289.6044638567,22,0.4026813220466744,range,-0.0014407230222041045
2017-08-04 00:00:00-04:00,1141669.1888144808,636069.9019606905,23,0.4428597108579316,range,0.006866672732318335
2017-08-11 00:00:00-04:00,1131065.2877591525,644440.2225564395,22,0.43023605309893864,range,-0.00928806799659676
2017-08-18 00:00:00-04:00,1131222.0219317332,576215.9137125865,29,0.49062526847858706,range,0.0001385721711000265
2017-08-25 00:00:00-04:00,1134695.1835524875,651447.5662448246,27,0.42588320133228924,range,0.003070274051793387
2017-09-01 00:00:00-04:00,1141333.6216070491,626186.0234243709,27,0.4513558423498707,bull,0.005850415292834921
2017-09-08 00:00:00-04:00,1134472.0664571163,631938.7649243709,27,0.44296665946313224,bull,-0.006011875073189787
2017-09-15 00:00:00-04:00,1143719.0551117603,717623.7141789142,24,0.3725524542311744,bull,0.008150917883347875
2017-09-22 00:00:00-04:00,1136028.2788914386,717623.7141789142,24,0.3683047090348955,range,-0.006724357862141317
2017-09-29 00:00:00-04:00,1132943.778661515,629601.5773446815,25,0.44427818113930884,range,-0.002715161486062212
2017-10-06 00:00:00-04:00,1143463.541106965,629601.5773446815,25,0.4493907722364489,bull,0.009285334933281542
2017-10-13 00:00:00-04:00,1153145.470108361,644349.4398721168,24,0.441224497190656,bull,0.00846719519541761
2017-10-20 00:00:00-04:00,1155266.9698499152,644349.4398721168,24,0.4422506167939464,range,0.0018397503147238314
2017-10-27 00:00:00-04:00,1149161.6324729393,658765.2982797095,23,0.4267426968806129,bull,-0.005284784847409796
2017-11-03 00:00:00-04:00,1151807.301580483,635897.9909473007,29,0.44791286695722776,bull,0.002302260215432339
2017-11-10 00:00:00-05:00,1150460.2909366158,645483.0540958907,28,0.4389349557033487,bull,-0.0011694756944317097
2017-11-17 00:00:00-05:00,1148953.000961941,680573.6488615687,27,0.4076575383921099,bull,-0.0013101625380287363
2017-11-24 00:00:00-05:00,1155255.4504428082,612294.970847624,28,0.4699917056327828,bull,0.005485384933579196
2017-12-01 00:00:00-05:00,1155697.0770844251,627361.6367653639,27,0.45715737349785274,bull,0.00038227618094999194
2017-12-08 00:00:00-05:00,1161078.5300547716,682900.4219691392,25,0.41183959198959197,bull,0.004656456330168091
2017-12-15 00:00:00-05:00,1170850.0695214006,702764.2988896105,24,0.39978284394954683,bull,0.008415916076036645
2017-12-22 00:00:00-05:00,1169822.4685185677,581408.7827852493,26,0.5029940025673041,bull,-0.0008776537915335947
2017-12-29 00:00:00-05:00,1166681.2119524018,633606.4638311402,25,0.45691551613244796,bull,-0.002685242120664677
2018-01-05 00:00:00-05:00,1188467.7826592461,633606.4638311402,25,0.46687114865375706,bull,0.018673970647376192
2018-01-12 00:00:00-05:00,1195778.3402622468,664714.9886983163,25,0.44411521239585483,bull,0.0061512459232533345
2018-01-19 00:00:00-05:00,1206234.218563459,641841.857341192,25,0.46789616190329864,bull,0.008743993722882815
2018-01-26 00:00:00-05:00,1228117.905090573,664662.9504625823,25,0.45879548884716914,bull,0.01814215364672367
2018-02-02 00:00:00-05:00,1210856.1316618468,688156.5601820494,25,0.4316776847489018,range,-0.014055469232372442
2018-02-09 00:00:00-05:00,1184810.6811311422,704400.0459401783,25,0.40547459846691664,range,-0.021509946433486138
2018-02-16 00:00:00-05:00,1219403.0115283611,502402.6002982738,22,0.587992980541701,volatile,0.029196504511753263
2018-02-23 00:00:00-05:00,1217699.851120341,502402.6002982738,22,0.5874167186305888,volatile,-0.0013967165833758122
2018-03-02 00:00:00-05:00,1209732.6870634793,564072.8839762447,21,0.5337210525860201,volatile,-0.006542797923093757
2018-03-09 00:00:00-05:00,1234466.1005976438,564072.8839762447,21,0.5430632856559129,volatile,0.020445354414786232
2018-03-16 00:00:00-04:00,1226314.2613432645,564072.8839762447,21,0.5400258304438393,volatile,-0.006603534313686432
2018-03-23 00:00:00-04:00,1180234.8635780818,578971.5189201839,20,0.5094438092051156,volatile,-0.03757552139588494
2018-03-29 00:00:00-04:00,1184129.295230115,984671.082995618,13,0.16844293358668727,volatile,0.0032997090428481535
2018-04-06 00:00:00-04:00,1182068.8178028958,834858.942333688,23,0.29373067814661136,volatile,-0.0017400780772161006
2018-04-13 00:00:00-04:00,1191214.211645532,725519.538988519,25,0.39094116583255567,volatile,0.007736769386772702
2018-04-20 00:00:00-04:00,1196390.6643947843,725519.538988519,25,0.3935763955868578,volatile,0.004345526353401796
2018-04-27 00:00:00-04:00,1198396.3502732366,767016.4015389531,22,0.35996433787196375,volatile,0.0016764472827670573
2018-05-04 00:00:00-04:00,1199763.4652234167,767016.4015389531,22,0.3606936502303632,volatile,0.0011407869774204826
2018-05-11 00:00:00-04:00,1215110.499292247,742867.6599959062,21,0.38864188859482596,volatile,0.01279171646218824
2018-05-18 00:00:00-04:00,1208100.7778447832,748183.6987432207,21,0.38069429929681964,volatile,-0.005768793415534379
2018-05-25 00:00:00-04:00,1210553.612895366,748183.6987432207,21,0.38194914229883864,volatile,0.0020303232110807645
2018-06-01 00:00:00-04:00,1217189.9405318256,628431.21983633,29,0.48370324227149775,volatile,0.005482060080418183
2018-06-08 00:00:00-04:00,1230056.8135631825,593255.3222130085,30,0.517700877169658,range,0.010570965633954321
2018-06-15 00:00:00-04:00,1232566.4273861195,593255.3222130085,30,0.5186828806694711,range,0.0020402422028518163
2018-06-22 00:00:00-04:00,1226733.5234647633,633678.6285844685,29,0.4834423153329026,range,-0.004732324191018211
2018-06-29 00:00:00-04:00,1226276.7299767854,720871.042923105,26,0.4121465201930793,range,-0.00037236570065168895
2018-07-06 00:00:00-04:00,1232034.6885342805,682756.3675694673,27,0.44583024007081756,bull,0.004695480568732702
2018-07-13 00:00:00-04:00,1244823.190436548,688199.3190261781,27,0.4471509493771297,bull,0.010379985256325552
2018-07-20 00:00:00-04:00,1246470.611682123,707925.6438171327,27,0.4320558886969819,bull,0.0013234178622565373
2018-07-27 00:00:00-04:00,1248035.9459602297,707925.6438171327,27,0.4327682258603057,bull,0.0012558132245046316
2018-08-03 00:00:00-04:00,1252868.0757063883,683465.2342375772,27,0.4544794879123823,bull,0.0038717873165430294
2018-08-10 00:00:00-04:00,1256067.3382230508,688904.4872327554,27,0.4515385710073924,bull,0.0025535509912795185
2018-08-17 00:00:00-04:00,1260529.915260862,688904.4872327554,27,0.45348025549223947,range,0.003552816717712348
2018-08-24 00:00:00-04:00,1267191.762920324,719852.1583251397,25,0.4319311572336971,bull,0.00528495799965456
2018-08-31 00:00:00-04:00,1273052.4345954643,755748.7376846062,24,0.4063490888929809,bull,0.004624928796596706
2018-09-07 00:00:00-04:00,1271017.7080306222,766676.3314627816,24,0.3968012195119548,bull,-0.0015983053875456843
2018-09-14 00:00:00-04:00,1277994.294968168,778585.754280607,23,0.39077525044820344,range,0.005488976977634508
2018-09-21 00:00:00-04:00,1281249.1574005582,811712.102613876,22,0.36646818620298255,range,0.0025468520831475328
2018-09-28 00:00:00-04:00,1281054.7267290265,765600.6356874615,22,0.40236695613910006,range,-0.00015175086782193148
2018-10-05 00:00:00-04:00,1265053.5158767314,771126.3036155315,22,0.39043977670690794,range,-0.0124906536141135
2018-10-12 00:00:00-04:00,1246632.5801383092,799081.0486479832,27,0.3590083707267395,range,-0.014561388516165508
2018-10-19 00:00:00-04:00,1249401.73813051,909570.2708739641,23,0.2719953533641138,range,0.0022213104617350155
2018-10-26 00:00:00-04:00,1229757.9972223681,690760.9602255266,26,0.43829520784923887,volatile,-0.015722517672766334
2018-11-02 00:00:00-04:00,1242413.6925726258,709361.3257685029,27,0.4290457920665287,volatile,0.010291208009090225
2018-11-09 00:00:00-05:00,1256625.1684806459,720948.68603779,26,0.4262818347737925,volatile,0.011438602128243547
2018-11-16 00:00:00-05:00,1248224.4185154242,732281.4862682625,26,0.4133414829849255,volatile,-0.006685167682403459
2018-11-23 00:00:00-05:00,1220595.3159423692,649321.5928302628,27,0.46802876895447565,volatile,-0.022134723662845635
2018-11-30 00:00:00-05:00,1239047.1620918196,896263.6967960278,22,0.2766508618744488,volatile,0.015117087464164625
2018-12-07 00:00:00-05:00,1224030.1700187605,896263.6967960278,22,0.2677764660144848,volatile,-0.01211979053945511
2018-12-14 00:00:00-05:00,1218607.6100407178,879615.8692780073,23,0.27817956983822184,volatile,-0.004430086864574245
2018-12-21 00:00:00-05:00,1173057.131691408,729604.7366337299,21,0.37803137040586665,bear,-0.037379118572702486
2018-12-28 00:00:00-05:00,1178507.2849036653,941941.5636207063,13,0.200733355078324,bear,0.004646110632649858
2019-01-04 00:00:00-05:00,1181696.7892365586,808512.7645707262,22,0.315803536122773,bear,0.002706393395908391
2019-01-11 00:00:00-05:00,1187780.0413580071,822701.3125028742,21,0.3073622355514013,bear,0.005147895955085691
2019-01-18 00:00:00-05:00,1203902.381595434,626721.2386625421,25,0.4794252023723058,bear,0.013573506605645491
2019-01-25 00:00:00-05:00,1202362.6413751505,632353.1221452615,25,0.47407454258389564,bear,-0.001278957699413219
2019-02-01 00:00:00-05:00,1216116.9181713692,681136.3767437569,24,0.4399088059987218,bear,0.011439374713512196
2019-02-08 00:00:00-05:00,1213947.1269165112,716245.7642761304,23,0.4099860295436163,bear,-0.0017841962581366388
2019-02-15 00:00:00-05:00,1226388.6835799902,753337.4400344578,22,0.38572701287868494,bear,0.010248845594355682
2019-02-22 00:00:00-05:00,1230330.3706476172,758903.7726709325,22,0.38317073952139924,volatile,0.0032140602081558445
2019-03-01 00:00:00-05:00,1233795.8309137304,758903.7726709325,22,0.38490327681776987,volatile,0.002816690824505308
2019-03-08 00:00:00-05:00,1222276.7470098147,779612.3673368107,21,0.36216379044757324,volatile,-0.009336296666997868
2019-03-15 00:00:00-04:00,1239424.6905384385,674136.5598888719,21,0.4560891314856659,volatile,0.014029509741205981
2019-03-22 00:00:00-04:00,1240956.4811893823,690560.1760574699,21,0.4435258717569133,volatile,0.0012358884429504169
2019-03-29 00:00:00-04:00,1243493.1104777656,632505.0210536323,27,0.4913481902520425,range,0.00204409205869327
2019-04-05 00:00:00-04:00,1258657.0825389533,649244.8867152839,27,0.4841765118378136,range,0.012194657078044902
2019-04-12 00:00:00-04:00,1258865.3557221848,686373.4034631209,26,0.4547682162010386,range,0.00016547253904253267
2019-04-18 00:00:00-04:00,1255630.0104464088,743513.9290255103,23,0.4078558788498755,range,-0.002570048703834482
2019-04-26 00:00:00-04:00,1268914.822253944,653130.0282666697,29,0.4852845779620337,range,0.010580196154129862
2019-05-03 00:00:00-04:00,1271327.8102853312,653130.0282666697,29,0.4862615110102216,range,0.0019016154505162586
2019-05-10 00:00:00-04:00,1262465.6305747065,642085.5610098873,28,0.49140353174003354,range,-0.006970806143724473
2019-05-17 00:00:00-04:00,1261054.5692879483,657569.2167317196,27,0.47855609682060424,volatile,-0.0011177027339079881
2019-05-24 00:00:00-04:00,1260252.6044531781,864623.9315539318,20,0.31392807402362727,volatile,-0.0006359477649116041
2019-05-31 00:00:00-04:00,1246791.335207273,759658.8350012794,27,0.39070892333801005,volatile,-0.010681405615301953
2019-06-07 00:00:00-04:00,1276405.0310615785,786256.5657257325,22,0.38400699888200257,volatile,0.023751926259081957
2019-06-14 00:00:00-04:00,1273011.7249764344,823605.40761651,21,0.35302606295181105,volatile,-0.002658486924265735
2019-06-21 00:00:00-04:00,1284449.871877872,763139.0313093296,29,0.4058631262942036,volatile,0.008985107267295067
2019-06-28 00:00:00-04:00,1280671.0756963992,768817.2375559115,29,0.39967626961681274,volatile,-0.002941956914167543
2019-07-05 00:00:00-04:00,1290121.0180906558,768817.2375559115,29,0.40407355063965994,volatile,0.007378898901982289
2019-07-12 00:00:00-04:00,1295558.678079059,768817.2375559115,29,0.40657474604249777,volatile,0.0042148448960632745
2019-07-19 00:00:00-04:00,1291862.9846550059,822565.8050857616,27,0.36327163572580484,volatile,-0.002852586676763247
2019-07-26 00:00:00-04:00,1298367.179366691,822565.8050857616,27,0.36646133839659495,range,0.00503474036251772
2019-08-02 00:00:00-04:00,1278704.2015516735,723917.7872335888,29,0.43386610730211583,range,-0.015144389143145642
2019-08-09 00:00:00-04:00,1276900.4629812923,722461.2830305782,29,0.43420704747511485,range,-0.0014105987672461406
2019-08-16 00:00:00-04:00,1278370.0025034137,767837.6161623187,26,0.39936198858024413,volatile,0.0011508645855529132
2019-08-23 00:00:00-04:00,1271210.242003738,827556.6590073695,22,0.349000950698023,volatile,-0.005600695014475354
2019-08-30 00:00:00-04:00,1288336.1819986682,761567.4326013904,21,0.4088752274115844,volatile,0.013472153880648152
2019-09-06 00:00:00-04:00,1296643.3744122502,774386.7916256901,20,0.4027758079767242,volatile,0.006448000552693234
2019-09-13 00:00:00-04:00,1291749.532303066,780122.79819128,20,0.3960727070669841,volatile,-0.003774239089759379
2019-09-20 00:00:00-04:00,1290049.4784932798,678128.2196717925,28,0.47433937149153693,volatile,-0.001316086259195437
2019-09-27 00:00:00-04:00,1282906.226383905,655869.9648921294,28,0.48876234957498543,volatile,-0.005537192354604814
2019-10-04 00:00:00-04:00,1285592.136693155,761135.4794437041,24,0.4079494905736407,volatile,0.0020936139010103716
2019-10-11 00:00:00-04:00,1284455.8319715247,812578.6173299537,20,0.36737519725943535,volatile,-0.0008838765337760845
2019-10-18 00:00:00-04:00,1286457.3744922387,761167.9952312218,28,0.4083224129119298,volatile,0.001558280534755152
2019-10-25 00:00:00-04:00,1291961.9550956322,683019.4008353783,28,0.47133164553222423,range,0.0042788674638878366
2019-11-01 00:00:00-04:00,1299400.2354505975,688826.6128195245,28,0.4698888040599302,range,0.005757352471276622
2019-11-08 00:00:00-05:00,1301730.1349829156,688826.6128195245,28,0.4708376227085156,range,0.001793057649793539
2019-11-15 00:00:00-05:00,1307427.4422028863,737030.4897797906,26,0.43627426961608906,bull,0.004376719157727305
2019-11-22 00:00:00-05:00,1304720.6456177766,659418.4259255464,28,0.49459033384628004,bull,-0.002070322602797048
2019-11-29 00:00:00-05:00,1311144.0834097536,703408.9542746218,27,0.463515136761064,bull,0.004923228442465177
2019-12-06 00:00:00-05:00,1312839.837055605,712878.3163074664,26,0.45699521283092154,bull,0.0012933388994451622
2019-12-13 00:00:00-05:00,1316166.9217495136,712878.3163074664,26,0.4583678524910248,bull,0.0025342654907323237
2019-12-20 00:00:00-05:00,1328940.6377119538,664808.242474985,27,0.49974571955329034,bull,0.009705240081144817
2019-12-27 00:00:00-05:00,1333924.6489219605,675661.2220306337,27,0.49347871892412837,bull,0.0037503640633547164
2020-01-03 00:00:00-05:00,1332368.0519237458,675661.2220306337,27,0.4928869533796783,bull,-0.0011669302306338558
2020-01-10 00:00:00-05:00,1338408.0210704743,675661.2220306337,27,0.49517545367799576,bull,0.004533258762852821
2020-01-17 00:00:00-05:00,1351256.7199123325,686089.0383232058,27,0.49225855589623396,bull,0.009599986431328755
2020-01-24 00:00:00-05:00,1347333.743858919,729919.1002622698,26,0.45824922474538676,bull,-0.0029032055830723325
2020-01-31 00:00:00-05:00,1337500.476369791,802815.512861185,21,0.3997643163162334,range,-0.0072983160511993495
2020-02-07 00:00:00-05:00,1350997.8383685132,775540.29868231,26,0.42595000772254005,range,0.010091482012295261
2020-02-14 00:00:00-05:00,1366335.5774263325,698402.1975511493,28,0.48885017041956924,range,0.01135289681613516
2020-02-21 00:00:00-05:00,1368020.5677045765,724471.2523950519,28,0.470423713284769,range,0.0012332184758139242
2020-02-28 00:00:00-05:00,1291402.9835005663,769848.3326998614,26,0.4038666918570552,volatile,-0.056006163951590304
2020-03-06 00:00:00-05:00,1288977.6595850084,1141288.7401342485,10,0.11457833916090442,volatile,-0.0018780535174107715
2020-03-13 00:00:00-04:00,1204512.2617107723,295965.1620417927,26,0.7542863020577039,volatile,-0.06552898511943961
2020-03-20 00:00:00-04:00,1134456.8578917203,675519.9662176785,20,0.4045432741505324,volatile,-0.05816080586805494
2020-03-27 00:00:00-04:00,1149612.168161463,984209.5565453283,10,0.14387687969644372,volatile,0.013359089122090939
2020-04-03 00:00:00-04:00,1149831.229723551,834569.3093038581,20,0.27418103828636664,volatile,0.00019055257777789159
2020-04-09 00:00:00-04:00,1205144.821332808,526826.8714064315,21,0.5628518149181465,volatile,0.04810583516900624
2020-04-17 00:00:00-04:00,1273393.0750495894,549523.5378086074,21,0.5684572591324893,volatile,0.056630748859961555
2020-04-24 00:00:00-04:00,1262009.464889521,621035.9755496925,21,0.5078991142082605,volatile,-0.00893958855526611
2020-05-01 00:00:00-04:00,1247882.4390629143,526985.4068802207,29,0.5776962713923953,volatile,-0.01119407280185758
2020-05-08 00:00:00-04:00,1277534.0673211617,595179.1211045784,23,0.5341187868652311,volatile,0.023761555840559723
2020-05-15 00:00:00-04:00,1272449.8503535218,684302.4730656571,22,0.46221654796411904,volatile,-0.003979711459515922
2020-05-22 00:00:00-04:00,1285232.006865569,714371.5181427676,25,0.4441692127750686,volatile,0.010045312597974698
2020-05-29 00:00:00-04:00,1299820.7861706454,726839.3057810504,24,0.4408157543607491,volatile,0.011351086206338401
2020-06-05 00:00:00-04:00,1323266.2257310092,650159.6529265582,26,0.5086705605537601,volatile,0.01803744009159569
2020-06-12 00:00:00-04:00,1308503.2930751713,748248.1808877856,24,0.428164846930347,volatile,-0.011156434259993575
2020-06-19 00:00:00-04:00,1319259.6782438266,776730.4313413607,23,0.4112376477879401,volatile,0.00822037302128309
2020-06-26 00:00:00-04:00,1309361.3907979266,844839.2285416857,22,0.3547700165293253,volatile,-0.007502910616563718
2020-07-02 00:00:00-04:00,1338049.14118298,754599.5848742338,24,0.43604493912152864,volatile,0.0219097268230668
2020-07-10 00:00:00-04:00,1352089.5846415525,827870.6542025572,22,0.38771020529528677,volatile,0.010493219588451952
2020-07-17 00:00:00-04:00,1354630.5077290311,882344.0828499569,21,0.34864593864111204,range,0.0018792564607708062
2020-07-24 00:00:00-04:00,1353611.8765981258,814304.5705068173,28,0.39842093248079824,volatile,-0.0007519623433057676
2020-07-31 00:00:00-04:00,1357016.721178738,757757.0124690213,29,0.44160082875705836,volatile,0.0025153772949815245
2020-08-07 00:00:00-04:00,1370719.7502106288,862199.4338234523,25,0.3709878086377874,volatile,0.010097907282961227
2020-08-14 00:00:00-04:00,1378944.7528885463,862199.4338234523,25,0.3747396826324195,volatile,0.006000499136788351
2020-08-21 00:00:00-04:00,1402740.5521210292,862199.4338234523,25,0.38534646872527195,volatile,0.017256528358106094
2020-08-28 00:00:00-04:00,1426401.3315879866,928658.087226109,23,0.34895035032514243,volatile,0.016867537928650256
2020-09-04 00:00:00-04:00,1414583.9364551052,1001590.9930041775,23,0.29195364997984685,volatile,-0.008284761708491462
2020-09-11 00:00:00-04:00,1403977.9378719316,956784.7279701218,27,0.3185186873945038,volatile,-0.007497609940172123
2020-09-18 00:00:00-04:00,1400905.2056868826,951352.8640063559,29,0.320901328552138,volatile,-0.00218859007835015
2020-09-25 00:00:00-04:00,1394431.9976542383,829225.6390822321,27,0.405330887072884,volatile,-0.004620732371017566
2020-10-02 00:00:00-04:00,1400399.7187362602,855727.3882537773,28,0.388940616879017,volatile,0.004279678816938359
2020-10-09 00:00:00-04:00,1423520.261572564,871701.8161551597,27,0.38764354840148885,volatile,0.01650995964007196
2020-10-16 00:00:00-04:00,1421552.842922387,883912.80473536,27,0.37820615734675206,volatile,-0.0013820798363654019
2020-10-23 00:00:00-04:00,1412960.54985381,836186.32701064,27,0.40820263729432876,volatile,-0.006044300858287555
2020-10-30 00:00:00-04:00,1382368.983099366,880270.065991784,24,0.3632162781762087,volatile,-0.021650687103478727
2020-11-06 00:00:00-05:00,1394030.5371107827,1151042.6016402016,15,0.17430603491239802,volatile,0.008435919898369448
2020-11-13 00:00:00-05:00,1406382.1568363383,1007339.7599323466,25,0.2837368171689827,volatile,0.008860365247919999
2020-11-20 00:00:00-05:00,1418502.665216511,849471.5816479381,24,0.40114911132840186,volatile,0.008618218256862598
2020-11-27 00:00:00-05:00,1446455.9318983883,885477.7907774777,22,0.3878294034057849,volatile,0.0197061784706698
2020-12-04 00:00:00-05:00,1454283.9245568528,960637.2592889086,21,0.3394431148775625,volatile,0.005411843171876374
2020-12-11 00:00:00-05:00,1450007.6165121542,887833.2108000265,29,0.3877044501768763,volatile,-0.0029404904864100967
2020-12-18 00:00:00-05:00,1461690.0958854337,868708.1627284667,29,0.40568239110750914,volatile,0.008056840005696397
2020-12-24 00:00:00-05:00,1460980.8716849543,961912.1993426539,25,0.3415983617682296,volatile,-0.00048520832321152785
2020-12-31 00:00:00-05:00,1468452.7607848803,970165.9623458544,24,0.33932776848244967,volatile,0.005114296322927592
2021-01-08 00:00:00-05:00,1475202.0537536303,970165.9623458544,24,0.3423504530262271,volatile,0.004596193455445263
2021-01-15 00:00:00-05:00,1457615.2223053805,937224.8295937411,23,0.3570149273609973,volatile,-0.011921642464840843
2021-01-22 00:00:00-05:00,1465346.347780061,1001071.8260095835,25,0.31683603161384616,volatile,0.005303954950780954
2021-01-29 00:00:00-05:00,1452842.8557203533,1001071.8260095835,25,0.31095656899986696,volatile,-0.008532789588379552
2021-02-05 00:00:00-05:00,1470185.573846214,1029684.1729520488,24,0.29962299231501166,volatile,0.011937091515146436
2021-02-12 00:00:00-05:00,1469208.557615211,900185.6101626658,26,0.38729896072493036,volatile,-0.0006645529981953446
2021-02-19 00:00:00-05:00,1465234.3115332027,919667.0320989985,25,0.37234132120706986,volatile,-0.0027050251384727053
2021-02-26 00:00:00-05:00,1451090.4265408171,917319.6402935637,29,0.3678411603332559,volatile,-0.009652985110337409
2021-03-05 00:00:00-05:00,1457578.7049597776,1014136.9715975799,29,0.30423175904894595,volatile,0.004471312263032212
2021-03-12 00:00:00-05:00,1485024.928985321,857328.6659581299,30,0.42268399053481187,volatile,0.018830011670828206
2021-03-19 00:00:00-04:00,1476603.1902279207,862686.1869091339,30,0.41576302108898044,volatile,-0.005671109348416525
2021-03-26 00:00:00-04:00,1480535.5767236748,1009871.3566080133,24,0.3179013240311385,volatile,0.0026631301637287663
2021-04-01 00:00:00-04:00,1487877.933561184,1088131.3159178277,22,0.26866896042108557,volatile,0.0049592572802319435
2021-04-09 00:00:00-04:00,1502519.1032386285,944314.6499286157,24,0.37151238350768534,volatile,0.009840302989373217
2021-04-16 00:00:00-04:00,1523239.5418219185,961057.5110582925,24,0.36907000857607103,volatile,0.013790465983845257
2021-04-23 00:00:00-04:00,1517412.4142422476,987904.2241081992,24,0.34895469759186704,volatile,-0.0038254833988232706
2021-04-30 00:00:00-04:00,1515734.525616996,1003610.3489488289,24,0.33787194789912267,volatile,-0.0011057564901295613
2021-05-07 00:00:00-04:00,1512229.9374235356,1029473.2275980198,23,0.31923499057822746,volatile,-0.002312138527050922
2021-05-14 00:00:00-04:00,1503368.6338077784,1003939.8958965541,29,0.3322064373833953,volatile,-0.005859759416517507
2021-05-21 00:00:00-04:00,1501052.576403186,1137170.3007798644,26,0.24241807471877785,volatile,-0.0015405785065012445
2021-05-28 00:00:00-04:00,1501882.3464684326,1180201.058567508,23,0.21418541116575138,range,0.000552792139523195
2021-06-04 00:00:00-04:00,1500527.390810531,1037362.5824990686,24,0.30866801309190195,range,-0.0009021716388687429
2021-06-11 00:00:00-04:00,1503680.8880372462,1037362.5824990686,24,0.310117864267639,range,0.002101592577401501
2021-06-18 00:00:00-04:00,1498460.803997558,1037362.5824990686,24,0.30771456968936567,range,-0.0034715371334551604
2021-06-25 00:00:00-04:00,1516938.9297997009,957174.4552799712,28,0.3690092353247483,range,0.012331404166760596
2021-07-02 00:00:00-04:00,1526625.4971045563,911090.9195517608,29,0.40319946098125364,range,0.00638560136770594
2021-07-09 00:00:00-04:00,1523598.6894477874,922053.4086746245,29,0.39481871764485876,range,-0.0019826785695048477
2021-07-16 00:00:00-04:00,1519656.9510742826,952941.9902264281,27,0.3729229550440511,bull,-0.002587123762185284
2021-07-23 00:00:00-04:00,1526589.3675065185,1073332.565748706,24,0.2969081348300935,bull,0.0045618298441205685
2021-07-30 00:00:00-04:00,1535655.0584415616,806487.7258915129,27,0.47482494753088245,bull,0.005938526186547888
2021-08-06 00:00:00-04:00,1550765.381446063,821613.1199790831,26,0.4701886372953835,bull,0.009839659578132043
2021-08-13 00:00:00-04:00,1560919.7623512144,821613.1199790831,26,0.4736352631339059,bull,0.006547980130741982
2021-08-20 00:00:00-04:00,1550423.307676486,842468.8084012785,25,0.4566201344948631,bull,-0.0067245318612134675
2021-08-27 00:00:00-04:00,1565023.2869018584,873487.7246383696,25,0.44186918370554223,bull,0.009416769699658545
2021-09-03 00:00:00-04:00,1558356.4757795134,893835.7448301116,24,0.4264240828575493,bull,-0.00425987982296594
2021-09-10 00:00:00-04:00,1552079.6942808637,1017631.793207408,22,0.3443430791877509,range,-0.00402782135936508
2021-09-17 00:00:00-04:00,1556370.96411951,923240.7423558992,28,0.40679904493193453,range,0.0027648514792499856
2021-09-24 00:00:00-04:00,1564952.2838025545,928545.0602918123,28,0.40666238204042,range,0.005513672434707129
2021-10-01 00:00:00-04:00,1557531.3050414538,961384.6600104783,25,0.38275098747701186,range,-0.004741984045078418
2021-10-08 00:00:00-04:00,1565071.310808261,985770.5754566985,26,0.3701433483260197,range,0.004840997893526433
2021-10-15 00:00:00-04:00,1578174.6188107328,985770.5754566985,26,0.37537293800888333,range,0.008372339274243634
2021-10-22 00:00:00-04:00,1593456.3457011443,1033785.7943400603,26,0.3512305516690014,range,0.009683166050362235
2021-10-29 00:00:00-04:00,1609787.184846942,1053988.9442425414,25,0.34526193638275593,range,0.010248689391369581
2021-11-05 00:00:00-04:00,1614667.7412045775,1162256.1568196593,24,0.280188656055895,range,0.0030318022180673143
2021-11-12 00:00:00-05:00,1615888.0419144738,1228267.276525985,22,0.23988095420846298,range,0.0007557596394325294
2021-11-19 00:00:00-05:00,1620595.0597417443,1144476.5508916466,23,0.29379239803802143,bull,0.002912960369267692
2021-11-26 00:00:00-05:00,1610680.4462823784,1051815.2120561516,29,0.34697461902896204,range,-0.00611788453862494
2021-12-03 00:00:00-05:00,1600585.5161898339,1071287.04679515,28,0.33069052796046144,range,-0.006267494036973464
2021-12-10 00:00:00-05:00,1615727.0071453848,1180061.5281262198,28,0.2696405253439967,range,0.009459969993727668
2021-12-17 00:00:00-05:00,1608793.8821495352,1117026.11287387,29,0.30567481312062583,range,-0.0042910250092921265
2021-12-23 00:00:00-05:00,1613002.3146232672,1224819.4476226873,26,0.2406585926637333,volatile,0.0026158928874773224
2021-12-31 00:00:00-05:00,1615867.1033708868,1230504.9701845464,26,0.23848627921345145,volatile,0.001776059911165584
2022-01-07 00:00:00-05:00,1617956.0803422155,1235826.1696442785,26,0.23618064503772707,volatile,0.0012927900858745733
2022-01-14 00:00:00-05:00,1602330.5986229088,750269.9143272544,25,0.5317633483551653,volatile,-0.0096575438042803
2022-01-21 00:00:00-05:00,1564741.335779235,943714.5736523124,21,0.3968878100977972,volatile,-0.02345911815949786
2022-01-28 00:00:00-05:00,1568201.695818622,1300357.729284961,18,0.17079688617084604,volatile,0.002211458188176252
2022-02-04 00:00:00-05:00,1573011.5572676654,1156892.0443205829,28,0.264536844007609,volatile,0.0030671191479185733
2022-02-11 00:00:00-05:00,1564623.5962733722,1098204.0914935565,28,0.29810333034139064,volatile,-0.0053324217203229995
2022-02-18 00:00:00-05:00,1560236.8666926455,1190673.7820864748,22,0.23686344842598295,volatile,-0.002803696423328339
2022-02-25 00:00:00-05:00,1563823.9925916397,1083236.3708379471,29,0.3073156723713141,volatile,0.0022990905903910175
2022-03-04 00:00:00-05:00,1560591.8046871023,1125782.824637969,26,0.27861800808079484,volatile,-0.002066848903616636
2022-03-11 00:00:00-05:00,1554044.5590414265,1005104.7887396077,21,0.35323296691081923,volatile,-0.004195360776605206
2022-03-18 00:00:00-04:00,1587417.1406449496,985549.971190375,25,0.37914871525832383,volatile,0.021474661977587184
2022-03-25 00:00:00-04:00,1593518.9564117077,1091898.3832629803,22,0.31478795475284377,volatile,0.0038438641051079525
2022-04-01 00:00:00-04:00,1593555.0753620593,1122772.5394619433,22,0.29542909635122155,volatile,2.2666156688222472e-05
2022-04-08 00:00:00-04:00,1593703.6226743495,1015008.5389322077,21,0.3631133640589018,volatile,9.321755776547924e-05
2022-04-14 00:00:00-04:00,1581849.5862474293,986276.9024324269,26,0.37650399190472983,volatile,-0.00743804322100261
2022-04-22 00:00:00-04:00,1559109.3326947219,956519.176292134,28,0.3864964077670471,volatile,-0.014375736954013063
2022-04-29 00:00:00-04:00,1544931.1373847781,996626.9104675113,29,0.35490528584039216,volatile,-0.009093778744456937
2022-05-06 00:00:00-04:00,1549942.8990556004,908059.8595124485,22,0.4141333464182837,volatile,0.003244003275968632
2022-05-13 00:00:00-04:00,1538977.7003012057,986824.5914984104,21,0.358779148453372,volatile,-0.00707458239982639
2022-05-20 00:00:00-04:00,1530931.098099134,996933.1852840399,23,0.34880597401027874,volatile,-0.005228537229939656
2022-05-27 00:00:00-04:00,1558851.8126932464,963225.7640444122,29,0.3820927966332888,volatile,0.018237734296977726
2022-06-03 00:00:00-04:00,1557590.0326491257,916477.5881529709,30,0.4116053846375483,bear,-0.0008094291156134359
2022-06-10 00:00:00-04:00,1532257.0766681382,943320.7711242386,30,0.3843586787828904,bear,-0.016264200110411298
2022-06-17 00:00:00-04:00,1504442.871697447,1130407.6633405897,21,0.24862041317317507,bear,-0.018152440210080556
2022-06-24 00:00:00-04:00,1518259.6856129935,1268054.7685578635,16,0.164797181553372,bear,0.00918400703375144
2022-07-01 00:00:00-04:00,1513698.5040929778,906558.1144578918,29,0.4010973043795734,bear,-0.00300421697502562
2022-07-08 00:00:00-04:00,1517056.6905421205,978223.8341845459,24,0.355183072403855,bear,0.0022185305991002657
2022-07-15 00:00:00-04:00,1518081.2599983048,991984.9005679917,23,0.3465534904441812,bear,0.0006753666244456724
2022-07-22 00:00:00-04:00,1519785.5327627396,1005813.8672067856,22,0.3381869707771408,volatile,0.0011226492344926786
2022-07-29 00:00:00-04:00,1544173.736093535,849598.6126499315,22,0.4498037411261418,volatile,0.01604713481280573
2022-08-05 00:00:00-04:00,1534307.79919435,849598.6126499315,22,0.4462658580657366,volatile,-0.00638913657743212
2022-08-12 00:00:00-04:00,1547446.1813339714,873934.3285355095,28,0.43524088974639685,volatile,0.00856306807963847
2022-08-19 00:00:00-04:00,1547674.4401997551,890150.7309712395,28,0.4248462675029061,volatile,0.00014750682029340823
2022-08-26 00:00:00-04:00,1523609.7062500939,890150.7309712395,28,0.4157619715077313,volatile,-0.015548963867720977
2022-09-02 00:00:00-04:00,1508708.996123871,985551.6601329653,24,0.3467582796516661,volatile,-0.009779873457813837
2022-09-09 00:00:00-04:00,1520419.1407306024,1111089.7104861566,23,0.2692214398509558,volatile,0.0077616986687403244
2022-09-16 00:00:00-04:00,1503466.1321780512,1111089.7104861566,23,0.26098121753062975,volatile,-0.01115022042172198
2022-09-23 00:00:00-04:00,1480752.0056994436,907736.5177615165,29,0.38697599985168296,volatile,-0.015107840471073275
2022-09-30 00:00:00-04:00,1465731.4526033364,1003191.7042055094,25,0.3155692317145096,volatile,-0.010143868141520573
2022-10-07 00:00:00-04:00,1473101.619143074,1058463.7797036818,24,0.2814726655996708,volatile,0.005028319837612205
2022-10-14 00:00:00-04:00,1475505.9763492201,1086735.9764598464,22,0.26348249761162634,bear,0.0016321733510447078
2022-10-21 00:00:00-04:00,1490792.7361528242,1070104.6110231245,20,0.2821908873901128,volatile,0.010360350990531009
2022-10-28 00:00:00-04:00,1510249.6320329513,955229.2432199325,28,0.3675024161839419,volatile,0.013051375558978062
2022-11-04 00:00:00-04:00,1493898.3735271224,985063.7539668807,26,0.34060859063583654,bear,-0.010826858129287187
2022-11-11 00:00:00-05:00,1519517.9324888682,957602.7197622752,28,0.3697983424297031,bear,0.017149465730561975
2022-11-18 00:00:00-05:00,1518881.5105014339,983293.851188232,27,0.35261977686224283,bear,-0.00041883150822175086
2022-11-25 00:00:00-05:00,1527467.6591714625,1033677.026755691,24,0.323274034282085,bear,0.005652941727622984
2022-12-02 00:00:00-05:00,1535017.8017419581,1033677.026755691,24,0.3266025803852822,volatile,0.004942914846780555
2022-12-09 00:00:00-05:00,1522661.9478226618,1062215.8986626582,23,0.30239545279135716,bear,-0.008049322884252308
2022-12-16 00:00:00-05:00,1515769.9018705173,834715.6894853397,29,0.44931239995248023,bear,-0.004526313908349677
2022-12-23 00:00:00-05:00,1525765.450090816,893344.2917694354,25,0.41449434989089434,bear,0.0065943704304749495
2022-12-30 00:00:00-05:00,1528105.5604429431,939183.6369924732,22,0.38539348242392535,bear,0.001533728760202191
2023-01-06 00:00:00-05:00,1531869.1519799305,953281.5249924732,21,0.3777004231984414,bear,0.002462913318564519
2023-01-13 00:00:00-05:00,1533011.8754911763,933447.5726194722,20,0.39110219069868846,volatile,0.0007459667882003806
2023-01-20 00:00:00-05:00,1529901.678305538,883890.5979851795,28,0.42225659954557093,volatile,-0.002028814802652379
2023-01-27 00:00:00-05:00,1536602.2565963475,1009204.573677799,23,0.34322329064305906,volatile,0.004379744388692375
2023-02-03 00:00:00-05:00,1537747.850424198,1038449.4526313818,21,0.32469458348134345,volatile,0.0007455369943214496
2023-02-10 00:00:00-05:00,1545814.2083259504,856991.8685470504,24,0.4456048702805395,volatile,0.00524556603966464
2023-02-17 00:00:00-05:00,1535738.9518338544,896693.8255483016,21,0.4161157243048743,volatile,-0.006517766778070366
2023-02-24 00:00:00-05:00,1522820.483908325,879964.0930563506,27,0.42214850512260044,volatile,-0.00841189051700697
2023-03-03 00:00:00-05:00,1530832.6388670902,872410.5939681034,27,0.43010713789474686,volatile,0.005261391637050972
2023-03-10 00:00:00-05:00,1507172.5513758487,824364.6624407597,28,0.45303896246768555,volatile,-0.015455698350377078
2023-03-17 00:00:00-04:00,1509385.552965952,981674.0847843419,23,0.3496200603912326,range,0.0014683133580710717
2023-03-24 00:00:00-04:00,1518461.071127514,935373.3797784843,28,0.38399910438011114,range,0.0060127236170561815
2023-03-31 00:00:00-04:00,1533663.3476606407,935373.3797784843,28,0.3901051484308812,range,0.01001163403012928
2023-04-06 00:00:00-04:00,1545798.8518170814,897089.8214139442,29,0.41965940758759257,range,0.007912756195778803
2023-04-14 00:00:00-04:00,1553152.5016725045,902464.7885091286,29,0.41894644116574903,range,0.004757184187825558
2023-04-21 00:00:00-04:00,1554442.022355793,902464.7885091286,29,0.41942846659444893,range,0.0008302601849463631
2023-04-28 00:00:00-04:00,1553513.0338153574,933567.6436404915,27,0.39906030826938615,range,-0.0005976347313537689
2023-05-05 00:00:00-04:00,1548386.993741398,1041754.7760995675,24,0.3271999956662288,range,-0.003299644072743968
2023-05-12 00:00:00-04:00,1546896.8301685795,981162.1844871982,28,0.36572228648223937,range,-0.0009623973714851797
2023-05-19 00:00:00-04:00,1549338.8511417392,995886.7049930576,27,0.35721827135544393,bull,0.0015786579463696881
2023-05-26 00:00:00-04:00,1543669.3782190327,1036813.2852434162,25,0.32834498120341554,bull,-0.003659285325820494
2023-06-02 00:00:00-04:00,1551673.852255711,1059781.9519451947,21,0.31700727546284263,bull,0.005185355199513797
2023-06-09 00:00:00-04:00,1552517.8952624707,1070692.5679442792,21,0.31035090080989597,bull,0.0005439564542075725
2023-06-16 00:00:00-04:00,1558213.4977155041,1084554.2781129193,20,0.30397581608490515,bull,0.0036686227388513792
2023-06-23 00:00:00-04:00,1556735.3675065958,971104.9843870125,29,0.37619135232828965,bull,-0.0009486057020270389
2023-06-30 00:00:00-04:00,1562497.8785944958,886825.3211165448,29,0.4324310238972834,bull,0.0037016638846778527
2023-07-07 00:00:00-04:00,1551109.056898674,901258.5229631272,28,0.41895863546491957,bull,-0.007288855781402037
2023-07-14 00:00:00-04:00,1565581.9571056138,978623.8946017991,27,0.37491366059746856,bull,0.00933067867960058
2023-07-21 00:00:00-04:00,1572605.6620538635,1027727.8483598633,24,0.3464808927257554,bull,0.004486322109405805
2023-07-28 00:00:00-04:00,1583449.2842121124,852240.5584201813,27,0.46178222004487096,bull,0.006895321834265111
2023-08-04 00:00:00-04:00,1568981.3890445405,876401.8275554351,25,0.44141987044910974,range,-0.009136948882307205
2023-08-11 00:00:00-04:00,1567617.8628205108,934581.2282837677,20,0.403820758585745,range,-0.0008690518788498913
2023-08-18 00:00:00-04:00,1558348.8179435637,925585.7045726683,28,0.40604716099820676,range,-0.005912821674709634
2023-08-25 00:00:00-04:00,1562918.7118452648,836461.5434645273,25,0.46480803056164294,range,0.002932523096935258
2023-09-01 00:00:00-04:00,1577701.5128428538,850455.5740916331,24,0.4609528056044006,range,0.009458458002678638
2023-09-08 00:00:00-04:00,1571200.6892486233,956084.2501044887,20,0.3914945069418818,range,-0.004120439475599369
2023-09-15 00:00:00-04:00,1574200.1879898114,910888.2825599713,27,0.42136439221041,range,0.0019090487686983515
2023-09-22 00:00:00-04:00,1560474.2296117595,870928.3499959758,26,0.44188226023273725,range,-0.008719322029543952
2023-09-29 00:00:00-04:00,1553742.9303815044,1005910.2332551158,20,0.35258901998149356,range,-0.004313624091010992
2023-10-06 00:00:00-04:00,1548818.2746938635,982699.2819665837,24,0.3655167310310681,range,-0.003169543424040966
2023-10-13 00:00:00-04:00,1550975.3921629414,1079600.2000280842,20,0.3039217736894537,range,0.0013927505274977658
2023-10-20 00:00:00-04:00,1535208.152869658,917994.4573206468,20,0.40203909443504227,range,-0.010166015123744043
2023-10-27 00:00:00-04:00,1514960.555938088,869822.7834771506,27,0.4258446003311669,range,-0.013188828429371302
2023-11-03 00:00:00-04:00,1538812.8162267427,1034146.8492467621,25,0.32795799570830875,range,0.015744476115343353
2023-11-10 00:00:00-05:00,1539615.923032544,1034146.8492467621,25,0.3283085516484993,range,0.0005219002579992527
2023-11-17 00:00:00-05:00,1547048.2694659699,928937.2108741271,25,0.3995421932149605,bull,0.0048274029400698915
2023-11-24 00:00:00-05:00,1554590.6210231902,1003699.359987271,24,0.35436419954298787,bull,0.004875317536035206
2023-12-01 00:00:00-05:00,1554059.6149465684,1013993.9388696792,24,0.3475192784643964,range,-0.0003415729320895844
2023-12-08 00:00:00-05:00,1555063.3629473294,1045221.0426615322,23,0.32785951520296075,bull,0.0006458877066923829
2023-12-15 00:00:00-05:00,1561284.633390292,1045221.0426615322,23,0.3305378018152527,bull,0.004000653986967695
2023-12-22 00:00:00-05:00,1570800.289470309,1088397.3172622859,21,0.30710649561357967,bull,0.0060947606070738125
2023-12-29 00:00:00-05:00,1570637.5887200343,1120419.184011172,20,0.28664690565298423,bull,-0.0001035782533052032
2024-01-05 00:00:00-05:00,1570815.861797526,983454.126831248,29,0.37392144378663483,range,0.00011350363621254189
2024-01-12 00:00:00-05:00,1598087.1958403958,653671.5303397549,30,0.5909662926771623,range,0.017361254559565165
2024-01-19 00:00:00-05:00,1619153.992626681,727609.0039773128,28,0.5506239633223858,bull,0.013182507713671132
2024-01-26 00:00:00-05:00,1631731.3451474807,824710.4663098954,23,0.49457950368946574,bull,0.0077678544339048194
2024-02-02 00:00:00-05:00,1665552.497607537,844886.1608880243,22,0.49272919220399786,range,0.020727157421247755
2024-02-09 00:00:00-05:00,1679074.4838371212,894681.4444961481,22,0.46715797714252155,range,0.008118619046237008
2024-02-16 00:00:00-05:00,1669616.8039048738,1029331.518946988,20,0.383492357923325,range,-0.005632674442550112
2024-02-23 00:00:00-05:00,1687387.5869854116,941601.5043934011,29,0.4419767505368393,range,0.010643629747242533
2024-03-01 00:00:00-05:00,1700408.667795516,1028840.2495502004,28,0.3949453040109271,range,0.00771671008518382
2024-03-08 00:00:00-05:00,1690837.7266524038,975968.1604254445,28,0.42279016783135664,range,-0.005628612300312752
2024-03-15 00:00:00-04:00,1688758.1975819692,1039432.8195702657,27,0.38449872749185365,bear,-0.0012298809268656008
2024-03-22 00:00:00-04:00,1700386.3092814777,1119137.255641112,24,0.3418335295148198,bear,0.006885598966245299
2024-03-28 00:00:00-04:00,1701339.5769759968,1144607.011046584,22,0.3272318903666269,bear,0.0005606183073314508
2024-04-05 00:00:00-04:00,1703078.714504668,927648.1550430744,25,0.4553110510145291,bear,0.0010222165828661645
2024-04-12 00:00:00-04:00,1697284.4299227588,958209.571396529,23,0.43544549487198453,range,-0.0034022412073856367
2024-04-19 00:00:00-04:00,1665609.63753398,864372.2141998584,28,0.4810475427606162,bear,-0.018662041453016975
2024-04-26 00:00:00-04:00,1675801.4828896625,1267160.3721852405,20,0.24384816153747704,bear,0.006118987982545621
2024-05-03 00:00:00-04:00,1672848.5649483402,781064.912909766,26,0.533092875663921,volatile,-0.001762092927755643
2024-05-10 00:00:00-04:00,1694427.5755377568,807852.5269938267,24,0.5232298277856814,volatile,0.012899560092627382
2024-05-17 00:00:00-04:00,1711522.6092684087,821733.4789182957,23,0.5198816104044655,volatile,0.01008897280559573
2024-05-24 00:00:00-04:00,1723421.6344511327,821733.4789182957,23,0.5231964932481554,volatile,0.0069523038248442415
2024-05-31 00:00:00-04:00,1714316.5501724156,885040.1999221714,21,0.48373583639896645,volatile,-0.005283143774400201
2024-06-07 00:00:00-04:00,1732845.01337802,962281.8485678392,25,0.4446809488795767,range,0.010808075791918892
2024-06-14 00:00:00-04:00,1733682.474993155,1028045.5797142244,23,0.4070162243992901,volatile,0.00048328708492095807
2024-06-21 00:00:00-04:00,1738115.6598525795,979884.6970706733,29,0.4362373461649937,volatile,0.0025570915801302885
2024-06-28 00:00:00-04:00,1742288.0341064553,994477.8110286811,28,0.429211593283595,volatile,0.002400515886399557
2024-07-05 00:00:00-04:00,1765328.5676263068,1014272.9754956459,27,0.42544804740827596,volatile,0.013224296481877618
2024-07-12 00:00:00-04:00,1763682.4789336952,1113606.2143176827,26,0.3685903060107748,volatile,-0.0009324545712331433
2024-07-19 00:00:00-04:00,1749542.0699243988,1203642.220513388,24,0.3120244198726814,volatile,-0.008017548044047973
2024-07-26 00:00:00-04:00,1730779.9022678589,793200.9163002226,24,0.5417089629589047,volatile,-0.01072404486812406
2024-08-02 00:00:00-04:00,1716029.1380773033,928445.6439538443,20,0.45895694696996464,volatile,-0.00852261120621256
2024-08-09 00:00:00-04:00,1721821.954995165,1083219.084683428,24,0.37088786587898415,volatile,0.003375710114312147
2024-08-16 00:00:00-04:00,1738804.544922003,1111909.7341309874,22,0.36053207510976226,volatile,0.009863150993963066
2024-08-23 00:00:00-04:00,1751190.2866971572,904831.5409352857,25,0.48330484253550277,range,0.007123136301504074
2024-08-30 00:00:00-04:00,1751990.7147939284,904831.5409352857,25,0.48354090390158644,range,0.000457076596901862
2024-09-06 00:00:00-04:00,1725470.6172009106,1007041.4137478467,24,0.41636710372878594,range,-0.015137122228491506
2024-09-13 00:00:00-04:00,1739607.5646741868,1084339.0132024765,28,0.37667607613239845,range,0.008193096615119133
2024-09-20 00:00:00-04:00,1744373.7151244127,932541.6789877855,28,0.46540029186275916,range,0.002739784849762117
2024-09-27 00:00:00-04:00,1748026.8284686052,932541.6789877855,28,0.4665175249027741,range,0.002094226318889447
2024-10-04 00:00:00-04:00,1756225.2097075426,932541.6789877855,28,0.4690079188972136,range,0.004690077466442455
2024-10-11 00:00:00-04:00,1764666.1180342943,946905.8179721147,27,0.4634079453925841,range,0.004806278989787138
2024-10-18 00:00:00-04:00,1770802.2958316118,946905.8179721147,27,0.4652673422656567,range,0.00347724577165498
2024-10-25 00:00:00-04:00,1767034.1110752337,952133.3343075028,27,0.4611686733494164,range,-0.002127953394485793
2024-11-01 00:00:00-04:00,1764705.8713232155,1004167.9025179024,23,0.43097151834999275,range,-0.0013175975140634621
2024-11-08 00:00:00-05:00,1795825.7006085166,924317.6058228263,28,0.4852965933667055,range,0.017634570038556507
2024-11-15 00:00:00-05:00,1768487.1440949382,962659.9788727702,27,0.4556590461586689,range,-0.015223390835933936
2024-11-22 00:00:00-05:00,1783487.67805319,1194931.9073012369,22,0.33000271209858073,range,0.008482127793995708
2024-11-29 00:00:00-05:00,1787704.155798704,1229085.0211780374,20,0.31247851206738886,bull,0.002364175428515747
2024-12-06 00:00:00-05:00,1789943.2206483344,1149720.0201554755,29,0.35767793810854176,bull,0.0012524806424865087
2024-12-13 00:00:00-05:00,1782264.3073449594,1210198.3492379647,27,0.32097706033242723,bull,-0.004290031781339798
2024-12-20 00:00:00-05:00,1774181.3918995708,1357436.4446987957,20,0.23489421606128838,bull,-0.0045351945904307245
2024-12-27 00:00:00-05:00,1772860.461983033,1279790.6228717049,25,0.27812106462107283,bull,-0.0007445292361698552
2025-01-03 00:00:00-05:00,1771182.6583285376,1396110.929688935,23,0.21176343776624218,bull,-0.0009463822395918697
2025-01-10 00:00:00-05:00,1759976.171870591,983448.286580445,27,0.4412149992149116,range,-0.006327120698280897
2025-01-17 00:00:00-05:00,1777744.0435325096,1130812.6081592033,22,0.36390583769742546,range,0.010095518306383777
2025-01-24 00:00:00-05:00,1787390.9696963737,1136140.2837260673,22,0.364358272483012,range,0.005426498937774582
2025-01-31 00:00:00-05:00,1794530.7331199576,1150307.657300942,21,0.3589925008968635,range,0.0039945168934119035
2025-02-07 00:00:00-05:00,1803868.4217935416,1138910.1474576804,20,0.36862903430323907,range,0.005203415300305103
2025-02-14 00:00:00-05:00,1819509.442285012,1081184.230439614,28,0.4057825668209668,volatile,0.008670821165503328
2025-02-21 00:00:00-05:00,1801161.4272606743,1135126.8998806847,27,0.3697805856263195,volatile,-0.010084044961753857
2025-02-28 00:00:00-05:00,1798884.901933896,1330243.9912054413,20,0.26051745179730007,volatile,-0.001263920763748927
2025-03-07 00:00:00-05:00,1749132.7146995435,984808.5548980603,24,0.4369732230025637,volatile,-0.027657237648093025
2025-03-14 00:00:00-04:00,1737703.7345989188,1367781.371592327,25,0.2128799953876913,volatile,-0.006534084008935737
2025-03-21 00:00:00-04:00,1740541.257933361,1318603.4198634452,28,0.2424176020802319,volatile,0.0016329154837761983
2025-03-28 00:00:00-04:00,1738308.7569396934,1347402.5299442252,26,0.22487732713471553,volatile,-0.0012826475577593088
2025-04-04 00:00:00-04:00,1689428.3187856846,1082279.6445722752,26,0.3593811394435554,volatile,-0.028119537429048602
2025-04-11 00:00:00-04:00,1708862.676806357,1293312.1166409517,17,0.2431737586673819,bear,0.011503511456846693
2025-04-17 00:00:00-04:00,1710257.950823233,1163706.9470848297,26,0.31957226304682335,bear,0.0008164927678586675
2025-04-25 00:00:00-04:00,1719837.7615296233,1187376.3432289946,24,0.3095997949405749,bear,0.005601383523332837
2025-05-02 00:00:00-04:00,1737073.3589546494,1077171.1067192368,24,0.37989313970742955,bear,0.01002164146558604
2025-05-09 00:00:00-04:00,1737865.4598197616,1087806.0331077254,24,0.374056244134949,bear,0.0004559973595985589
2025-05-16 00:00:00-04:00,1772593.2246323642,1021216.7001153049,29,0.4238854769812712,bear,0.01998299961390826
2025-05-23 00:00:00-04:00,1758034.1759672794,1067971.6304846439,28,0.39251941453468026,bear,-0.008213417755844388
2025-05-30 00:00:00-04:00,1777909.2068462619,938042.899953867,27,0.4723898743863242,bear,0.011305258538587326
2025-06-06 00:00:00-04:00,1772285.3343464832,976837.1417614918,26,0.44882625679363697,bear,-0.003163194429795735
2025-06-13 00:00:00-04:00,1761241.7491962756,1035511.2718136158,25,0.4120561403418011,bear,-0.0062312681463788655
2025-06-20 00:00:00-04:00,1756252.1760257431,1104418.1497501084,20,0.37115058712734667,bear,-0.002832985972998525
2025-06-27 00:00:00-04:00,1778100.7834446542,959007.5404865852,20,0.46065625221269374,bear,0.012440472796083624
2025-07-03 00:00:00-04:00,1785688.9821554697,995640.1985212838,20,0.4424335881159628,volatile,0.004267586394127276
2025-07-11 00:00:00-04:00,1777229.55958238,995640.1985212838,20,0.4397796316446352,volatile,-0.004737343769057878
2025-07-18 00:00:00-04:00,1776129.8511985298,904549.5051253791,29,0.490718820746698,range,-0.0006187767798037092
2025-07-25 00:00:00-04:00,1781710.77460597,952203.8572094245,26,0.4655676607108093,range,0.0031421820897126196
2025-08-01 00:00:00-04:00,1764556.1561828896,1086748.1405731484,23,0.3841237997638931,range,-0.00962817235410951
2025-08-08 00:00:00-04:00,1776307.1782267438,1216731.7567179548,22,0.3150217644604709,range,0.006659477513752954
2025-08-15 00:00:00-04:00,1783594.800706129,1288015.3470089245,21,0.2778542825427634,range,0.00410268143298298
2025-08-22 00:00:00-04:00,1785863.4405132884,896991.026656782,26,0.49772697827389806,range,0.00127194798182928
2025-08-29 00:00:00-04:00,1780283.6698844815,976005.4836662196,25,0.451769681328622,range,-0.003124410580465864
2025-09-05 00:00:00-04:00,1786837.2630517483,1035928.0022332668,24,0.4202449077740856,range,0.003681207258218633
2025-09-12 00:00:00-04:00,1803128.5052641658,1221021.4080427913,20,0.32283173136131715,range,0.009117362028030263
2025-09-19 00:00:00-04:00,1811975.2761533717,874935.1253507595,23,0.5171373821346213,volatile,0.004906345201342033
2025-09-26 00:00:00-04:00,1801141.3930695704,911834.0305741482,22,0.49374655755361463,volatile,-0.005979045755414747
2025-10-03 00:00:00-04:00,1800285.7656102735,1027195.9434323864,28,0.42942617052566634,volatile,-0.00047504735751968674
2025-10-10 00:00:00-04:00,1785460.9163121013,1222168.296130064,22,0.31548863099480634,volatile,-0.008234720054650202
2025-10-17 00:00:00-04:00,1809254.665746984,841576.3000014398,29,0.5348491752243295,range,0.013326390523310527
2025-10-24 00:00:00-04:00,1822632.613661901,870561.0793601434,27,0.5223606376651654,range,0.0073941762694826885
2025-10-31 00:00:00-04:00,1830418.35708518,875704.5591496942,27,0.5215822897754393,range,0.004271702023171953
2025-11-07 00:00:00-05:00,1812070.65912232,1067910.8869856317,22,0.41066818691116797,range,-0.010023772921550878
2025-11-14 00:00:00-05:00,1807891.7283923468,683530.0988643012,25,0.6219186756985028,range,-0.002306163233169456
2025-11-21 00:00:00-05:00,1796878.0187188392,775979.3876763587,23,0.5681513271392644,range,-0.006092018399410204
2025-11-28 00:00:00-05:00,1835206.8934993185,974628.793706838,28,0.4689270200764969,range,0.021330816216343695
2025-12-05 00:00:00-05:00,1836268.611247579,1012667.2308650411,28,0.4485190104202538,bull,0.0005785275502294684
2025-12-12 00:00:00-05:00,1833178.19438413,1098885.9804826102,26,0.4005569213898547,bull,-0.0016829873606288848
2025-12-19 00:00:00-05:00,1828813.1326853384,1240465.915503179,24,0.3217098601639303,bull,-0.00238114424018554
2025-12-26 00:00:00-05:00,1834420.159272344,1255373.742753179,23,0.31565637435474664,bull,0.00306593740322314
2026-01-02 00:00:00-05:00,1831503.9329168142,1261134.096567327,23,0.31142157333024584,bull,-0.0015897265088313794
2026-01-09 00:00:00-05:00,1834714.5903600059,1116609.3107503257,24,0.3913989038855217,bull,0.0017530169526189798
2026-01-16 00:00:00-05:00,1829234.7299436699,1208968.0885404716,22,0.33908531871265035,range,-0.002986764505568562
2026-01-23 00:00:00-05:00,1825232.4973736736,1254365.7243252727,23,0.3127638664497925,range,-0.0021879272815465978
2026-01-30 00:00:00-05:00,1830903.762360841,1339947.3170597851,21,0.2681497823064151,range,0.0031071466212264642
2026-02-06 00:00:00-05:00,1836445.3524211743,876619.0655330516,22,0.5226544234614361,range,0.0030266965278327174
