date,reason,positions_before,portfolio_value
2000-10-19,drift_threshold,0,126813.83514687786
2000-10-20,drift_threshold,0,126851.82897447147
2000-10-23,drift_threshold,0,126889.83418513644
2000-10-24,drift_threshold,0,126927.85078228317
2000-10-25,drift_threshold,0,126965.8787693231
2000-10-26,drift_threshold,0,127003.91814966867
2000-10-27,drift_threshold,0,127041.96892673335
2000-10-30,drift_threshold,0,127080.03110393163
2000-10-31,drift_threshold,0,127118.10468467904
2000-11-01,drift_threshold,0,127156.18967239211
2000-11-02,drift_threshold,0,127193.78148243415
2000-11-03,drift_threshold,0,127231.38440592797
2000-11-06,drift_threshold,0,127268.99844615908
2000-11-07,drift_threshold,0,127306.623606414
2000-11-08,drift_threshold,0,127344.25988998018
2000-11-09,drift_threshold,0,127381.90730014606
2000-11-10,drift_threshold,0,127419.56584020107
2000-11-13,drift_threshold,0,127457.23551343557
2000-11-14,drift_threshold,0,127494.91632314093
2000-11-15,drift_threshold,0,127532.60827260948
2000-11-16,drift_threshold,0,127570.31136513452
2000-11-17,drift_threshold,0,127608.02560401033
2000-11-20,drift_threshold,0,127645.75099253215
2000-11-21,drift_threshold,0,127683.48753399622
2000-11-22,drift_threshold,0,127721.23523169971
2000-11-24,drift_threshold,0,127758.99408894083
2000-11-27,drift_threshold,0,127796.76410901871
2000-11-28,drift_threshold,0,127834.54529523347
2000-11-29,drift_threshold,0,127872.33765088623
2000-11-30,drift_threshold,0,127910.14117927905
2000-12-01,drift_threshold,0,127947.95588371498
2000-12-04,drift_threshold,0,127984.56321553727
2000-12-05,drift_threshold,0,128021.18102112394
2000-12-06,drift_threshold,0,128057.80930347164
2000-12-07,drift_threshold,0,128094.44806557792
2000-12-08,drift_threshold,0,128131.09731044112
2000-12-11,drift_threshold,0,128167.7570410605
2000-12-12,drift_threshold,0,128204.42726043613
2000-12-13,drift_threshold,0,128241.10797156898
2000-12-14,drift_threshold,0,128277.79917746085
2000-12-15,drift_threshold,0,128314.5008811144
2000-12-18,drift_threshold,0,128351.21308553316
2000-12-19,drift_threshold,0,128387.93579372152
2000-12-20,drift_threshold,0,128424.66900868472
2000-12-21,drift_threshold,0,128461.41273342888
2000-12-22,drift_threshold,0,128498.16697096094
2000-12-26,drift_threshold,0,128534.93172428875
2000-12-27,drift_threshold,0,128571.70699642098
2000-12-28,drift_threshold,0,128608.49279036718
2000-12-29,drift_threshold,0,128645.28910913775
2001-01-02,drift_threshold,0,128682.09595574398
2001-01-03,drift_threshold,0,128718.60694725523
2001-01-04,drift_threshold,0,128755.12829803591
2001-01-05,drift_threshold,0,128791.66001102523
2001-01-08,drift_threshold,0,128828.20208916329
2001-01-09,drift_threshold,0,128864.75453539097
2001-01-10,drift_threshold,0,128901.31735265002
2001-01-11,drift_threshold,0,128937.89054388301
2001-01-12,drift_threshold,0,128974.47411203336
2001-01-16,drift_threshold,0,129011.0680600453
2001-01-17,drift_threshold,0,129047.67239086393
2001-01-18,drift_threshold,0,129084.28710743514
2001-01-19,drift_threshold,0,129120.9122127057
2001-01-22,drift_threshold,0,129157.5477096232
2001-01-23,drift_threshold,0,129194.19360113605
2001-01-24,drift_threshold,0,129230.84989019352
2001-01-25,drift_threshold,0,129267.5165797457
2001-01-26,drift_threshold,0,129304.19367274352
2001-01-29,drift_threshold,0,129340.88117213876
2001-01-30,drift_threshold,0,129377.57908088402
2001-01-31,drift_threshold,0,129414.28740193277
2001-02-01,drift_threshold,0,129451.00613823927
2001-02-02,drift_threshold,0,129487.47844552425
2001-02-05,drift_threshold,0,129523.96102873707
2001-02-06,drift_threshold,0,129560.45389077294
2001-02-07,drift_threshold,0,129596.95703452788
2001-02-08,drift_threshold,0,129633.47046289871
2001-02-09,drift_threshold,0,129669.99417878309
2001-02-12,drift_threshold,0,129706.5281850795
2001-02-13,drift_threshold,0,129743.0724846872
2001-02-14,drift_threshold,0,129779.6270805063
2001-02-15,drift_threshold,0,129816.1919754377
2001-02-16,drift_threshold,0,129852.76717238316
2001-02-20,drift_threshold,0,129889.35267424522
2001-02-21,drift_threshold,0,129925.94848392725
2001-02-22,drift_threshold,0,129962.55460433343
2001-02-23,drift_threshold,0,129999.17103836878
2001-02-26,drift_threshold,0,130035.7977889391
2001-02-27,drift_threshold,0,130072.43485895106
2001-02-28,drift_threshold,0,130109.08225131211
2001-03-01,drift_threshold,0,130145.73996893053
2001-03-02,drift_threshold,0,130181.78827309654
2001-03-05,drift_threshold,0,130217.8465620706
2001-03-06,drift_threshold,0,130253.91483861835
2001-03-07,drift_threshold,0,130289.99310550619
2001-03-08,drift_threshold,0,130326.08136550129
2001-03-09,drift_threshold,0,130362.17962137157
2001-03-12,drift_threshold,0,130398.28787588574
2001-03-13,drift_threshold,0,130434.40613181327
2001-03-14,drift_threshold,0,130470.53439192439
2001-03-15,drift_threshold,0,130506.6726589901
2001-03-16,drift_threshold,0,130542.82093578215
2001-03-19,drift_threshold,0,130578.9792250731
2001-03-20,drift_threshold,0,130615.14752963623
2001-03-21,drift_threshold,0,130651.32585224563
2001-03-22,drift_threshold,0,130687.51419567614
2001-03-23,drift_threshold,0,130723.71256270335
2001-03-26,drift_threshold,0,130759.92095610366
2001-03-27,drift_threshold,0,130796.13937865419
2001-03-28,drift_threshold,0,130832.36783313288
2001-03-29,drift_threshold,0,130868.60632231842
2001-03-30,drift_threshold,0,130904.85484899023
2001-04-02,drift_threshold,0,130941.11341592856
2001-04-03,drift_threshold,0,130978.52516261883
2001-04-04,drift_threshold,0,131015.94759837957
2001-04-05,drift_threshold,0,131053.38072626482
2001-04-06,drift_threshold,0,131090.82454932947
2001-04-09,drift_threshold,0,131128.27907062927
2001-04-10,drift_threshold,0,131165.7442932209
2001-04-11,drift_threshold,0,131203.2202201618
2001-04-12,drift_threshold,0,131240.7068545104
2001-04-16,drift_threshold,0,131278.204199326
2001-04-17,drift_threshold,0,131315.71225766867
2001-04-18,drift_threshold,0,131353.23103259943
2001-04-19,drift_threshold,0,131390.7605271802
2001-04-20,drift_threshold,0,131428.30074447367
2001-04-23,drift_threshold,0,131465.85168754353
2001-04-24,drift_threshold,0,131503.41335945425
2001-04-25,drift_threshold,0,131540.98576327125
2001-04-26,drift_threshold,0,131578.56890206077
2001-04-27,drift_threshold,0,131616.16277888993
2001-04-30,drift_threshold,0,131653.76739682676
2001-05-01,drift_threshold,0,131691.38275894013
2001-05-02,drift_threshold,0,131729.47919466684
2001-05-03,drift_threshold,0,131767.58665114816
2001-05-04,drift_threshold,0,131805.70513157223
2001-05-07,drift_threshold,0,131843.83463912815
2001-05-08,drift_threshold,0,131881.9751770059
2001-05-09,drift_threshold,0,131920.12674839637
2001-05-10,drift_threshold,0,131958.28935649144
2001-05-11,drift_threshold,0,131996.46300448384
2001-05-14,drift_threshold,0,132034.64769556728
2001-05-15,drift_threshold,0,132072.84343293635
2001-05-16,drift_threshold,0,132111.0502197866
2001-05-17,drift_threshold,0,132149.26805931446
2001-05-18,drift_threshold,0,132187.49695471732
2001-05-21,drift_threshold,0,132225.7369091935
2001-05-22,drift_threshold,0,132263.98792594223
2001-05-23,drift_threshold,0,132302.25000816365
2001-05-24,drift_threshold,0,132340.52315905888
2001-05-25,drift_threshold,0,132378.8073818299
2001-05-29,drift_threshold,0,132417.10267967964
2001-05-30,drift_threshold,0,132455.40905581196
2001-05-31,drift_threshold,0,132493.72651343167
2001-06-01,drift_threshold,0,132532.05505574448
2001-06-04,drift_threshold,0,132569.8161730183
2001-06-05,drift_threshold,0,132607.58804921363
2001-06-06,drift_threshold,0,132645.37068739592
2001-06-07,drift_threshold,0,132683.16409063144
2001-06-08,drift_threshold,0,132720.96826198744
2001-06-11,drift_threshold,0,132758.78320453194
2001-06-12,drift_threshold,0,132796.60892133386
2001-06-13,drift_threshold,0,132834.44541546304
2001-06-14,drift_threshold,0,132872.29268999014
2001-06-15,drift_threshold,0,132910.1507479867
2001-06-18,drift_threshold,0,132948.01959252523
2001-06-19,drift_threshold,0,132985.89922667897
2001-06-20,drift_threshold,0,133023.78965352214
2001-06-21,drift_threshold,0,133061.69087612978
2001-06-22,drift_threshold,0,133099.60289757783
2001-06-25,drift_threshold,0,133137.5257209431
2001-06-26,drift_threshold,0,133175.45934930327
2001-06-27,drift_threshold,0,133213.4037857369
2001-06-28,drift_threshold,0,133251.35903332348
2001-06-29,drift_threshold,0,133289.3250951433
2001-07-02,drift_threshold,0,133327.30197427754
2001-07-03,drift_threshold,0,133365.02513551075
2001-07-05,drift_threshold,0,133402.75897000346
2001-07-06,drift_threshold,0,133440.50348077551
2001-07-09,drift_threshold,0,133478.25867084766
2001-07-10,drift_threshold,0,133516.02454324142
2001-07-11,drift_threshold,0,133553.80110097924
2001-07-12,drift_threshold,0,133591.58834708438
2001-07-13,drift_threshold,0,133629.386284581
2001-07-16,drift_threshold,0,133667.19491649407
2001-07-17,drift_threshold,0,133705.01424584942
2001-07-18,drift_threshold,0,133742.84427567373
2001-07-19,drift_threshold,0,133780.6850089946
2001-07-20,drift_threshold,0,133818.5364488404
2001-07-23,drift_threshold,0,133856.3985982404
2001-07-24,drift_threshold,0,133894.27146022473
2001-07-25,drift_threshold,0,133932.15503782438
2001-07-26,drift_threshold,0,133970.0493340712
2001-07-27,drift_threshold,0,134007.95435199788
2001-07-30,drift_threshold,0,134045.87009463794
2001-07-31,drift_threshold,0,134083.79656502584
2001-08-01,drift_threshold,0,134121.73376619682
2001-08-02,drift_threshold,0,134159.09624917456
2001-08-03,drift_threshold,0,134196.46914027253
2001-08-06,drift_threshold,0,134233.85244239017
2001-08-07,drift_threshold,0,134271.2461584277
2001-08-08,drift_threshold,0,134308.65029128612
2001-08-09,drift_threshold,0,134346.06484386727
2001-08-10,drift_threshold,0,134383.48981907376
2001-08-13,drift_threshold,0,134420.92521980908
2001-08-14,drift_threshold,0,134458.37104897745
2001-08-15,drift_threshold,0,134495.82730948395
2001-08-16,drift_threshold,0,134533.29400423446
2001-08-17,drift_threshold,0,134570.77113613565
2001-08-20,drift_threshold,0,134608.258708095
2001-08-21,drift_threshold,0,134645.75672302084
2001-08-22,drift_threshold,0,134683.26518382225
2001-08-23,drift_threshold,0,134720.78409340917
2001-08-24,drift_threshold,0,134758.31345469234
2001-08-27,drift_threshold,0,134795.8532705833
2001-08-28,drift_threshold,0,134833.40354399438
2001-08-29,drift_threshold,0,134870.9642778388
2001-08-30,drift_threshold,0,134908.53547503048
2001-08-31,drift_threshold,0,134946.11713848423
2001-09-04,drift_threshold,0,134983.70927111566
2001-09-05,drift_threshold,0,135022.11535030114
2001-09-06,drift_threshold,0,135060.53235693058
2001-09-07,drift_threshold,0,135098.9602941131
2001-09-10,drift_threshold,0,135137.39916495868
2001-09-17,drift_threshold,0,135175.84897257824
2001-09-18,drift_threshold,0,135214.30972008355
2001-09-19,drift_threshold,0,135252.78141058722
2001-09-20,drift_threshold,0,135291.26404720286
2001-09-21,drift_threshold,0,135329.75763304485
2001-09-24,drift_threshold,0,135368.26217122853
2001-09-25,drift_threshold,0,135406.7776648701
2001-09-26,drift_threshold,0,135445.30411708666
2001-09-27,drift_threshold,0,135483.84153099617
2001-09-28,drift_threshold,0,135522.3899097175
2001-10-01,drift_threshold,0,135560.94925637037
2001-10-02,drift_threshold,0,135598.76645769068
2001-10-03,drift_threshold,0,135636.59420880963
2001-10-04,drift_threshold,0,135674.43251267026
2001-10-05,drift_threshold,0,135712.28137221644
2001-10-08,drift_threshold,0,135750.1407903929
2001-10-09,drift_threshold,0,135788.01077014513
2001-10-10,drift_threshold,0,135825.8913144195
2001-10-11,drift_threshold,0,135863.78242616318
2001-10-12,drift_threshold,0,135901.68410832412
2001-10-15,drift_threshold,0,135939.59636385116
2001-10-16,drift_threshold,0,135977.51919569392
2001-10-17,drift_threshold,0,136015.4526068029
2001-10-18,drift_threshold,0,136053.39660012932
2001-10-19,drift_threshold,0,136091.3511786253
2001-10-22,drift_threshold,0,136129.3163452438
2001-10-23,drift_threshold,0,136167.29210293852
2001-10-24,drift_threshold,0,136205.27845466405
2001-10-25,drift_threshold,0,136243.2754033758
2001-10-26,drift_threshold,0,136281.28295203
2001-10-29,drift_threshold,0,136319.30110358365
2001-10-30,drift_threshold,0,136357.32986099468
2001-10-31,drift_threshold,0,136395.3692272218
2001-11-01,drift_threshold,0,136433.41920522446
2001-11-02,drift_threshold,0,136471.15495648875
2001-11-05,drift_threshold,0,136508.90114498266
2001-11-06,drift_threshold,0,136546.657773593
2001-11-07,drift_threshold,0,136584.42484520737
2001-11-08,drift_threshold,0,136622.20236271416
2001-11-09,drift_threshold,0,136659.99032900258
2001-11-12,drift_threshold,0,136697.78874696261
2001-11-13,drift_threshold,0,136735.59761948508
2001-11-14,drift_threshold,0,136773.4169494616
2001-11-15,drift_threshold,0,136811.24673978452
2001-11-16,drift_threshold,0,136849.08699334707
2001-11-19,drift_threshold,0,136886.93771304324
2001-11-20,drift_threshold,0,136924.79890176785
2001-11-21,drift_threshold,0,136962.67056241646
2001-11-23,drift_threshold,0,137000.55269788552
2001-11-26,drift_threshold,0,137038.4453110722
2001-11-27,drift_threshold,0,137076.3484048745
2001-11-28,drift_threshold,0,137114.26198219124
2001-11-29,drift_threshold,0,137152.18604592202
2001-11-30,drift_threshold,0,137190.12059896727
2001-12-03,drift_threshold,0,137228.0656442282
2001-12-04,drift_threshold,0,137264.93207297468
2001-12-05,drift_threshold,0,137301.8084059165
2001-12-06,drift_threshold,0,137338.69464571442
2001-12-07,drift_threshold,0,137375.59079502994
2001-12-10,drift_threshold,0,137412.49685652528
2001-12-11,drift_threshold,0,137449.4128328633
2001-12-12,drift_threshold,0,137486.3387267077
2001-12-13,drift_threshold,0,137523.27454072278
2001-12-14,drift_threshold,0,137560.2202775736
2001-12-17,drift_threshold,0,137597.17593992595
2001-12-18,drift_threshold,0,137634.1415304463
2001-12-19,drift_threshold,0,137671.1170518019
2001-12-20,drift_threshold,0,137708.10250666065
2001-12-21,drift_threshold,0,137745.09789769122
2001-12-24,drift_threshold,0,137782.10322756294
2001-12-26,drift_threshold,0,137819.1184989459
2001-12-27,drift_threshold,0,137856.1437145109
2001-12-28,drift_threshold,0,137893.17887692942
2001-12-31,drift_threshold,0,137930.22398887374
2002-01-02,drift_threshold,0,137967.27905301677
2002-01-03,drift_threshold,0,138003.1395957865
2002-01-04,drift_threshold,0,138039.00945945128
2002-01-11,drift_threshold,0,138218.49867601713
2002-01-14,drift_threshold,0,138254.42451595078
2002-01-15,drift_threshold,0,138290.35969375155
2002-01-16,drift_threshold,0,138326.30421184655
2002-01-17,drift_threshold,0,138362.25807266354
2002-01-18,drift_threshold,0,138398.22127863084
2002-01-22,drift_threshold,0,138434.19383217747
2002-01-23,drift_threshold,0,138470.17573573306
2002-01-24,drift_threshold,0,138506.16699172786
2002-01-25,drift_threshold,0,138542.1676025928
2002-01-28,drift_threshold,0,138578.17757075935
2002-01-29,drift_threshold,0,138614.1968986597
2002-01-30,drift_threshold,0,138650.2255887266
2002-01-31,drift_threshold,0,138686.26364339353
2002-02-01,drift_threshold,0,138722.3110650945
2002-02-04,drift_threshold,0,138758.14766211965
2002-02-05,drift_threshold,0,138793.99351693236
2002-02-06,drift_threshold,0,138829.84863192422
2002-02-07,drift_threshold,0,138865.71300948746
2002-02-08,drift_threshold,0,138901.5866520149
2002-02-11,drift_threshold,0,138937.4695619
2002-02-12,drift_threshold,0,138973.36174153685
2002-02-13,drift_threshold,0,139009.26319332008
2002-02-14,drift_threshold,0,139045.17391964502
2002-02-15,drift_threshold,0,139081.0939229076
2002-02-19,drift_threshold,0,139117.02320550435
2002-02-20,drift_threshold,0,139152.96176983244
2002-02-21,drift_threshold,0,139188.90961828965
2002-02-22,drift_threshold,0,139224.86675327437
2002-02-25,drift_threshold,0,139260.83317718565
2002-02-26,drift_threshold,0,139296.80889242308
2002-02-27,drift_threshold,0,139332.79390138696
2002-02-28,drift_threshold,0,139368.78820647814
2002-03-01,drift_threshold,0,139404.79181009816
2002-03-04,drift_threshold,0,139442.46429550397
2002-03-05,drift_threshold,0,139480.1469614505
2002-04-05,drift_threshold,0,140310.6335842192
2002-04-08,drift_threshold,0,140348.2724684664
2002-04-09,drift_threshold,0,140385.92144949365
2002-04-10,drift_threshold,0,140423.58053000947
2002-04-11,drift_threshold,0,140461.24971272307
2002-04-12,drift_threshold,0,140498.92900034442
2002-04-15,drift_threshold,0,140536.6183955842
2002-04-16,drift_threshold,0,140574.31790115382
2002-04-17,drift_threshold,0,140612.0275197654
2002-04-18,drift_threshold,0,140649.7472541318
2002-04-19,drift_threshold,0,140687.47710696663
2002-04-22,drift_threshold,0,140725.2170809842
2002-04-23,drift_threshold,0,140762.9671788996
2002-04-24,drift_threshold,0,140800.72740342852
2002-04-25,drift_threshold,0,140838.49775728755
2002-04-26,drift_threshold,0,140876.27824319387
2002-04-29,drift_threshold,0,140914.06886386545
2002-04-30,drift_threshold,0,140951.869622021
2002-05-01,drift_threshold,0,140989.68052037994
2002-05-02,drift_threshold,0,141027.44561337648
2002-05-03,drift_threshold,0,141065.2208220229
2002-05-06,drift_threshold,0,141103.0061490288
2002-05-07,drift_threshold,0,141140.80159710444
2002-05-08,drift_threshold,0,141178.6071689608
2002-05-09,drift_threshold,0,141216.42286730962
2002-05-10,drift_threshold,0,141254.24869486337
2002-05-13,drift_threshold,0,141292.08465433522
2002-05-14,drift_threshold,0,141329.93074843907
2002-05-15,drift_threshold,0,141367.78697988956
2002-05-16,drift_threshold,0,141405.65335140203
2002-05-17,drift_threshold,0,141443.52986569257
2002-05-20,drift_threshold,0,141481.41652547804
2002-05-21,drift_threshold,0,141519.31333347593
2002-05-22,drift_threshold,0,141557.22029240456
2002-05-23,drift_threshold,0,141595.13740498287
2002-05-24,drift_threshold,0,141633.06467393064
2002-05-28,drift_threshold,0,141671.0021019683
2002-05-29,drift_threshold,0,141708.94969181705
2002-05-30,drift_threshold,0,141746.90744619878
2002-05-31,drift_threshold,0,141784.87536783615
2002-06-03,drift_threshold,0,141822.85345945254
2002-06-04,drift_threshold,0,141860.1663768508
2002-06-05,drift_threshold,0,141897.48911109995
2002-06-06,drift_threshold,0,141934.82166478274
2002-06-07,drift_threshold,0,141972.16404048263
2002-06-10,drift_threshold,0,142009.51624078376
2002-06-11,drift_threshold,0,142046.87826827093
2002-06-12,drift_threshold,0,142084.2501255296
2002-06-13,drift_threshold,0,142121.63181514596
2002-06-14,drift_threshold,0,142159.02333970685
2002-06-17,drift_threshold,0,142196.42470179978
2002-06-18,drift_threshold,0,142233.835904013
2002-06-19,drift_threshold,0,142271.25694893536
2002-06-20,drift_threshold,0,142308.68783915645
2002-06-21,drift_threshold,0,142346.12857726653
2002-06-24,drift_threshold,0,142383.5791658565
2002-06-25,drift_threshold,0,142421.039607518
2002-06-26,drift_threshold,0,142458.50990484332
2002-06-27,drift_threshold,0,142495.99006042542
2002-06-28,drift_threshold,0,142533.480076858
2002-07-01,drift_threshold,0,142570.97995673536
2002-07-02,drift_threshold,0,142607.9239447956
2002-07-03,drift_threshold,0,142644.87750604
2002-07-05,drift_threshold,0,142681.8406429493
2002-07-08,drift_threshold,0,142718.8133580048
2002-07-09,drift_threshold,0,142755.79565368843
2002-07-10,drift_threshold,0,142792.78753248282
2002-07-11,drift_threshold,0,142829.7889968712
2002-07-12,drift_threshold,0,142866.80004933747
2002-07-15,drift_threshold,0,142903.82069236613
2002-07-16,drift_threshold,0,142940.85092844238
2002-07-17,drift_threshold,0,142977.89076005202
2002-07-18,drift_threshold,0,143014.9401896815
2002-07-19,drift_threshold,0,143051.99921981795
2002-07-22,drift_threshold,0,143089.0678529491
2002-07-23,drift_threshold,0,143126.1460915634
2002-07-24,drift_threshold,0,143163.23393814982
2002-07-25,drift_threshold,0,143200.33139519807
2002-07-26,drift_threshold,0,143237.4384651985
2002-07-29,drift_threshold,0,143274.55515064206
2002-07-30,drift_threshold,0,143311.68145402038
2002-07-31,drift_threshold,0,143348.81737782573
2002-08-01,drift_threshold,0,143385.96292455102
2002-08-02,drift_threshold,0,143422.20770962362
2002-08-05,drift_threshold,0,143458.46165657244
2002-08-06,drift_threshold,0,143494.7247677134
2002-08-07,drift_threshold,0,143530.997045363
2002-08-08,drift_threshold,0,143567.27849183837
2002-08-09,drift_threshold,0,143603.56910945714
2002-08-12,drift_threshold,0,143639.86890053758
2002-08-13,drift_threshold,0,143676.17786739854
2002-08-14,drift_threshold,0,143712.49601235948
2002-08-15,drift_threshold,0,143748.82333774038
2002-08-16,drift_threshold,0,143785.15984586187
2002-08-19,drift_threshold,0,143821.50553904512
2002-08-20,drift_threshold,0,143857.86041961194
2002-08-21,drift_threshold,0,143894.22448988468
2002-08-22,drift_threshold,0,143930.5977521863
2002-08-23,drift_threshold,0,143966.9802088403
2002-08-26,drift_threshold,0,144003.37186217087
2002-08-27,drift_threshold,0,144039.7727145027
2002-08-28,drift_threshold,0,144076.1827681611
2002-08-29,drift_threshold,0,144112.60202547192
2002-08-30,drift_threshold,0,144149.0304887617
2002-09-03,drift_threshold,0,144185.46816035747
2002-09-04,drift_threshold,0,144220.65628056327
2002-09-05,drift_threshold,0,144255.852988346
2002-09-06,drift_threshold,0,144291.0582858015
2002-09-09,drift_threshold,0,144326.272175026
2002-09-10,drift_threshold,0,144361.49465811634
2002-09-11,drift_threshold,0,144396.72573716982
2002-09-12,drift_threshold,0,144431.96541428426
2002-09-13,drift_threshold,0,144467.213691558
2002-09-16,drift_threshold,0,144502.47057108986
2002-09-17,drift_threshold,0,144537.73605497924
2002-09-18,drift_threshold,0,144573.010145326
2002-09-19,drift_threshold,0,144608.2928442305
2002-09-20,drift_threshold,0,144643.5841537937
2002-09-23,drift_threshold,0,144678.88407611693
2002-09-24,drift_threshold,0,144714.19261330218
2002-09-25,drift_threshold,0,144749.50976745185
2002-09-26,drift_threshold,0,144784.8355406689
2002-09-27,drift_threshold,0,144820.1699350568
2002-09-30,drift_threshold,0,144855.51295271952
2002-10-01,drift_threshold,0,144890.86459576155
2002-10-02,drift_threshold,0,144927.20230466017
2002-10-03,drift_threshold,0,144963.54912682547
2002-10-04,drift_threshold,0,144999.90506454298
2002-10-07,drift_threshold,0,145036.27012009884
2002-10-08,drift_threshold,0,145072.64429577976
2002-10-09,drift_threshold,0,145109.02759387298
2002-10-10,drift_threshold,0,145145.42001666635
2002-10-11,drift_threshold,0,145181.8215664483
2002-10-14,drift_threshold,0,145218.23224550782
2002-10-15,drift_threshold,0,145254.65205613448
2002-10-16,drift_threshold,0,145291.0810006184
2002-10-17,drift_threshold,0,145327.5190812503
2002-10-18,drift_threshold,0,145363.96630032148
2002-10-21,drift_threshold,0,145400.4226601238
2002-10-22,drift_threshold,0,145436.88816294968
2002-10-23,drift_threshold,0,145473.36281109214
2002-10-24,drift_threshold,0,145509.84660684477
2002-10-25,drift_threshold,0,145546.33955250174
2002-10-28,drift_threshold,0,145582.84165035776
2002-10-29,drift_threshold,0,145619.35290270817
2002-10-30,drift_threshold,0,145655.87331184885
2002-10-31,drift_threshold,0,145692.40288007626
2002-11-01,drift_threshold,0,145728.94160968746
2002-11-04,drift_threshold,0,145765.43167403498
2002-11-05,drift_threshold,0,145801.93087537875
2002-11-06,drift_threshold,0,145838.43921600666
2002-11-07,drift_threshold,0,145874.95669820718
2002-11-08,drift_threshold,0,145911.48332426933
2002-11-11,drift_threshold,0,145948.01909648266
2002-11-12,drift_threshold,0,145984.56401713737
2002-11-13,drift_threshold,0,146021.1180885242
2002-11-14,drift_threshold,0,146057.68131293447
2002-11-15,drift_threshold,0,146094.25369266004
2002-11-18,drift_threshold,0,146130.8352299934
2002-11-19,drift_threshold,0,146167.42592722757
2002-11-20,drift_threshold,0,146204.02578665616
2002-11-21,drift_threshold,0,146240.63481057336
2002-11-22,drift_threshold,0,146277.25300127396
2002-11-25,drift_threshold,0,146313.88036105325
2002-11-26,drift_threshold,0,146350.51689220715
2002-11-27,drift_threshold,0,146387.16259703215
2002-11-29,drift_threshold,0,146423.8174778253
2002-12-02,drift_threshold,0,146460.48153688424
2002-12-03,drift_threshold,0,146496.5735841201
2002-12-04,drift_threshold,0,146532.67452546762
2002-12-05,drift_threshold,0,146568.78436311855
2002-12-06,drift_threshold,0,146604.90309926518
2002-12-09,drift_threshold,0,146641.03073610037
2002-12-10,drift_threshold,0,146677.16727581748
2002-12-11,drift_threshold,0,146713.31272061044
2002-12-12,drift_threshold,0,146749.46707267372
2002-12-13,drift_threshold,0,146785.63033420235
2002-12-16,drift_threshold,0,146821.80250739184
2002-12-17,drift_threshold,0,146857.9835944383
2002-12-18,drift_threshold,0,146894.17359753835
2002-12-19,drift_threshold,0,146930.37251888917
2002-12-20,drift_threshold,0,146966.58036068847
2002-12-23,drift_threshold,0,147002.7971251345
2002-12-24,drift_threshold,0,147039.02281442605
2002-12-26,drift_threshold,0,147075.25743076246
2002-12-27,drift_threshold,0,147111.5009763436
2002-12-30,drift_threshold,0,147147.75345336992
2002-12-31,drift_threshold,0,147184.01486404237
2003-01-02,drift_threshold,0,147220.28521056243
2003-01-03,drift_threshold,0,147256.3308121398
2003-01-06,drift_threshold,0,147292.38523916798
2003-01-07,drift_threshold,0,147328.4484938079
2003-01-08,drift_threshold,0,147364.52057822086
2003-01-09,drift_threshold,0,147400.60149456878
2003-01-10,drift_threshold,0,147436.69124501408
2003-01-13,drift_threshold,0,147472.7898317197
2003-01-14,drift_threshold,0,147508.89725684913
2003-01-15,drift_threshold,0,147545.01352256638
2003-01-16,drift_threshold,0,147581.138631036
2003-01-17,drift_threshold,0,147617.27258442304
2003-01-21,drift_threshold,0,147653.41538489313
2003-01-22,drift_threshold,0,147689.56703461238
2003-01-23,drift_threshold,0,147725.72753574743
2003-01-24,drift_threshold,0,147761.89689046552
2003-01-27,drift_threshold,0,147798.07510093434
2003-01-28,drift_threshold,0,147834.26216932214
2003-01-29,drift_threshold,0,147870.45809779773
2003-01-30,drift_threshold,0,147906.6628885304
2003-01-31,drift_threshold,0,147942.87654369
2003-02-03,drift_threshold,0,147979.09906544694
2003-02-04,drift_threshold,0,148014.0385749485
2003-02-05,drift_threshold,0,148048.98633405648
2003-02-06,drift_threshold,0,148083.94234471867
2003-02-07,drift_threshold,0,148118.9066088834
2003-02-10,drift_threshold,0,148153.8791284994
2003-02-11,drift_threshold,0,148188.85990551586
2003-02-12,drift_threshold,0,148223.84894188243
2003-02-13,drift_threshold,0,148258.84623954925
2003-02-14,drift_threshold,0,148293.85180046692
2003-02-18,drift_threshold,0,148328.86562658648
2003-02-19,drift_threshold,0,148363.88771985943
2003-02-20,drift_threshold,0,148398.91808223774
2003-02-21,drift_threshold,0,148433.95671567382
2003-02-24,drift_threshold,0,148469.00362212057
2003-02-25,drift_threshold,0,148504.05880353134
2003-02-26,drift_threshold,0,148539.12226185994
2003-02-27,drift_threshold,0,148574.19399906066
2003-02-28,drift_threshold,0,148609.27401708823
2003-03-03,drift_threshold,0,148644.36231789782
2003-03-04,drift_threshold,0,148679.10498829672
2003-03-05,drift_threshold,0,148713.8557791055
2003-03-06,drift_threshold,0,148748.61469222212
2003-03-07,drift_threshold,0,148783.381729545
2003-03-10,drift_threshold,0,148818.15689297306
2003-03-11,drift_threshold,0,148852.94018440557
2003-03-12,drift_threshold,0,148887.73160574233
2003-03-13,drift_threshold,0,148922.5311588835
2003-03-14,drift_threshold,0,148957.33884572977
2003-03-17,drift_threshold,0,148992.1546681822
2003-03-18,drift_threshold,0,149026.97862814233
2003-03-19,drift_threshold,0,149061.81072751217
2003-03-20,drift_threshold,0,149096.65096819412
2003-03-21,drift_threshold,0,149131.49935209105
2003-03-24,drift_threshold,0,149166.35588110628
2003-03-25,drift_threshold,0,149201.22055714356
2003-03-26,drift_threshold,0,149236.09338210712
2003-03-27,drift_threshold,0,149270.97435790158
2003-03-28,drift_threshold,0,149305.86348643206
2003-03-31,drift_threshold,0,149340.7607696041
2003-04-01,drift_threshold,0,149375.66620932365
2003-04-02,drift_threshold,0,149409.69066662688
2003-04-03,drift_threshold,0,149443.7228739454
2003-04-04,drift_threshold,0,149477.76283304446
2003-04-07,drift_threshold,0,149511.81054568978
2003-04-08,drift_threshold,0,149545.8660136474
2003-04-09,drift_threshold,0,149579.92923868384
2003-04-10,drift_threshold,0,149614.00022256598
2003-04-11,drift_threshold,0,149648.07896706113
2003-04-14,drift_threshold,0,149682.16547393697
2003-04-15,drift_threshold,0,149716.2597449616
2004-07-23,drift_threshold,0,160775.4941065621
2004-07-26,drift_threshold,0,160812.6255897248
2004-07-27,drift_threshold,0,160849.76564849194
2004-07-28,drift_threshold,0,160886.9142848441
2004-07-29,drift_threshold,0,160924.07150076225
2004-07-30,drift_threshold,0,160961.2372982279
2004-08-05,drift_threshold,0,161106.72655880908
2004-08-06,drift_threshold,0,161142.8477098034
2004-08-09,drift_threshold,0,161178.97695938914
2004-08-10,drift_threshold,0,161215.114309382
2004-08-11,drift_threshold,0,161251.2597615982
2004-08-12,drift_threshold,0,161287.41331785425
2004-08-13,drift_threshold,0,161323.57497996718
2004-08-16,drift_threshold,0,161359.74474975435
2004-08-17,drift_threshold,0,161395.92262903356
2004-08-18,drift_threshold,0,161432.108619623
2004-08-19,drift_threshold,0,161468.3027233413
2004-08-20,drift_threshold,0,161504.50494200745
2004-08-23,drift_threshold,0,161540.71527744088
2004-08-24,drift_threshold,0,161576.9337314614
2004-08-25,drift_threshold,0,161613.1603058893
2004-08-26,drift_threshold,0,161649.39500254518
2004-10-15,drift_threshold,0,162885.31967689138
2004-10-18,drift_threshold,0,162920.67613318632
2004-10-19,drift_threshold,0,162956.04026407714
2004-10-20,drift_threshold,0,162991.4120712297
2004-10-21,drift_threshold,0,163026.79155631023
2004-10-22,drift_threshold,0,163062.17872098534
2004-10-25,drift_threshold,0,163097.573566922
2004-10-26,drift_threshold,0,163132.9760957875
2004-10-27,drift_threshold,0,163168.38630924956
2004-10-28,drift_threshold,0,163203.80420897622
2005-10-12,drift_threshold,0,171602.20661523283
2005-10-13,drift_threshold,0,171638.6380360817
2005-10-14,drift_threshold,0,171675.07719137907
2005-10-17,drift_threshold,0,171711.52408276693
2005-10-18,drift_threshold,0,171747.97871188767
2005-10-19,drift_threshold,0,171784.44108038404
2005-10-20,drift_threshold,0,171820.91118989914
2005-10-21,drift_threshold,0,171857.38904207636
2005-10-24,drift_threshold,0,171893.8746385595
2005-10-25,drift_threshold,0,171930.36798099268
2006-06-13,drift_threshold,0,178018.18683183184
2006-06-14,drift_threshold,0,178059.7950508969
2006-06-15,drift_threshold,0,178101.41299505762
2006-06-16,drift_threshold,0,178143.040666587
2006-06-19,drift_threshold,0,178184.67806775868
2006-06-20,drift_threshold,0,178226.32520084674
2006-06-21,drift_threshold,0,178267.98206812583
2006-06-22,drift_threshold,0,178309.6486718711
2006-06-23,drift_threshold,0,178351.3250143583
2006-06-26,drift_threshold,0,178393.01109786364
2006-06-27,drift_threshold,0,178434.7069246639
2006-06-28,drift_threshold,0,178476.41249703636
2006-06-29,drift_threshold,0,178518.12781725888
2006-06-30,drift_threshold,0,178559.85288760983
2006-07-17,drift_threshold,0,178975.08414006335
2006-07-18,drift_threshold,0,179016.631927453
2006-07-19,drift_threshold,0,179058.18935986474
2006-07-20,drift_threshold,0,179099.75643953757
2006-07-21,drift_threshold,0,179141.33316871102
2006-07-24,drift_threshold,0,179182.9195496252
2006-07-25,drift_threshold,0,179224.51558452065
2007-08-16,drift_threshold,0,190004.09044277322
2007-08-17,drift_threshold,0,190047.7461445059
2007-08-20,drift_threshold,0,190091.41187665577
2007-08-21,drift_threshold,0,190135.08764152744
2007-08-22,drift_threshold,0,190178.77344142602
2007-11-12,drift_threshold,0,192636.68480609628
2007-11-13,drift_threshold,0,192678.26986821316
2007-11-14,drift_threshold,0,192719.8639074228
2007-11-15,drift_threshold,0,192761.46692566315
2007-11-16,drift_threshold,0,192803.0789248725
2007-11-19,drift_threshold,0,192844.6999069896
2007-11-20,drift_threshold,0,192886.32987395365
2007-11-21,drift_threshold,0,192927.96882770423
2007-11-23,drift_threshold,0,192969.6167701813
2007-11-26,drift_threshold,0,193011.27370332534
2007-11-27,drift_threshold,0,193052.93962907715
2007-11-28,drift_threshold,0,193094.61454937802
2007-11-29,drift_threshold,0,193136.29846616962
2007-11-30,drift_threshold,0,193177.99138139407
2007-12-03,drift_threshold,0,193219.69329699385
2007-12-04,drift_threshold,0,193261.78758731927
2007-12-05,drift_threshold,0,193303.89104818652
2007-12-06,drift_threshold,0,193346.00368159343
2007-12-18,drift_threshold,0,193683.2352001655
2007-12-19,drift_threshold,0,193725.43047640554
2007-12-20,drift_threshold,0,193767.6349451879
2007-12-21,drift_threshold,0,193809.84860851523
2007-12-24,drift_threshold,0,193852.07146839064
2008-01-02,drift_threshold,0,194063.32378612796
2008-01-03,drift_threshold,0,194104.36971929384
2008-01-04,drift_threshold,0,194145.42433400033
2008-01-07,drift_threshold,0,194186.48763208368
2008-01-08,drift_threshold,0,194227.55961538045
2008-01-09,drift_threshold,0,194268.64028572768
2008-01-10,drift_threshold,0,194309.72964496273
2008-01-11,drift_threshold,0,194350.82769492336
2008-01-14,drift_threshold,0,194391.93443744772
2008-01-15,drift_threshold,0,194433.04987437438
2008-01-16,drift_threshold,0,194474.17400754226
2008-01-17,drift_threshold,0,194515.30683879068
2008-01-18,drift_threshold,0,194556.44836995937
2008-01-22,drift_threshold,0,194597.5986028884
2008-01-23,drift_threshold,0,194638.7575394183
2008-01-24,drift_threshold,0,194679.92518138993
2008-01-25,drift_threshold,0,194721.10153064458
2008-01-28,drift_threshold,0,194762.2865890239
2008-01-29,drift_threshold,0,194803.4803583699
2008-01-30,drift_threshold,0,194844.68284052509
2008-01-31,drift_threshold,0,194885.89403733224
2008-02-01,drift_threshold,0,194927.11395063458
2008-02-04,drift_threshold,0,194969.88962286263
2008-02-05,drift_threshold,0,195012.6746819743
2008-02-06,drift_threshold,0,195055.46913002952
2008-02-07,drift_threshold,0,195098.2729690886
2008-02-08,drift_threshold,0,195141.08620121237
2008-02-11,drift_threshold,0,195183.90882846207
2008-02-12,drift_threshold,0,195226.7408528994
2008-02-13,drift_threshold,0,195269.5822765866
2008-02-14,drift_threshold,0,195312.43310158618
2008-02-15,drift_threshold,0,195355.29332996125
2008-02-19,drift_threshold,0,195398.16296377534
2008-02-20,drift_threshold,0,195441.0420050924
2008-02-21,drift_threshold,0,195483.93045597686
2008-02-22,drift_threshold,0,195526.8283184936
2008-02-25,drift_threshold,0,195569.73559470792
2008-02-26,drift_threshold,0,195612.65228668565
2008-02-27,drift_threshold,0,195655.57839649302
2008-02-28,drift_threshold,0,195698.5139261967
2008-02-29,drift_threshold,0,195741.45887786383
2008-03-03,drift_threshold,0,195784.41325356203
2008-03-04,drift_threshold,0,195827.22167090437
2008-03-05,drift_threshold,0,195870.03944834115
2008-03-06,drift_threshold,0,195912.86658791895
2008-03-07,drift_threshold,0,195955.7030916848
2008-03-10,drift_threshold,0,195998.54896168617
2008-03-11,drift_threshold,0,196041.40419997106
2008-03-12,drift_threshold,0,196084.2688085878
2008-03-13,drift_threshold,0,196127.14278958522
2008-03-14,drift_threshold,0,196170.02614501264
2008-03-17,drift_threshold,0,196212.91887691975
2008-03-18,drift_threshold,0,196255.82098735674
2008-03-19,drift_threshold,0,196298.7324783742
2008-03-20,drift_threshold,0,196341.65335202325
2008-03-24,drift_threshold,0,196384.5836103554
2008-03-25,drift_threshold,0,196427.52325542257
2008-03-26,drift_threshold,0,196470.4722892772
2008-03-27,drift_threshold,0,196513.43071397222
2008-03-28,drift_threshold,0,196556.39853156087
2008-03-31,drift_threshold,0,196599.37574409693
2008-04-01,drift_threshold,0,196642.36235363464
2008-04-02,drift_threshold,0,196685.67049296253
2008-04-03,drift_threshold,0,196728.98817039252
2008-04-04,drift_threshold,0,196772.31538802528
2008-04-07,drift_threshold,0,196815.65214796193
2008-04-08,drift_threshold,0,196858.99845230405
2008-04-09,drift_threshold,0,196902.35430315367
2008-04-10,drift_threshold,0,196945.71970261328
2008-04-11,drift_threshold,0,196989.0946527859
2008-04-14,drift_threshold,0,197032.4791557749
2008-04-15,drift_threshold,0,197075.87321368422
2008-04-16,drift_threshold,0,197119.27682861817
2008-04-17,drift_threshold,0,197162.6900026816
2008-04-18,drift_threshold,0,197206.1127379798
2008-04-21,drift_threshold,0,197249.5450366185
2008-04-22,drift_threshold,0,197292.98690070395
2008-04-23,drift_threshold,0,197336.4383323428
2008-04-24,drift_threshold,0,197379.89933364218
2008-04-25,drift_threshold,0,197423.3699067097
2008-04-28,drift_threshold,0,197466.85005365344
2008-04-29,drift_threshold,0,197510.3397765819
2008-04-30,drift_threshold,0,197553.83907760412
2008-05-01,drift_threshold,0,197597.34795882954
2008-05-02,drift_threshold,0,197641.02324566012
2008-05-05,drift_threshold,0,197684.7081861156
2008-05-06,drift_threshold,0,197728.40278232977
2008-05-07,drift_threshold,0,197772.10703643682
2008-05-08,drift_threshold,0,197815.82095057145
2008-05-09,drift_threshold,0,197859.54452686885
2008-05-12,drift_threshold,0,197903.27776746466
2008-05-13,drift_threshold,0,197947.02067449503
2008-05-14,drift_threshold,0,197990.7732500965
2008-05-15,drift_threshold,0,198034.53549640614
2008-05-16,drift_threshold,0,198078.3074155615
2008-05-23,drift_threshold,0,198297.31217887072
2008-05-27,drift_threshold,0,198341.142180015
2008-05-28,drift_threshold,0,198384.981868981
2008-05-29,drift_threshold,0,198428.83124790998
2008-05-30,drift_threshold,0,198472.69031894376
2008-06-02,drift_threshold,0,198516.55908422457
2008-06-03,drift_threshold,0,198561.30408643087
2008-06-04,drift_threshold,0,198606.05917401862
2008-06-05,drift_threshold,0,198650.824349261
2008-06-06,drift_threshold,0,198695.5996144318
2008-06-09,drift_threshold,0,198740.3849718052
2008-06-10,drift_threshold,0,198785.18042365598
2008-06-11,drift_threshold,0,198829.9859722594
2008-06-12,drift_threshold,0,198874.80161989125
2008-06-13,drift_threshold,0,198919.6273688278
2008-06-16,drift_threshold,0,198964.46322134585
2008-06-17,drift_threshold,0,199009.30917972274
2008-06-18,drift_threshold,0,199054.16524623625
2008-06-19,drift_threshold,0,199099.03142316476
2008-06-20,drift_threshold,0,199143.90771278713
2008-06-23,drift_threshold,0,199188.7941173827
2008-06-24,drift_threshold,0,199233.69063923138
2008-06-25,drift_threshold,0,199278.59728061355
2008-06-26,drift_threshold,0,199323.51404381014
2008-06-27,drift_threshold,0,199368.44093110255
2008-06-30,drift_threshold,0,199413.37794477274
2008-07-01,drift_threshold,0,199458.32508710315
2008-07-02,drift_threshold,0,199503.20321024774
2008-07-03,drift_threshold,0,199548.09143097003
2008-07-07,drift_threshold,0,199592.989751542
2008-07-08,drift_threshold,0,199637.8981742361
2008-07-09,drift_threshold,0,199682.8167013253
2008-07-10,drift_threshold,0,199727.7453350831
2008-07-11,drift_threshold,0,199772.6840777835
2008-07-14,drift_threshold,0,199817.632931701
2008-07-15,drift_threshold,0,199862.59189911062
2008-07-16,drift_threshold,0,199907.56098228792
2008-07-17,drift_threshold,0,199952.54018350894
2008-07-18,drift_threshold,0,199997.52950505025
2008-07-21,drift_threshold,0,200042.52894918888
2008-07-22,drift_threshold,0,200087.53851820246
2008-07-23,drift_threshold,0,200132.55821436906
2008-07-24,drift_threshold,0,200177.5880399673
2008-07-25,drift_threshold,0,200222.6279972763
2008-07-28,drift_threshold,0,200267.67808857566
2008-07-29,drift_threshold,0,200312.73831614558
2008-07-30,drift_threshold,0,200357.8086822667
2008-07-31,drift_threshold,0,200402.8891892202
2008-08-01,drift_threshold,0,200447.9798392878
2008-08-04,drift_threshold,0,200492.84200620418
2008-08-05,drift_threshold,0,200537.71421370082
2008-08-06,drift_threshold,0,200582.59646402483
2008-08-07,drift_threshold,0,200627.48875942393
2008-08-08,drift_threshold,0,200672.39110214627
2008-08-11,drift_threshold,0,200717.30349444057
2008-08-12,drift_threshold,0,200762.225938556
2008-08-13,drift_threshold,0,200807.15843674223
2008-08-14,drift_threshold,0,200852.1009912495
2008-08-15,drift_threshold,0,200897.05360432848
2008-08-18,drift_threshold,0,200942.0162782304
2008-08-19,drift_threshold,0,200986.98901520696
2008-08-20,drift_threshold,0,201031.97181751035
2008-08-21,drift_threshold,0,201076.9646873933
2008-08-22,drift_threshold,0,201121.96762710906
2008-08-25,drift_threshold,0,201166.9806389113
2008-08-26,drift_threshold,0,201212.0037250543
2008-08-27,drift_threshold,0,201257.03688779275
2008-08-28,drift_threshold,0,201302.08012938194
2008-08-29,drift_threshold,0,201347.13345207757
2008-09-02,drift_threshold,0,201392.1968581359
2008-09-03,drift_threshold,0,201437.3502673521
2008-09-04,drift_threshold,0,201482.51380024935
2008-09-05,drift_threshold,0,201527.68745909742
2008-09-08,drift_threshold,0,201572.87124616661
2008-09-09,drift_threshold,0,201618.06516372776
2008-09-10,drift_threshold,0,201663.26921405218
2008-09-11,drift_threshold,0,201708.4833994117
2008-09-12,drift_threshold,0,201753.70772207863
2008-09-15,drift_threshold,0,201798.94218432583
2008-09-16,drift_threshold,0,201844.18678842668
2008-09-17,drift_threshold,0,201889.44153665504
2008-09-18,drift_threshold,0,201934.70643128527
2008-09-19,drift_threshold,0,201979.9814745923
2008-09-22,drift_threshold,0,202025.2666688515
2008-09-23,drift_threshold,0,202070.56201633875
2008-09-24,drift_threshold,0,202115.8675193305
2008-09-25,drift_threshold,0,202161.1831801037
2008-09-26,drift_threshold,0,202206.50900093574
2008-09-29,drift_threshold,0,202251.8449841046
2008-09-30,drift_threshold,0,202297.19113188874
2008-10-01,drift_threshold,0,202342.54744656713
2008-10-02,drift_threshold,0,202392.9724941054
2008-10-03,drift_threshold,0,202443.4101078857
2008-10-06,drift_threshold,0,202493.86029103957
2008-10-07,drift_threshold,0,202544.3230466994
2008-10-08,drift_threshold,0,202594.79837799835
2008-10-09,drift_threshold,0,202645.28628807032
2008-10-10,drift_threshold,0,202695.78678005005
2008-10-13,drift_threshold,0,202746.29985707303
2008-10-14,drift_threshold,0,202796.8255222755
2008-10-15,drift_threshold,0,202847.36377879453
2008-10-16,drift_threshold,0,202897.91462976797
2008-10-17,drift_threshold,0,202948.47807833445
2008-10-20,drift_threshold,0,202999.05412763334
2008-10-21,drift_threshold,0,203049.64278080483
2008-10-22,drift_threshold,0,203100.2440409899
2008-10-23,drift_threshold,0,203150.85791133027
2008-10-24,drift_threshold,0,203201.4843949685
2008-10-27,drift_threshold,0,203252.12349504788
2008-10-28,drift_threshold,0,203302.7752147125
2008-10-29,drift_threshold,0,203353.43955710728
2008-10-30,drift_threshold,0,203404.11652537787
2008-10-31,drift_threshold,0,203454.8061226707
2008-11-03,drift_threshold,0,203505.508352133
2008-11-04,drift_threshold,0,203554.9311184471
2008-11-05,drift_threshold,0,203604.365887433
2008-11-06,drift_threshold,0,203653.81266200566
2008-11-07,drift_threshold,0,203703.27144508073
2008-11-10,drift_threshold,0,203752.74223957452
2008-11-11,drift_threshold,0,203802.22504840413
2008-11-12,drift_threshold,0,203851.71987448732
2008-11-13,drift_threshold,0,203901.22672074256
2008-11-14,drift_threshold,0,203950.74559008903
2008-11-17,drift_threshold,0,204000.27648544664
2008-11-18,drift_threshold,0,204049.81940973597
2008-11-19,drift_threshold,0,204099.37436587832
2008-11-20,drift_threshold,0,204148.94135679575
2008-11-21,drift_threshold,0,204198.520385411
2008-11-24,drift_threshold,0,204248.11145464744
2008-11-25,drift_threshold,0,204297.7145674293
2008-11-26,drift_threshold,0,204347.32972668138
2008-11-28,drift_threshold,0,204396.95693532928
2008-12-01,drift_threshold,0,204446.59619629927
2008-12-02,drift_threshold,0,204487.5666451402
2008-12-03,drift_threshold,0,204528.54530432902
2008-12-04,drift_threshold,0,204569.53217551103
2008-12-05,drift_threshold,0,204610.52726033193
2008-12-08,drift_threshold,0,204651.53056043768
2008-12-09,drift_threshold,0,204692.5420774746
2008-12-10,drift_threshold,0,204733.56181308933
2008-12-11,drift_threshold,0,204774.58976892885
2008-12-12,drift_threshold,0,204815.62594664047
2008-12-15,drift_threshold,0,204856.67034787184
2008-12-16,drift_threshold,0,204897.72297427093
2008-12-17,drift_threshold,0,204938.783827486
2008-12-18,drift_threshold,0,204979.85290916573
2008-12-19,drift_threshold,0,205020.93022095904
2008-12-22,drift_threshold,0,205062.01576451524
2008-12-23,drift_threshold,0,205103.10954148392
2008-12-24,drift_threshold,0,205144.21155351505
2008-12-26,drift_threshold,0,205185.3218022589
2008-12-29,drift_threshold,0,205226.4402893661
2008-12-30,drift_threshold,0,205267.56701648756
2008-12-31,drift_threshold,0,205308.7019852746
2009-01-02,drift_threshold,0,205349.84519737877
2009-01-05,drift_threshold,0,205390.99665445206
2009-01-06,drift_threshold,0,205432.1563581467
2009-01-07,drift_threshold,0,205473.32431011528
2009-01-08,drift_threshold,0,205514.50051201077
2009-01-09,drift_threshold,0,205555.68496548638
2009-01-12,drift_threshold,0,205596.87767219573
2009-01-13,drift_threshold,0,205638.07863379273
2009-01-14,drift_threshold,0,205679.28785193164
2009-01-15,drift_threshold,0,205720.50532826706
2009-01-16,drift_threshold,0,205761.73106445387
2009-01-20,drift_threshold,0,205802.96506214733
2009-01-21,drift_threshold,0,205844.20732300304
2009-01-22,drift_threshold,0,205885.4578486769
2009-01-23,drift_threshold,0,205926.71664082512
2009-01-26,drift_threshold,0,205967.98370110433
2009-01-27,drift_threshold,0,206009.25903117142
2009-01-28,drift_threshold,0,206050.54263268362
2009-01-29,drift_threshold,0,206091.8345072985
2009-01-30,drift_threshold,0,206133.13465667397
2009-02-02,drift_threshold,0,206174.44308246826
2009-02-03,drift_threshold,0,206217.55972195417
2009-02-04,drift_threshold,0,206260.68537829284
2009-02-05,drift_threshold,0,206303.82005336997
2009-02-06,drift_threshold,0,206346.9637490716
2009-02-09,drift_threshold,0,206390.1164672842
2009-02-10,drift_threshold,0,206433.27820989463
2009-02-11,drift_threshold,0,206476.4489787901
2009-02-12,drift_threshold,0,206519.6287758583
2009-02-13,drift_threshold,0,206562.8176029872
2009-02-17,drift_threshold,0,206606.0154620653
2009-02-18,drift_threshold,0,206649.22235498138
2009-02-19,drift_threshold,0,206692.43828362465
2009-02-20,drift_threshold,0,206735.66324988476
2009-02-23,drift_threshold,0,206778.8972556517
2009-02-24,drift_threshold,0,206822.14030281588
2009-02-25,drift_threshold,0,206865.3923932681
2009-02-26,drift_threshold,0,206908.65352889954
2009-02-27,drift_threshold,0,206951.92371160182
2009-03-02,drift_threshold,0,206995.2029432669
2009-03-03,drift_threshold,0,207040.3804677188
2009-03-04,drift_threshold,0,207085.56785234468
2009-03-05,drift_threshold,0,207130.76509929658
2009-03-06,drift_threshold,0,207175.972210727
2009-03-09,drift_threshold,0,207221.18918878885
2009-03-10,drift_threshold,0,207266.4160356356
2009-03-11,drift_threshold,0,207311.65275342116
2009-03-12,drift_threshold,0,207356.8993442999
2009-03-13,drift_threshold,0,207402.15581042663
2009-03-16,drift_threshold,0,207447.4221539567
2009-03-17,drift_threshold,0,207492.69837704586
2009-03-18,drift_threshold,0,207537.98448185038
2009-03-19,drift_threshold,0,207583.28047052698
2009-03-20,drift_threshold,0,207628.58634523285
2009-03-23,drift_threshold,0,207673.90210812565
2009-03-24,drift_threshold,0,207719.22776136352
2009-03-25,drift_threshold,0,207764.5633071051
2009-03-26,drift_threshold,0,207809.9087475094
2009-03-27,drift_threshold,0,207855.26408473606
2009-03-30,drift_threshold,0,207900.62932094504
2009-03-31,drift_threshold,0,207946.00445829684
2009-04-01,drift_threshold,0,207991.38949895243
2009-04-02,drift_threshold,0,208035.8765461508
2009-04-03,drift_threshold,0,208080.3731086343
2009-04-06,drift_threshold,0,208124.8791884381
2009-04-07,drift_threshold,0,208169.39478759785
2009-04-08,drift_threshold,0,208213.91990814963
2009-04-09,drift_threshold,0,208258.45455213
2009-04-13,drift_threshold,0,208302.99872157586
2009-04-14,drift_threshold,0,208347.55241852463
2009-04-15,drift_threshold,0,208392.11564501416
2009-04-16,drift_threshold,0,208436.68840308266
2009-04-17,drift_threshold,0,208481.27069476887
2009-04-20,drift_threshold,0,208525.86252211191
2009-04-21,drift_threshold,0,208570.46388715136
2009-04-22,drift_threshold,0,208615.0747919272
2009-04-23,drift_threshold,0,208659.69523847994
2009-04-24,drift_threshold,0,208704.3252288504
2009-04-27,drift_threshold,0,208748.9647650799
2009-04-28,drift_threshold,0,208793.6138492102
2009-04-29,drift_threshold,0,208838.2724832835
2009-04-30,drift_threshold,0,208882.94066934244
2009-05-01,drift_threshold,0,208927.61840943006
2009-05-04,drift_threshold,0,208973.5493223661
2009-05-05,drift_threshold,0,209019.49033281236
2009-05-06,drift_threshold,0,209065.4414429887
2009-05-07,drift_threshold,0,209111.40265511544
2009-05-08,drift_threshold,0,209157.3739714134
2009-05-11,drift_threshold,0,209203.35539410394
2009-05-12,drift_threshold,0,209249.34692540884
2009-05-13,drift_threshold,0,209295.3485675504
2009-05-14,drift_threshold,0,209341.36032275134
2009-05-15,drift_threshold,0,209387.38219323498
2009-05-18,drift_threshold,0,209433.4141812251
2009-05-19,drift_threshold,0,209479.4562889459
2009-05-20,drift_threshold,0,209525.5085186221
2009-05-21,drift_threshold,0,209571.57087247897
2009-05-22,drift_threshold,0,209617.64335274222
2009-05-26,drift_threshold,0,209663.72596163803
2009-05-27,drift_threshold,0,209709.8187013931
2009-05-28,drift_threshold,0,209755.92157423458
2009-05-29,drift_threshold,0,209802.0345823902
2009-06-01,drift_threshold,0,209848.15772808806
2010-05-24,drift_threshold,0,220971.81398927746
2010-05-25,drift_threshold,0,221015.30685425314
2010-05-26,drift_threshold,0,221058.80827972922
2010-05-27,drift_threshold,0,221102.31826739063
2010-05-28,drift_threshold,0,221145.83681892263
2010-06-01,drift_threshold,0,221189.3639360108
2010-06-02,drift_threshold,0,221232.19743188412
2010-06-03,drift_threshold,0,221275.03922249793
2010-06-04,drift_threshold,0,221317.88930945846
2010-06-07,drift_threshold,0,221360.74769437234
2010-06-08,drift_threshold,0,221403.61437884648
2010-06-09,drift_threshold,0,221446.4893644881
2010-06-10,drift_threshold,0,221489.3726529047
2010-06-11,drift_threshold,0,221532.26424570417
2010-06-14,drift_threshold,0,221575.1641444946
2010-06-15,drift_threshold,0,221618.0723508845
2010-06-16,drift_threshold,0,221660.9888664826
2010-06-24,drift_threshold,0,221918.66254357446
2010-06-25,drift_threshold,0,221961.63726870195
2010-06-28,drift_threshold,0,222004.62031591905
2010-06-29,drift_threshold,0,222047.61168683736
2010-06-30,drift_threshold,0,222090.61138306878
2010-07-01,drift_threshold,0,222133.6194062255
2010-07-02,drift_threshold,0,222175.22538573336
2010-07-06,drift_threshold,0,222216.8391581072
2010-07-07,drift_threshold,0,222258.46072480667
2010-07-08,drift_threshold,0,222300.09008729164
2010-07-09,drift_threshold,0,222341.72724702227
2010-07-12,drift_threshold,0,222383.37220545902
2010-07-13,drift_threshold,0,222425.02496406258
2010-07-14,drift_threshold,0,222466.68552429395
2010-07-15,drift_threshold,0,222508.3538876144
2010-07-16,drift_threshold,0,222550.0300554854
2010-07-19,drift_threshold,0,222591.7140293688
2010-07-20,drift_threshold,0,222633.4058107267
2010-07-21,drift_threshold,0,222675.1054010214
2010-07-22,drift_threshold,0,222716.81280171557
2010-07-23,drift_threshold,0,222758.52801427207
2010-07-26,drift_threshold,0,222800.2510401541
2010-07-27,drift_threshold,0,222841.98188082513
2010-08-13,drift_threshold,0,223366.84922946707
2010-08-16,drift_threshold,0,223406.6475291909
2010-08-17,drift_threshold,0,223446.45291996098
2010-08-18,drift_threshold,0,223486.26540304077
2010-08-19,drift_threshold,0,223526.08497969393
2010-08-20,drift_threshold,0,223565.91165118435
2010-08-23,drift_threshold,0,223605.74541877618
2010-08-24,drift_threshold,0,223645.58628373372
2010-08-25,drift_threshold,0,223685.43424732157
2010-08-26,drift_threshold,0,223725.2893108045
2010-08-27,drift_threshold,0,223765.15147544758
2010-08-30,drift_threshold,0,223805.02074251603
2010-08-31,drift_threshold,0,223844.8971132753
2010-09-01,drift_threshold,0,223884.78058899113
2010-09-02,drift_threshold,0,223925.026543597
2010-09-03,drift_threshold,0,223965.27973289232
2010-09-07,drift_threshold,0,224005.54015817764
2010-09-08,drift_threshold,0,224045.8078207537
2010-09-09,drift_threshold,0,224086.08272192147
2010-09-10,drift_threshold,0,224126.36486298218
2010-09-13,drift_threshold,0,224166.65424523733
2011-08-04,drift_threshold,0,234364.74369635407
2011-08-05,drift_threshold,0,234405.38551897125
2011-08-08,drift_threshold,0,234446.03438939658
2011-08-09,drift_threshold,0,234486.6903088522
2011-08-10,drift_threshold,0,234527.35327856053
2011-08-11,drift_threshold,0,234568.02329974415
2011-08-12,drift_threshold,0,234608.70037362588
2011-08-15,drift_threshold,0,234649.38450142875
2011-08-16,drift_threshold,0,234690.07568437603
2011-08-17,drift_threshold,0,234730.77392369113
2011-08-18,drift_threshold,0,234771.47922059774
2011-08-19,drift_threshold,0,234812.19157631972
2011-08-22,drift_threshold,0,234852.91099208116
2011-08-23,drift_threshold,0,234893.63746910638
2011-08-24,drift_threshold,0,234934.37100861987
2011-08-25,drift_threshold,0,234975.11161184637
2011-08-26,drift_threshold,0,235015.8592800108
2011-08-29,drift_threshold,0,235056.61401433832
2011-08-30,drift_threshold,0,235097.3758160543
2011-08-31,drift_threshold,0,235138.1446863843
2011-09-01,drift_threshold,0,235178.9206265541
2011-09-02,drift_threshold,0,235217.09053867168
2011-09-06,drift_threshold,0,235255.26664582657
2011-09-07,drift_threshold,0,235293.44894902426
2011-09-08,drift_threshold,0,235331.63744927035
2011-09-09,drift_threshold,0,235369.83214757065
2011-09-12,drift_threshold,0,235408.0330449311
2011-09-13,drift_threshold,0,235446.24014235783
2011-09-14,drift_threshold,0,235484.45344085712
2011-09-15,drift_threshold,0,235522.67294143542
2011-09-16,drift_threshold,0,235560.89864509934
2011-09-19,drift_threshold,0,235599.13055285564
2011-09-20,drift_threshold,0,235637.36866571126
2011-09-21,drift_threshold,0,235675.61298467327
2011-09-22,drift_threshold,0,235713.86351074895
2011-09-23,drift_threshold,0,235752.12024494575
2011-09-26,drift_threshold,0,235790.38318827123
2011-09-27,drift_threshold,0,235828.65234173313
2011-09-28,drift_threshold,0,235866.9277063394
2011-09-29,drift_threshold,0,235905.20928309808
2011-09-30,drift_threshold,0,235943.49707301744
2011-10-03,drift_threshold,0,235981.79107710588
2011-10-04,drift_threshold,0,236019.0612171252
2011-10-05,drift_threshold,0,236056.3372434603
2011-10-06,drift_threshold,0,236093.6191570408
2011-10-07,drift_threshold,0,236130.90695879658
2011-10-10,drift_threshold,0,236168.20064965752
2011-10-11,drift_threshold,0,236205.50023055376
2011-10-12,drift_threshold,0,236242.8057024156
2011-10-13,drift_threshold,0,236280.11706617335
2011-10-14,drift_threshold,0,236317.43432275762
2011-10-17,drift_threshold,0,236354.75747309907
2011-10-18,drift_threshold,0,236392.08651812855
2011-10-19,drift_threshold,0,236429.42145877704
2011-10-20,drift_threshold,0,236466.7622959757
2011-10-21,drift_threshold,0,236504.1090306558
2011-10-24,drift_threshold,0,236541.46166374872
2011-10-25,drift_threshold,0,236578.82019618608
2011-10-26,drift_threshold,0,236616.1846288996
2011-10-27,drift_threshold,0,236653.55496282113
2011-10-28,drift_threshold,0,236690.93119888272
2011-10-31,drift_threshold,0,236728.3133380165
2011-11-01,drift_threshold,0,236765.70138115482
2011-11-02,drift_threshold,0,236802.06182815265
2011-11-03,drift_threshold,0,236838.42785907627
2011-11-04,drift_threshold,0,236874.7994747832
2011-11-07,drift_threshold,0,236911.17667613112
2011-11-08,drift_threshold,0,236947.5594639778
2011-11-09,drift_threshold,0,236983.9478391812
2011-11-10,drift_threshold,0,237020.34180259937
2011-11-11,drift_threshold,0,237056.7413550905
2011-11-14,drift_threshold,0,237093.14649751288
2011-11-15,drift_threshold,0,237129.55723072498
2011-11-16,drift_threshold,0,237165.97355558543
2011-11-17,drift_threshold,0,237202.3954729529
2011-11-18,drift_threshold,0,237238.82298368623
2011-11-21,drift_threshold,0,237275.25608864444
2011-11-22,drift_threshold,0,237311.6947886866
2011-11-23,drift_threshold,0,237348.139084672
2011-11-25,drift_threshold,0,237384.58897746
2011-11-28,drift_threshold,0,237421.0444679101
2011-11-29,drift_threshold,0,237457.50555688195
2011-11-30,drift_threshold,0,237493.97224523532
2011-12-01,drift_threshold,0,237530.44453383013
2011-12-02,drift_threshold,0,237567.48797220385
2011-12-05,drift_threshold,0,237604.53718758997
2011-12-06,drift_threshold,0,237641.59218088948
2011-12-14,drift_threshold,0,237864.0435273371
2011-12-15,drift_threshold,0,237901.13899126815
2011-12-16,drift_threshold,0,237938.24024032513
2011-12-19,drift_threshold,0,237975.34727541023
2011-12-20,drift_threshold,0,238012.4600974258
2011-12-21,drift_threshold,0,238049.5787072743
2011-12-22,drift_threshold,0,238086.7031058584
2011-12-23,drift_threshold,0,238123.83329408086
2012-11-16,drift_threshold,0,246094.74493328476
2012-11-19,drift_threshold,0,246128.92475896995
2012-11-20,drift_threshold,0,246163.10933185313
2014-10-15,drift_threshold,0,266575.61206061847
2014-10-16,drift_threshold,0,266617.0793780501
2014-10-17,drift_threshold,0,266658.55314595334
2014-10-20,drift_threshold,0,266700.0333653316
2014-10-21,drift_threshold,0,266741.5200371884
2015-08-24,drift_threshold,0,275438.7686017319
2015-08-25,drift_threshold,0,275482.9262455871
2015-08-26,drift_threshold,0,275527.09096868365
2015-08-27,drift_threshold,0,275571.2627721564
2015-08-28,drift_threshold,0,275615.4416571405
2015-08-31,drift_threshold,0,275659.62762477127
2015-09-01,drift_threshold,0,275703.82067618414
2015-09-02,drift_threshold,0,275748.3490313489
2015-09-03,drift_threshold,0,275792.8845781964
2015-09-04,drift_threshold,0,275837.4273178882
2015-09-08,drift_threshold,0,275881.977251586
2015-09-09,drift_threshold,0,275926.5343804516
2015-09-10,drift_threshold,0,275971.09870564716
2015-09-11,drift_threshold,0,276015.67022833496
2015-09-14,drift_threshold,0,276060.2489496774
2015-09-15,drift_threshold,0,276104.8348708371
2015-09-16,drift_threshold,0,276149.42799297697
2015-09-17,drift_threshold,0,276194.02831726
2015-09-18,drift_threshold,0,276238.6358448493
2015-09-21,drift_threshold,0,276283.25057690835
2015-09-22,drift_threshold,0,276327.87251460075
2015-09-23,drift_threshold,0,276372.5016590902
2015-09-24,drift_threshold,0,276417.1380115407
2015-09-25,drift_threshold,0,276461.7815731164
2015-09-28,drift_threshold,0,276506.4323449815
2015-09-29,drift_threshold,0,276551.0903283007
2015-09-30,drift_threshold,0,276595.7555242387
2015-10-01,drift_threshold,0,276640.4279339603
2015-10-02,drift_threshold,0,276683.7902232595
2015-10-05,drift_threshold,0,276727.15930942545
2015-10-06,drift_threshold,0,276770.53519352357
2015-10-07,drift_threshold,0,276813.9178766194
2015-10-08,drift_threshold,0,276857.3073597786
2015-10-09,drift_threshold,0,276900.70364406717
2015-10-12,drift_threshold,0,276944.10673055105
2015-10-13,drift_threshold,0,276987.5166202965
2015-10-14,drift_threshold,0,277030.93331436993
2015-10-15,drift_threshold,0,277074.35681383783
2015-10-16,drift_threshold,0,277117.787119767
2015-10-19,drift_threshold,0,277161.22423322423
2015-10-20,drift_threshold,0,277204.6681552767
2015-10-21,drift_threshold,0,277248.1188869915
2015-10-22,drift_threshold,0,277291.5764294361
2015-10-23,drift_threshold,0,277335.040783678
2015-12-15,drift_threshold,0,278930.86257529276
2015-12-16,drift_threshold,0,278974.80525483337
2015-12-17,drift_threshold,0,279018.7548570898
2015-12-18,drift_threshold,0,279062.7113831526
2015-12-21,drift_threshold,0,279106.6748341125
2015-12-22,drift_threshold,0,279150.6452110606
2015-12-23,drift_threshold,0,279194.6225150879
2015-12-24,drift_threshold,0,279238.6067472857
2016-01-05,drift_threshold,0,279502.9903820347
2016-01-06,drift_threshold,0,279547.35593606357
2016-01-07,drift_threshold,0,279591.72853224387
2016-01-08,drift_threshold,0,279636.10817169346
2016-01-11,drift_threshold,0,279680.4948555302
2016-01-12,drift_threshold,0,279724.88858487236
2016-01-13,drift_threshold,0,279769.2893608382
2016-01-14,drift_threshold,0,279813.69718454627
2016-01-15,drift_threshold,0,279858.11205711524
2016-01-19,drift_threshold,0,279902.533979664
2016-01-20,drift_threshold,0,279946.96295331157
2016-01-21,drift_threshold,0,279991.3989791772
2016-01-22,drift_threshold,0,280035.8420583802
2016-01-25,drift_threshold,0,280080.29219204024
2016-01-26,drift_threshold,0,280124.74938127707
2016-01-27,drift_threshold,0,280169.2136272106
2016-01-28,drift_threshold,0,280213.68493096094
2016-01-29,drift_threshold,0,280258.1632936484
2016-02-01,drift_threshold,0,280302.6487163934
2016-02-02,drift_threshold,0,280346.6962754774
2016-02-03,drift_threshold,0,280390.7507563207
2016-02-04,drift_threshold,0,280434.812160011
2016-02-05,drift_threshold,0,280478.88048763614
2016-02-08,drift_threshold,0,280522.9557402842
2016-02-09,drift_threshold,0,280567.0379190434
2016-02-10,drift_threshold,0,280611.1270250021
2016-02-11,drift_threshold,0,280655.2230592489
2016-02-12,drift_threshold,0,280699.32602287247
2016-02-16,drift_threshold,0,280743.43591696175
2016-02-17,drift_threshold,0,280787.55274260585
2016-02-18,drift_threshold,0,280831.67650089395
2016-02-19,drift_threshold,0,280875.8071929155
2016-02-22,drift_threshold,0,280919.9448197601
2016-02-23,drift_threshold,0,280964.0893825175
2016-02-24,drift_threshold,0,281008.2408822776
2016-02-25,drift_threshold,0,281052.3993201305
2016-02-26,drift_threshold,0,281096.56469716656
2016-02-29,drift_threshold,0,281140.7370144761
2016-03-01,drift_threshold,0,281184.9162731498
2016-03-02,drift_threshold,0,281227.5403358547
2016-03-03,drift_threshold,0,281270.17085982626
2016-03-04,drift_threshold,0,281312.8078460439
2016-03-07,drift_threshold,0,281355.45129548723
2016-03-08,drift_threshold,0,281398.101209136
2016-03-09,drift_threshold,0,281440.7575879701
2016-03-10,drift_threshold,0,281483.4204329696
2016-03-11,drift_threshold,0,281526.08974511456
2016-03-14,drift_threshold,0,281568.76552538545
2018-10-25,drift_threshold,0,310603.44708538865
2018-10-26,drift_threshold,0,310654.47479455266
2018-10-29,drift_threshold,0,310705.51088684035
2018-10-30,drift_threshold,0,310756.5553636289
2018-10-31,drift_threshold,0,310807.6082262958
2018-11-01,drift_threshold,0,310858.6694762187
2018-11-02,drift_threshold,0,310910.7259676945
2018-11-05,drift_threshold,0,310962.79117656685
2018-11-06,drift_threshold,0,311014.8651042956
2018-11-07,drift_threshold,0,311066.9477523409
2018-11-14,drift_threshold,0,311327.49184843345
2018-11-15,drift_threshold,0,311379.6268490525
2018-11-16,drift_threshold,0,311431.7705802153
2018-11-19,drift_threshold,0,311483.9230433839
2018-11-20,drift_threshold,0,311536.08424002054
2018-11-21,drift_threshold,0,311588.2541715877
2018-11-23,drift_threshold,0,311640.43283954816
2018-11-26,drift_threshold,0,311692.62024536496
2018-11-27,drift_threshold,0,311744.8163905013
2018-11-28,drift_threshold,0,311797.0212764206
2018-11-29,drift_threshold,0,311849.23490458674
2018-11-30,drift_threshold,0,311901.4572764636
2018-12-03,drift_threshold,0,311953.6883935155
2018-12-04,drift_threshold,0,312003.45243428304
2018-12-06,drift_threshold,0,312053.22441359994
2018-12-07,drift_threshold,0,312103.0043327326
2018-12-10,drift_threshold,0,312152.7921929476
2018-12-11,drift_threshold,0,312202.5879955117
2018-12-12,drift_threshold,0,312252.391741692
2018-12-13,drift_threshold,0,312302.20343275554
2018-12-14,drift_threshold,0,312352.02306996984
2018-12-17,drift_threshold,0,312401.85065460246
2018-12-18,drift_threshold,0,312451.68618792115
2018-12-19,drift_threshold,0,312501.529671194
2018-12-20,drift_threshold,0,312551.38110568916
2018-12-21,drift_threshold,0,312601.24049267505
2018-12-24,drift_threshold,0,312651.10783342033
2018-12-26,drift_threshold,0,312700.9831291938
2018-12-27,drift_threshold,0,312750.8663812644
2018-12-28,drift_threshold,0,312800.7575909014
2018-12-31,drift_threshold,0,312850.65675937425
2019-01-02,drift_threshold,0,312900.56388795254
2019-01-03,drift_threshold,0,312949.3614758922
2019-01-04,drift_threshold,0,312998.1666739319
2019-01-07,drift_threshold,0,313046.9794832584
2019-01-08,drift_threshold,0,313095.79990505875
2019-01-09,drift_threshold,0,313144.6279405201
2019-01-10,drift_threshold,0,313193.46359082987
2019-01-11,drift_threshold,0,313242.3068571756
2019-01-14,drift_threshold,0,313291.157740745
2019-01-15,drift_threshold,0,313340.016242726
2019-01-16,drift_threshold,0,313388.8823643067
2019-01-17,drift_threshold,0,313437.7561066754
2019-01-18,drift_threshold,0,313486.63747102063
2019-01-22,drift_threshold,0,313535.526458531
2019-01-23,drift_threshold,0,313584.42307039537
2019-01-24,drift_threshold,0,313633.3273078028
2019-01-25,drift_threshold,0,313682.23917194246
2019-01-28,drift_threshold,0,313731.15866400383
2019-01-29,drift_threshold,0,313780.08578517643
2019-01-30,drift_threshold,0,313829.0205366501
2019-01-31,drift_threshold,0,313877.96291961474
2019-02-01,drift_threshold,0,313926.91293526057
2019-02-04,drift_threshold,0,313974.12654637266
2019-02-05,drift_threshold,0,314021.347258262
2019-02-11,drift_threshold,0,314210.30113495264
2019-02-12,drift_threshold,0,314257.5573667503
2019-02-13,drift_threshold,0,314304.82070573524
2020-03-09,drift_threshold,0,325335.9238413408
2020-03-10,drift_threshold,0,325374.91251157894
2020-03-11,drift_threshold,0,325413.9058542688
2020-03-12,drift_threshold,0,325452.9038699704
2020-03-13,drift_threshold,0,325491.90655924374
2020-03-16,drift_threshold,0,325530.9139226489
2020-03-17,drift_threshold,0,325569.92596074595
2020-03-18,drift_threshold,0,325608.9426740952
2020-03-19,drift_threshold,0,325647.964063257
2020-03-20,drift_threshold,0,325686.99012879154
2020-03-23,drift_threshold,0,325726.02087125933
2020-03-24,drift_threshold,0,325765.0562912209
2020-03-25,drift_threshold,0,325804.09638923674
2020-03-26,drift_threshold,0,325843.1411658675
2020-03-27,drift_threshold,0,325882.1906216739
2020-03-30,drift_threshold,0,325921.24475721666
2020-03-31,drift_threshold,0,325960.3035730566
2020-04-01,drift_threshold,0,325999.36706975463
2020-04-02,drift_threshold,0,326030.8027230078
2020-04-03,drift_threshold,0,326062.2414075561
2020-04-06,drift_threshold,0,326093.6831236918
2020-04-07,drift_threshold,0,326125.1278717073
2020-04-08,drift_threshold,0,326156.57565189496
2020-04-09,drift_threshold,0,326188.0264645471
2020-04-13,drift_threshold,0,326219.4803099562
2020-04-14,drift_threshold,0,326250.9371884146
2020-04-15,drift_threshold,0,326282.39710021496
2020-04-16,drift_threshold,0,326313.86004564964
2020-04-17,drift_threshold,0,326345.3260250112
2020-04-20,drift_threshold,0,326376.7950385922
2020-04-21,drift_threshold,0,326408.26708668517
2020-04-22,drift_threshold,0,326439.7421695828
2020-04-23,drift_threshold,0,326471.2202875777
2020-04-24,drift_threshold,0,326502.7014409626
2020-04-27,drift_threshold,0,326534.1856300301
2020-04-28,drift_threshold,0,326565.672855073
2020-04-29,drift_threshold,0,326597.163116384
2020-04-30,drift_threshold,0,326628.65641425597
2020-05-01,drift_threshold,0,326660.1527489816
2020-05-04,drift_threshold,0,326692.55951016705
2020-05-05,drift_threshold,0,326724.9694863089
2020-05-06,drift_threshold,0,326757.3826777262
2020-05-07,drift_threshold,0,326789.7990847379
2020-05-08,drift_threshold,0,326822.21870766295
2020-05-11,drift_threshold,0,326854.64154682047
2020-05-12,drift_threshold,0,326887.0676025295
2020-05-13,drift_threshold,0,326919.4968751091
2020-05-14,drift_threshold,0,326951.92936487845
2020-05-15,drift_threshold,0,326984.3650721567
2020-05-18,drift_threshold,0,327016.8039972631
2020-05-19,drift_threshold,0,327049.24614051677
2020-05-20,drift_threshold,0,327081.69150223705
2020-05-21,drift_threshold,0,327114.14008274325
2020-05-22,drift_threshold,0,327146.59188235464
2020-05-26,drift_threshold,0,327179.0469013906
2020-05-27,drift_threshold,0,327211.5051401705
2022-01-27,drift_threshold,0,341583.66810555576
2022-01-28,drift_threshold,0,341623.38398442673
2022-01-31,drift_threshold,0,341663.1044810567
2022-02-22,drift_threshold,0,342320.31050174736
2022-02-23,drift_threshold,0,342364.45895449066
2022-02-24,drift_threshold,0,342408.6131009828
2022-02-25,drift_threshold,0,342452.7729419581
2022-02-28,drift_threshold,0,342496.938478151
2022-03-01,drift_threshold,0,342541.109710296
2022-03-02,drift_threshold,0,342587.7333613399
2022-03-03,drift_threshold,0,342634.36335838074
2022-03-04,drift_threshold,0,342680.9997022823
2022-03-07,drift_threshold,0,342727.64239390846
2022-03-08,drift_threshold,0,342774.2914341232
2022-03-09,drift_threshold,0,342820.9468237906
2022-03-10,drift_threshold,0,342867.60856377496
2022-03-11,drift_threshold,0,342914.27665494056
2022-03-14,drift_threshold,0,342960.9510981519
2022-03-15,drift_threshold,0,343007.6318942736
2022-03-16,drift_threshold,0,343054.3190441703
2022-03-17,drift_threshold,0,343101.0125487069
2022-03-18,drift_threshold,0,343147.7124087483
2022-03-21,drift_threshold,0,343194.4186251595
2022-04-13,drift_threshold,0,344025.43139898375
2022-04-14,drift_threshold,0,344076.76217763696
2022-04-18,drift_threshold,0,344128.1006151682
2022-04-19,drift_threshold,0,344179.4467127203
2022-04-20,drift_threshold,0,344230.8004714362
2022-04-21,drift_threshold,0,344282.1618924589
2022-04-22,drift_threshold,0,344333.53097693174
2022-04-25,drift_threshold,0,344384.90772599814
2022-04-26,drift_threshold,0,344436.2921408017
2022-04-27,drift_threshold,0,344487.6842224862
2022-04-28,drift_threshold,0,344539.0839721956
2022-04-29,drift_threshold,0,344590.491391074
2022-05-02,drift_threshold,0,344641.9064802657
2022-05-03,drift_threshold,0,344698.3894593833
2022-05-04,drift_threshold,0,344754.88169543364
2022-05-05,drift_threshold,0,344811.3831899337
2022-05-06,drift_threshold,0,344867.89394440094
2022-05-09,drift_threshold,0,344924.41396035295
2022-05-10,drift_threshold,0,344980.94323930755
2022-05-11,drift_threshold,0,345037.4817827829
2022-05-12,drift_threshold,0,345094.0295922973
2022-05-13,drift_threshold,0,345150.58666936937
2022-05-16,drift_threshold,0,345207.153015518
2022-05-17,drift_threshold,0,345263.7286322622
2022-05-18,drift_threshold,0,345320.3135211214
2022-05-19,drift_threshold,0,345376.9076836151
2022-05-20,drift_threshold,0,345433.51112126326
2022-05-23,drift_threshold,0,345490.1238355859
2022-05-24,drift_threshold,0,345546.7458281034
2022-05-25,drift_threshold,0,345603.3771003363
2022-05-26,drift_threshold,0,345660.01765380555
2022-05-27,drift_threshold,0,345716.66749003215
2022-05-31,drift_threshold,0,345773.3266105375
2022-06-01,drift_threshold,0,345829.9950168431
2022-06-02,drift_threshold,0,345888.1822858459
2022-06-03,drift_threshold,0,345946.3793450877
2022-06-06,drift_threshold,0,346004.5861962156
2022-06-07,drift_threshold,0,346062.80284087715
2022-06-08,drift_threshold,0,346121.0292807202
2022-06-09,drift_threshold,0,346179.26551739284
2022-06-10,drift_threshold,0,346237.5115525434
2022-06-13,drift_threshold,0,346295.76738782047
2022-06-14,drift_threshold,0,346354.033024873
2022-06-15,drift_threshold,0,346412.3084653502
2022-06-16,drift_threshold,0,346470.5937109015
2022-06-17,drift_threshold,0,346528.8887631767
2022-06-21,drift_threshold,0,346587.19362382573
2022-06-22,drift_threshold,0,346645.50829449896
2022-06-23,drift_threshold,0,346703.83277684695
2022-06-24,drift_threshold,0,346762.16707252053
2022-06-27,drift_threshold,0,346820.51118317083
2022-06-28,drift_threshold,0,346878.86511044926
2022-06-29,drift_threshold,0,346937.2288560075
2022-06-30,drift_threshold,0,346995.6024214976
2022-07-01,drift_threshold,0,347053.9858085717
2022-07-05,drift_threshold,0,347109.90006184083
2022-07-06,drift_threshold,0,347165.82332351746
2022-07-07,drift_threshold,0,347221.7555950529
2022-07-08,drift_threshold,0,347277.69687789876
2022-07-11,drift_threshold,0,347333.64717350685
2022-07-12,drift_threshold,0,347389.60648332926
2022-07-13,drift_threshold,0,347445.57480881823
2022-07-14,drift_threshold,0,347501.5521514263
2022-07-15,drift_threshold,0,347557.5385126063
2022-07-18,drift_threshold,0,347613.5338938111
2022-07-19,drift_threshold,0,347669.538296494
2022-07-20,drift_threshold,0,347725.55172210844
2022-07-21,drift_threshold,0,347781.57417210814
2022-07-22,drift_threshold,0,347837.605647947
2022-07-25,drift_threshold,0,347893.64615107916
2022-07-26,drift_threshold,0,347949.69568295905
2022-07-27,drift_threshold,0,348005.7542450413
2022-07-28,drift_threshold,0,348061.8218387808
2022-07-29,drift_threshold,0,348117.8984656326
2022-08-01,drift_threshold,0,348173.984127052
2022-08-02,drift_threshold,0,348230.21698877413
2022-08-03,drift_threshold,0,348286.4589325497
2022-08-04,drift_threshold,0,348342.7099598455
2022-08-05,drift_threshold,0,348398.9700721287
2022-08-08,drift_threshold,0,348455.23927086656
2022-08-09,drift_threshold,0,348511.5175575266
2022-08-10,drift_threshold,0,348567.80493357655
2022-08-11,drift_threshold,0,348624.1014004845
2022-08-12,drift_threshold,0,348680.4069597186
2022-08-15,drift_threshold,0,348736.7216127474
2022-08-16,drift_threshold,0,348793.04536103964
2022-08-17,drift_threshold,0,348849.3782060642
2022-08-18,drift_threshold,0,348905.72014929034
2022-08-19,drift_threshold,0,348962.0711921875
2022-08-22,drift_threshold,0,349018.4313362253
2022-08-23,drift_threshold,0,349074.80058287363
2022-08-24,drift_threshold,0,349131.1789336027
2022-08-25,drift_threshold,0,349187.5663898828
2022-08-26,drift_threshold,0,349243.9629531847
2022-08-29,drift_threshold,0,349300.3686249791
2022-08-30,drift_threshold,0,349356.7834067372
2022-08-31,drift_threshold,0,349413.2072999303
2022-09-01,drift_threshold,0,349469.64030602993
2022-09-02,drift_threshold,0,349533.29370479996
2022-09-06,drift_threshold,0,349596.9586975819
2022-09-07,drift_threshold,0,349660.6352864875
2022-09-08,drift_threshold,0,349724.323473629
2022-09-09,drift_threshold,0,349788.02326111885
2022-09-12,drift_threshold,0,349851.73465107
2022-09-13,drift_threshold,0,349915.4576455957
2022-09-14,drift_threshold,0,349979.1922468097
2022-09-15,drift_threshold,0,350042.9384568261
2022-09-16,drift_threshold,0,350106.69627775927
2022-09-19,drift_threshold,0,350170.46571172413
2022-09-20,drift_threshold,0,350234.24676083593
2022-09-21,drift_threshold,0,350298.0394272102
2022-09-22,drift_threshold,0,350361.84371296305
2022-09-23,drift_threshold,0,350425.65962021076
2022-09-26,drift_threshold,0,350489.48715107015
2022-09-27,drift_threshold,0,350553.3263076584
2022-09-28,drift_threshold,0,350617.177092093
2022-09-29,drift_threshold,0,350681.0395064919
2022-09-30,drift_threshold,0,350744.9135529735
2022-10-03,drift_threshold,0,350808.7992336563
2022-10-04,drift_threshold,0,350879.79625254887
2022-10-05,drift_threshold,0,350950.8076398857
2022-10-06,drift_threshold,0,351021.83339857473
2022-10-07,drift_threshold,0,351092.87353152444
2022-10-10,drift_threshold,0,351163.9280416439
2022-10-11,drift_threshold,0,351234.9969318428
2022-10-12,drift_threshold,0,351306.0802050314
2022-10-13,drift_threshold,0,351377.1778641205
2022-10-14,drift_threshold,0,351448.2899120216
2022-10-17,drift_threshold,0,351519.41635164665
2022-10-18,drift_threshold,0,351590.5571859083
2022-10-19,drift_threshold,0,351661.71241771977
2022-10-20,drift_threshold,0,351732.8820499948
2022-10-21,drift_threshold,0,351804.06608564773
2022-10-24,drift_threshold,0,351875.2645275936
2022-10-25,drift_threshold,0,351946.477378748
2022-10-26,drift_threshold,0,352017.70464202703
2022-10-27,drift_threshold,0,352088.94632034743
2022-10-28,drift_threshold,0,352160.20241662656
2022-10-31,drift_threshold,0,352231.4729337823
2022-11-01,drift_threshold,0,352302.7578747332
2022-11-02,drift_threshold,0,352371.26118876436
2022-11-03,drift_threshold,0,352439.7778228844
2022-11-04,drift_threshold,0,352508.30777968327
2022-11-07,drift_threshold,0,352576.85106175154
2022-11-08,drift_threshold,0,352645.4076716802
2022-11-09,drift_threshold,0,352713.9776120608
2022-11-10,drift_threshold,0,352782.5608854854
2022-11-11,drift_threshold,0,352851.15749454644
2022-11-14,drift_threshold,0,352919.76744183706
2022-11-15,drift_threshold,0,352988.39072995074
2022-11-16,drift_threshold,0,353057.02736148157
2022-11-17,drift_threshold,0,353125.6773390241
2022-11-18,drift_threshold,0,353194.34066517337
2022-11-21,drift_threshold,0,353263.01734252495
2022-11-22,drift_threshold,0,353331.7073736749
2022-11-23,drift_threshold,0,353400.4107612198
2022-11-25,drift_threshold,0,353469.1275077567
2022-11-28,drift_threshold,0,353537.85761588323
2022-11-29,drift_threshold,0,353606.60108819744
2022-11-30,drift_threshold,0,353675.35792729794
2022-12-01,drift_threshold,0,353744.12813578383
2022-12-07,drift_threshold,0,353992.9376217924
2022-12-08,drift_threshold,0,354055.1673326521
2022-12-09,drift_threshold,0,354117.40798309987
2022-12-12,drift_threshold,0,354179.6595750588
2022-12-13,drift_threshold,0,354241.9221104523
2022-12-14,drift_threshold,0,354304.1955912043
2022-12-15,drift_threshold,0,354366.4800192388
2022-12-16,drift_threshold,0,354428.7753964803
2022-12-19,drift_threshold,0,354491.08172485355
2022-12-20,drift_threshold,0,354553.3990062837
2022-12-21,drift_threshold,0,354615.72724269633
2022-12-22,drift_threshold,0,354678.06643601716
2022-12-23,drift_threshold,0,354740.4165881724
2022-12-27,drift_threshold,0,354802.77770108846
2022-12-28,drift_threshold,0,354865.14977669227
2022-12-29,drift_threshold,0,354927.53281691094
2022-12-30,drift_threshold,0,354989.926823672
2023-01-03,drift_threshold,0,355052.33179890335
2023-01-04,drift_threshold,0,355114.3250631857
2023-01-05,drift_threshold,0,355176.3291516888
2023-01-06,drift_threshold,0,355238.3440663026
2023-01-09,drift_threshold,0,355300.36980891734
2023-01-10,drift_threshold,0,355362.40638142364
2023-01-11,drift_threshold,0,355424.4537857125
2023-01-12,drift_threshold,0,355486.5120236751
2023-10-27,drift_threshold,0,369159.8478926093
2023-10-30,drift_threshold,0,369242.02990636637
2023-10-31,drift_threshold,0,369324.23021540506
2023-11-01,drift_threshold,0,369406.4488237983
2023-11-02,drift_threshold,0,369483.84827021847
2025-03-12,drift_threshold,0,395566.9186001616
2025-03-13,drift_threshold,0,395649.95625886775
2025-03-14,drift_threshold,0,395733.01134889195
2025-03-17,drift_threshold,0,395816.08387389337
2025-03-18,drift_threshold,0,395899.173837532
2025-03-19,drift_threshold,0,395982.2812434685
2025-03-20,drift_threshold,0,396065.4060953645
2025-03-21,drift_threshold,0,396148.54839688214
2025-03-24,drift_threshold,0,396231.7081516845
2025-03-25,drift_threshold,0,396314.8853634354
2025-03-26,drift_threshold,0,396398.08003579936
2025-03-27,drift_threshold,0,396481.2921724418
2025-03-28,drift_threshold,0,396564.5217770288
2025-03-31,drift_threshold,0,396647.76885322726
2025-04-01,drift_threshold,0,396731.03340470477
2025-04-02,drift_threshold,0,396816.834362326
2025-04-03,drift_threshold,0,396902.6538761068
2025-04-04,drift_threshold,0,396988.4919500601
2025-04-07,drift_threshold,0,397074.3485882001
2025-04-08,drift_threshold,0,397160.2237945416
2025-04-09,drift_threshold,0,397246.1175731004
2025-04-10,drift_threshold,0,397332.02992789296
2025-04-11,drift_threshold,0,397417.9608629369
2025-04-14,drift_threshold,0,397503.91038225056
2025-04-15,drift_threshold,0,397589.87848985306
2025-04-16,drift_threshold,0,397675.86518976453
2025-04-17,drift_threshold,0,397761.87048600597
2025-04-21,drift_threshold,0,397847.89438259916
2025-04-22,drift_threshold,0,397933.93688356684
2025-04-23,drift_threshold,0,398019.99799293256
2025-04-24,drift_threshold,0,398106.07771472074
2025-04-25,drift_threshold,0,398192.17605295667
2025-04-28,drift_threshold,0,398278.2930116665
2025-04-29,drift_threshold,0,398364.42859487736
2025-04-30,drift_threshold,0,398450.58280661714
2025-05-01,drift_threshold,0,398536.7556509146
2025-05-02,drift_threshold,0,398624.3704773553
2025-05-05,drift_threshold,0,398712.0045651507
2025-05-06,drift_threshold,0,398799.6579185353
2025-05-07,drift_threshold,0,398887.33054174436
2025-05-08,drift_threshold,0,398975.0224390143
2025-05-09,drift_threshold,0,399062.7336145822
2025-05-12,drift_threshold,0,399150.4640726864
2025-05-13,drift_threshold,0,399238.2138175659
