symbol,entry_date,exit_date,exit_reason,pnl,return
GLW,2000-05-18,2000-05-22,position_stop,-896.4131662476349,-0.09839990598472038
NTAP,2000-05-23,2000-05-25,trailing_stop,461.26985233119086,0.05816637518758953
GLW,2000-05-22,2000-05-30,hold_expired,1009.3947237978826,0.045171732902727524
JCI,2000-05-26,2000-06-05,hold_expired,816.6655382317764,0.06186210613759225
CMVT,2000-06-07,2000-06-14,hold_expired,1136.1440449130798,0.07556485781297961
HPQ,2000-06-13,2000-06-20,hold_expired,-304.23161949820354,-0.019698763660966366
NTAP,2000-06-15,2000-06-22,trailing_stop,961.3194965162303,0.06075654913496472
GLW,2000-06-20,2000-06-27,hold_expired,634.3246402356991,0.040823444434582246
GLW,2000-07-06,2000-07-13,hold_expired,778.6639647428425,0.04433670683569815
TLAB,2000-07-20,2000-07-27,hold_expired,-450.4638611940437,-0.023674423750521135
GLW,2000-07-26,2000-07-28,position_stop,-2230.3906331134126,-0.09832274480202854
NTAP,2000-07-27,2000-07-28,position_stop,-1882.9341569792623,-0.10762574412241266
NTAP,2000-07-28,2000-08-02,position_stop,-1302.928192121323,-0.0948685310336673
GLW,2000-07-28,2000-08-04,hold_expired,3367.9455577802905,0.14713374885819888
NTAP,2000-08-02,2000-08-09,hold_expired,2516.703798631163,0.1770740070812135
GLW,2000-08-11,2000-08-18,hold_expired,1550.7635792639144,0.09066522347310878
NTAP,2000-08-17,2000-08-24,hold_expired,958.1021502567585,0.07604388463176774
GLW,2000-08-18,2000-08-25,hold_expired,78.02664190119127,0.00519353220744381
NTAP,2000-08-24,2000-08-31,hold_expired,3180.575478198552,0.1505706195202822
TLAB,2000-08-24,2000-08-31,hold_expired,-587.947991837931,-0.04057169221425386
GLW,2000-08-25,2000-09-01,hold_expired,1890.846365492276,0.12829569962691006
NTAP,2000-08-31,2000-09-06,position_stop,-2892.085957587289,-0.13142174308581311
GLW,2000-09-01,2000-09-06,position_stop,-1325.505164548873,-0.0821827225043621
NTAP,2000-09-06,2000-09-11,trailing_stop,1571.3731126066627,0.08793226652747826
GLW,2000-09-06,2000-09-13,position_stop,-2487.9151148043597,-0.08353173548606746
NTAP,2000-09-11,2000-09-18,hold_expired,2145.3645797237964,0.13396191333022217
GLW,2000-09-13,2000-09-18,trailing_stop,298.8778289861701,0.01571780518651533
NTAP,2000-09-18,2000-09-21,trailing_stop,1565.850049820774,0.0887228118009208
GLW,2000-09-18,2000-09-21,trailing_stop,116.41310224691645,0.005147869699236038
NTAP,2000-09-21,2000-09-25,trailing_stop,-804.8088171569294,-0.04442360506949001
GLW,2000-09-21,2000-09-27,trailing_stop,1438.611118639254,0.061628689274109236
NTAP,2000-09-29,2000-10-06,hold_expired,-823.6796804846982,-0.07312123537229595
GLW,2000-09-29,2000-10-06,position_stop,-1457.3498651843586,-0.08957086193222293
GLW,2000-10-06,2000-10-11,position_stop,-1182.1530868387983,-0.08087381708554428
NTAP,2000-10-06,2000-10-13,hold_expired,351.3845706863208,0.028574845397012483
GLW,2000-10-11,2000-10-18,trailing_stop,1735.6504902442073,0.07516932220364093
NTAP,2000-10-13,2000-10-20,hold_expired,4505.107182605177,0.22386935795327162
NTAP,2000-10-20,2000-10-24,position_stop,-2249.8932870080766,-0.10051351951538792
NTAP,2000-10-24,2000-10-25,position_stop,-889.7514293051368,-0.08556437206832353
NTAP,2000-10-25,2000-10-30,position_stop,-3018.898871889646,-0.13140144853755323
NTAP,2000-10-30,2000-11-01,trailing_stop,755.1432362183526,0.03412469979520249
NTAP,2000-11-01,2000-11-08,trailing_stop,-535.8802741024515,-0.025054911397449177
FNMA,2000-11-07,2000-11-14,hold_expired,1083.6000582360189,0.051635434088189894
CMVT,2000-11-08,2000-11-15,hold_expired,1473.6694708493928,0.07033565210907258
NTAP,2000-11-14,2000-11-15,position_stop,-4451.421396694147,-0.20910483849568814
NTAP,2000-11-15,2000-11-17,position_stop,-792.5208730511558,-0.15190640020059118
FNMA,2000-11-17,2000-11-27,hold_expired,112.8528222432213,0.0055981574952266525
CMVT,2000-11-22,2000-11-28,trailing_stop,383.79182019865544,0.01906693174715818
FNMA,2000-11-27,2000-12-04,hold_expired,-96.85881805617701,-0.00480025740686255
FNMA,2000-12-04,2000-12-11,hold_expired,1621.3413194820946,0.08011324972364203
FNMA,2000-12-11,2000-12-18,hold_expired,871.2005894912604,0.042270574499675015
CMVT,2000-12-18,2000-12-20,position_stop,-2293.6762139609114,-0.11351591552994254
CMVT,2000-12-20,2000-12-28,hold_expired,2789.7131171786364,0.20221062373834908
FNMA,2000-12-28,2001-01-04,position_stop,-1696.8451658543925,-0.12213985530637246
FNMA,2001-01-04,2001-01-11,hold_expired,-0.31344703244376304,-1.576034540205222e-05
FNMA,2001-01-11,2001-01-19,hold_expired,116.94444271580315,0.005712443196226714
FNMA,2001-01-19,2001-01-26,hold_expired,-17.088067775615187,-0.000829375835703751
A,2001-01-25,2001-02-01,hold_expired,-539.9188322131115,-0.026274446983896107
CMVT,2001-01-26,2001-02-02,hold_expired,-1071.2539301306879,-0.05209415279447437
JCI,2001-02-01,2001-02-08,hold_expired,-382.2576251568718,-0.01871762708406809
CMVT,2001-02-02,2001-02-09,hold_expired,-518.8289767098315,-0.025733822537700037
TLAB,2001-02-09,2001-02-16,position_stop,-3275.4031507795116,-0.16373585655699546
TLAB,2001-02-16,2001-02-26,hold_expired,-405.22634777971945,-0.021206988023106298
TLAB,2001-03-02,2001-03-09,trailing_stop,1048.262446776908,0.058116279069767435
CMVT,2001-07-13,2001-07-20,hold_expired,-558.4386991283598,-0.03291487366279498
MSI,2001-08-17,2001-08-24,hold_expired,1570.617907713606,0.10291814098304308
MSI,2001-09-05,2001-09-06,position_stop,-2323.2626313107125,-0.15002414117334764
MSI,2001-09-06,2001-09-19,hold_expired,1687.7347433655377,0.11382969661660255
MSI,2001-09-28,2001-10-05,hold_expired,1254.114956782959,0.08330836996587578
MSI,2001-10-19,2001-10-26,hold_expired,-310.12778064673125,-0.020022190125894075
MSI,2001-10-26,2001-11-02,hold_expired,-315.33202088408433,-0.020430283332364213
MSI,2001-11-02,2001-11-09,hold_expired,400.45299469269787,0.026166769849895865
NTAP,2001-11-14,2001-11-20,trailing_stop,-1.4075546744767808,-8.86379985578878e-05
NTAP,2001-11-20,2001-11-28,trailing_stop,-647.1870654767665,-0.040638196024132135
NTAP,2001-11-28,2001-12-05,hold_expired,4930.416098163571,0.3121095257218083
VIAV,2001-12-03,2001-12-07,trailing_stop,1418.506580665873,0.09003938491443647
VIAV,2001-12-12,2001-12-13,position_stop,-1984.460380433002,-0.11575836096819693
VIAV,2001-12-13,2001-12-20,hold_expired,-971.2755999597607,-0.05857854161649981
NTAP,2001-12-20,2001-12-28,hold_expired,454.33162631164,0.07236641224324727
NTAP,2001-12-28,2002-01-07,trailing_stop,133.04939189623872,0.021291661241395216
NTAP,2002-01-07,2002-01-09,trailing_stop,-156.9372225864478,-0.04272028461273788
JCI,2002-01-07,2002-01-11,regime_reduce,-1203.61739391518,-0.07596504784600246
NTAP,2002-01-09,2002-01-14,position_stop,-847.5105198141854,-0.10300130942538609
NTAP,2002-01-14,2002-01-16,position_stop,-2121.6586305616383,-0.09644075481234701
NTAP,2002-01-16,2002-01-18,trailing_stop,186.38486664179445,0.008171501274940495
NTAP,2002-01-18,2002-01-28,hold_expired,1152.035303045438,0.05663286132024831
NTAP,2002-01-28,2002-02-04,position_stop,-3514.8847019769664,-0.17086452303402266
NTAP,2002-02-04,2002-02-11,hold_expired,1465.6216745983556,0.07707835722190146
NTAP,2002-02-11,2002-02-19,trailing_stop,-24.03214675087554,-0.0012338454315262053
NTAP,2002-02-21,2002-02-27,trailing_stop,272.04857736799704,0.038070545370900474
NTAP,2002-02-27,2002-03-06,trailing_stop,2778.5074469495694,0.18486328239293678
NTAP,2002-03-20,2002-03-27,hold_expired,89.52350548092484,0.010463567077409659
NTAP,2002-04-09,2002-04-16,hold_expired,1473.121833144033,0.09944252065058987
MSI,2002-05-31,2002-06-07,hold_expired,-1101.7189780196868,-0.07319508864533994
MSI,2002-06-20,2002-06-27,hold_expired,-318.3821000231052,-0.02235335601846981
MSI,2002-06-27,2002-07-05,hold_expired,682.8448422532854,0.04841553365516283
MSI,2002-07-12,2002-07-19,hold_expired,1123.9082094099722,0.07991388860003514
MSI,2002-07-25,2002-07-26,position_stop,-1553.1745421698658,-0.10512173558088478
MSI,2002-07-26,2002-07-31,trailing_stop,586.6770065837387,0.06418424533006974
MSI,2002-07-31,2002-08-05,position_stop,-1699.0005946641327,-0.11124006690717267
GLW,2002-08-01,2002-08-05,trailing_stop,500.58180757007915,0.037488033319663716
MSI,2002-08-05,2002-08-12,trailing_stop,1080.7173087257497,0.10277454813466172
FMCC,2002-08-12,2002-08-19,hold_expired,494.0676808397204,0.05445245314818387
FNMA,2002-08-12,2002-08-19,hold_expired,382.53320947470814,0.04357379147327888
FMCC,2002-08-26,2002-09-03,hold_expired,-422.30822439864426,-0.035559787104371667
JCI,2002-09-19,2002-09-23,position_stop,-672.4789672343527,-0.08443362760464404
JCI,2002-09-23,2002-09-27,trailing_stop,450.97041514480884,0.03152448258094886
FMCC,2002-09-26,2002-10-03,hold_expired,-331.4557519036158,-0.025705001046081546
JCI,2002-10-16,2002-10-23,hold_expired,1175.2936609715025,0.08306202331671046
TLAB,2002-11-06,2002-11-07,position_stop,-1255.3975184578258,-0.08920948306483173
TLAB,2002-11-07,2002-11-11,position_stop,-1267.7552428168367,-0.09242425001924426
TLAB,2002-11-11,2002-11-18,hold_expired,1969.640240831383,0.14719266999280475
TLAB,2002-12-03,2002-12-05,position_stop,-1518.2478719935684,-0.10240677960266326
JCI,2002-12-02,2002-12-09,position_stop,-1255.4222185774213,-0.08357745381825592
GLW,2002-12-05,2002-12-09,position_stop,-2119.6286657254714,-0.14722021981310493
GLW,2002-12-09,2002-12-13,trailing_stop,958.5289523097009,0.11527630555363018
CIEN,2002-12-09,2002-12-13,trailing_stop,1419.741140496505,0.1509523606297178
GLW,2002-12-13,2002-12-19,position_stop,-591.8428654605032,-0.10944678055836023
NTAP,2002-12-18,2002-12-26,hold_expired,165.89620605591148,0.009787584771705294
GLW,2002-12-19,2002-12-27,hold_expired,-529.757285534589,-0.03925905421301152
CIEN,2002-12-26,2003-01-02,universe_rotation,476.1402226405979,0.03276081997229754
GLW,2002-12-27,2003-01-02,universe_rotation,2312.331276397701,0.16412410318666146
EBAY,2003-01-02,2003-01-09,hold_expired,723.8175149431751,0.0599757842303494
TWX,2003-01-31,2003-02-05,position_stop,-904.1911184210293,-0.09868643215061391
TWX,2003-02-05,2003-02-12,hold_expired,-361.7731077432024,-0.022900104945543277
EBAY,2003-02-12,2003-02-20,hold_expired,555.2139792189371,0.04689563806700876
EBAY,2003-02-20,2003-02-27,hold_expired,91.27580908752006,0.007935093701214207
EBAY,2003-03-06,2003-03-13,hold_expired,660.3056992754546,0.05122157673358383
EBAY,2003-03-13,2003-03-20,hold_expired,904.5264546048477,0.07513346641037226
EBAY,2003-03-20,2003-03-27,hold_expired,63.840799438765394,0.006947018032921538
EBAY,2003-03-27,2003-04-03,hold_expired,-107.61106448493942,-0.007136164064477173
EBAY,2003-04-03,2003-04-10,hold_expired,-40.44000381453911,-0.005167310687338845
EBAY,2003-04-10,2003-04-17,hold_expired,131.05953553818898,0.016790380343483378
EBAY,2003-04-17,2003-04-25,hold_expired,365.6758349283158,0.03613427393950342
FNMA,2003-04-24,2003-05-01,hold_expired,9.668267478101876,0.0007198777782331666
COF,2003-04-24,2003-05-01,hold_expired,519.2886917909029,0.07915087255284883
EBAY,2003-04-25,2003-05-02,hold_expired,274.1778662553528,0.018822682917076127
EBAY,2003-05-02,2003-05-09,hold_expired,-83.5852736228321,-0.006097321329084781
COF,2003-05-08,2003-05-15,hold_expired,12.586051484410277,0.0013092745377955419
EBAY,2003-05-09,2003-05-16,hold_expired,705.0231100894327,0.047632007678465746
COF,2003-05-15,2003-05-22,hold_expired,-24.850091992112468,-0.0027070209014489594
EBAY,2003-05-16,2003-05-23,hold_expired,30.384175159627183,0.002412506530160305
EBAY,2003-05-23,2003-06-02,hold_expired,-3.6038300159369827,-0.00030813043343337116
COF,2003-05-30,2003-06-03,trailing_stop,404.2899755271662,0.036716391866529974
EBAY,2003-06-02,2003-06-09,hold_expired,-280.3587257607436,-0.024549206623349765
COF,2003-06-03,2003-06-09,trailing_stop,29.296100409744643,0.0021748430103371652
EA,2003-06-03,2003-06-10,hold_expired,670.1968132920498,0.06302698073285382
COF,2003-06-09,2003-06-16,hold_expired,1017.9738821372758,0.06870391945928145
COF,2003-06-16,2003-06-23,position_stop,-1590.6671991711203,-0.09200600086785522
COF,2003-06-23,2003-06-30,hold_expired,124.36394611239552,0.012531631005719053
COF,2003-06-30,2003-07-08,hold_expired,982.0403764219218,0.05832874521832911
TWX,2003-07-07,2003-07-14,hold_expired,-158.27207603100558,-0.01495713258310328
COF,2003-07-08,2003-07-15,trailing_stop,198.37721270868064,0.01303802265470541
COF,2003-07-15,2003-07-17,position_stop,-1355.830032709759,-0.0855561118992813
COF,2003-07-17,2003-07-24,hold_expired,-45.57756812337433,-0.004590585948613455
JCI,2003-07-22,2003-07-29,hold_expired,-16.855266094952405,-0.0016278982107261603
COF,2003-07-24,2003-07-31,hold_expired,-25.49486264555377,-0.001903874887632323
TWX,2003-07-29,2003-08-05,hold_expired,-637.2444721718048,-0.06549281253579506
COF,2003-07-31,2003-08-07,hold_expired,-204.27106991883338,-0.022621839475016156
JCI,2003-08-05,2003-08-12,hold_expired,1151.869070157647,0.07682497889595447
COF,2003-08-07,2003-08-14,hold_expired,577.8286940993753,0.06578210604342927
EA,2003-08-14,2003-08-21,hold_expired,283.63608619499115,0.027137357372165556
COF,2003-08-19,2003-08-26,hold_expired,641.2028171788559,0.04021001803788089
JCI,2003-08-19,2003-08-26,hold_expired,-210.48821874268015,-0.02200002805877047
EA,2003-08-21,2003-08-28,hold_expired,20.420898124539207,0.002114626583703729
JCI,2003-08-26,2003-09-03,hold_expired,684.9771682422827,0.04234519551333736
COF,2003-08-27,2003-09-04,trailing_stop,298.65008298529426,0.026712211307476873
EA,2003-08-28,2003-09-05,hold_expired,-37.07327984761751,-0.0035038998172786055
EA,2003-09-05,2003-09-12,hold_expired,57.26179197957288,0.005836184689581591
EA,2003-09-12,2003-09-19,hold_expired,616.5405907415496,0.06136366228656148
COF,2003-09-17,2003-09-24,hold_expired,-388.4721204795401,-0.039134768745252
EA,2003-09-19,2003-09-26,hold_expired,-321.30443572144327,-0.0313673330971402
EA,2003-09-26,2003-10-03,hold_expired,630.6330291565009,0.07079898410277273
EA,2003-10-03,2003-10-10,hold_expired,313.50634028836714,0.03375996300811004
EA,2003-10-10,2003-10-17,hold_expired,142.42690028717035,0.014153131091179041
EBAY,2003-10-15,2003-10-22,hold_expired,-282.84903101496735,-0.03516207010991882
EA,2003-10-17,2003-10-24,hold_expired,-473.2097731899457,-0.05310603833796896
EA,2003-10-24,2003-10-31,hold_expired,119.44701781107996,0.014019980007434825
COF,2003-10-31,2003-11-07,hold_expired,-124.21985021425157,-0.012731504669929256
EA,2003-11-05,2003-11-12,hold_expired,243.22097309402957,0.023311972831544327
EA,2003-11-19,2003-11-26,hold_expired,437.83330579203204,0.02900166283350284
COF,2003-12-04,2003-12-11,hold_expired,-752.419968481352,-0.06840841313897907
COF,2003-12-11,2003-12-18,hold_expired,1080.887334084852,0.05891466516213483
JCI,2003-12-18,2003-12-26,hold_expired,508.61990701582044,0.03758416688998838
JCI,2003-12-26,2004-01-02,universe_rotation,400.89103549518126,0.030996650890164557
BSX,2004-01-16,2004-01-26,hold_expired,1298.104079113803,0.0652197287003504
EBAY,2004-01-29,2004-02-05,hold_expired,20.547243247478974,0.0020073830314147716
HPQ,2004-02-02,2004-02-09,hold_expired,-155.47802857306274,-0.014259769798221392
BSX,2004-02-12,2004-02-20,hold_expired,-173.33255042766567,-0.011338980740184395
BSX,2004-02-20,2004-02-27,hold_expired,-506.73078541808803,-0.026013356898230804
BSX,2004-02-27,2004-03-05,hold_expired,1294.52020354465,0.06558140526915703
EBAY,2004-02-27,2004-03-05,hold_expired,88.44808803773083,0.00880144300989271
EBAY,2004-03-05,2004-03-12,hold_expired,-43.98380620100635,-0.002673901971899861
BSX,2004-03-12,2004-03-19,hold_expired,-528.1866076352854,-0.030577160157801184
EBAY,2004-03-19,2004-03-26,hold_expired,-332.6304988825219,-0.02204020384565461
EBAY,2004-03-26,2004-04-02,hold_expired,1537.1055874740507,0.10426133425907524
EBAY,2004-04-02,2004-04-12,hold_expired,548.6008973739429,0.03286809362589856
BSX,2004-04-02,2004-04-12,hold_expired,-56.37302782994845,-0.005587711714857652
EBAY,2004-04-12,2004-04-19,hold_expired,-45.528841007223775,-0.0026948224195865113
BSX,2004-04-12,2004-04-19,hold_expired,-288.41369181584435,-0.02845302653157497
EBAY,2004-04-19,2004-04-26,hold_expired,764.1454728152339,0.0733506765275581
BSX,2004-04-26,2004-05-03,hold_expired,-272.53251927251506,-0.017742707007274684
EBAY,2004-04-26,2004-05-03,hold_expired,29.899342515810503,0.0032442847529348283
EBAY,2004-05-03,2004-05-10,hold_expired,-749.5233491234679,-0.052844647523724406
BSX,2004-05-03,2004-05-10,hold_expired,-378.9156866317667,-0.036594996233375386
EBAY,2004-05-10,2004-05-17,hold_expired,138.86049339932347,0.010378623234334373
BSX,2004-05-10,2004-05-17,hold_expired,189.42543173957907,0.016388801285980473
EBAY,2004-05-17,2004-05-24,hold_expired,576.8963468759073,0.04805518025337967
EA,2004-05-17,2004-05-24,hold_expired,-403.06075838784733,-0.03428353602416597
BSX,2004-05-20,2004-05-27,hold_expired,2396.0321236566647,0.20897640141573107
EBAY,2004-05-24,2004-06-01,hold_expired,1497.2550110524694,0.0927372510107171
EA,2004-05-24,2004-06-01,hold_expired,619.5332835321174,0.056703008055682035
EBAY,2004-06-01,2004-06-08,hold_expired,-118.25967055253147,-0.00819486821990321
BSX,2004-06-04,2004-06-14,hold_expired,-260.0825063394148,-0.021002365823585997
EBAY,2004-06-08,2004-06-16,hold_expired,-285.40477661206984,-0.012756599249880304
EA,2004-06-14,2004-06-21,hold_expired,9.938336016597184,0.0007613319944902322
EBAY,2004-06-16,2004-06-23,hold_expired,117.33573514799609,0.00540173330344586
EA,2004-06-21,2004-06-28,hold_expired,564.4509451604641,0.03958948818357028
EBAY,2004-06-23,2004-06-30,hold_expired,826.0624847701222,0.04068711919519063
EBAY,2004-06-30,2004-07-08,position_stop,-1666.3745325139366,-0.09032476343061194
EA,2004-07-06,2004-07-13,hold_expired,25.45301511489202,0.0022528173550229475
EBAY,2004-07-08,2004-07-15,hold_expired,-43.025001559695426,-0.002335441676379265
EA,2004-07-13,2004-07-20,hold_expired,-132.03726710332245,-0.008710141096307425
EBAY,2004-07-15,2004-07-21,position_stop,-1598.491393940213,-0.08225886902111448
EA,2004-07-20,2004-07-23,regime_reduce,-551.9548442767234,-0.050333875135516036
EBAY,2004-07-21,2004-07-28,hold_expired,391.14800821011886,0.028520679210383496
BSX,2004-07-22,2004-07-29,hold_expired,1579.2515291742975,0.12019837526232491
EBAY,2004-08-04,2004-08-05,regime_reduce,-405.4070722246059,-0.02658765503889379
EBAY,2004-08-09,2004-08-16,hold_expired,2545.0740856524812,0.07872611803135092
FMCC,2004-08-23,2004-08-30,hold_expired,-15.714708977027428,-0.0004702278277672095
FMCC,2004-08-30,2004-09-07,hold_expired,1121.2704805803041,0.042594095007455264
FMCC,2004-09-07,2004-09-14,hold_expired,-238.29214214982352,-0.010451177534996133
FNMA,2004-09-13,2004-09-20,hold_expired,-153.27720313909336,-0.008755158901692166
FMCC,2004-09-14,2004-09-21,hold_expired,313.0562516100274,0.015017000950516184
FNMA,2004-09-20,2004-09-23,position_stop,-1231.8427971548094,-0.1162295821425882
EBAY,2004-09-20,2004-09-27,hold_expired,-469.43085856739816,-0.02916431768763824
FMCC,2004-09-21,2004-09-28,hold_expired,-532.9209936943263,-0.026827826412048582
FNMA,2004-09-23,2004-09-30,hold_expired,-608.9277639636657,-0.05586166332200691
EBAY,2004-09-27,2004-10-04,hold_expired,617.8530507698091,0.05538897114111777
FMCC,2004-09-28,2004-10-05,hold_expired,-31.483538208770195,-0.0016548483563292484
FMCC,2004-10-05,2004-10-12,hold_expired,-275.6918490807936,-0.015828068314199358
FMCC,2004-10-12,2004-10-19,hold_expired,-206.3635339923744,-0.01183891195261274
EBAY,2004-10-29,2004-11-05,hold_expired,126.12092272333653,0.020942993853590462
EBAY,2004-11-16,2004-11-23,hold_expired,301.5330381664221,0.014868960750594126
EBAY,2004-11-23,2004-12-01,hold_expired,711.27228515108,0.03884502186206147
EBAY,2004-12-01,2004-12-08,hold_expired,136.03472766101504,0.007158932050000916
EBAY,2004-12-08,2004-12-15,hold_expired,450.13955569292835,0.024209940617617304
EBAY,2004-12-15,2004-12-22,hold_expired,-686.5111825852254,-0.03386457874335757
EBAY,2004-12-22,2004-12-30,hold_expired,811.895339007869,0.0383059764227378
EBAY,2004-12-30,2005-01-06,position_stop,-2270.853145853925,-0.09845756308032999
EBAY,2005-01-06,2005-01-13,hold_expired,-561.4088196592267,-0.028021653654516993
EA,2005-01-19,2005-01-26,hold_expired,456.82124283972405,0.043143653927066025
EBAY,2005-01-21,2005-01-28,hold_expired,-545.7969666283284,-0.057586594535276724
EA,2005-01-26,2005-02-02,hold_expired,538.8872010357021,0.04326777269473901
EA,2005-02-02,2005-02-09,hold_expired,-654.0060708034382,-0.030674378248059596
EA,2005-02-09,2005-02-16,hold_expired,333.07393786454145,0.020912185948466406
EA,2005-02-16,2005-02-24,hold_expired,-63.95711741067894,-0.004793772694914554
EA,2005-02-24,2005-03-03,hold_expired,325.4693240960127,0.01686503977500213
EA,2005-03-03,2005-03-10,hold_expired,991.0473630125916,0.043084932657163684
EA,2005-03-10,2005-03-17,hold_expired,-509.6414420855823,-0.02381382152988441
EA,2005-03-17,2005-03-22,position_stop,-4694.892162910762,-0.17515771548594908
EA,2005-03-22,2005-03-30,hold_expired,-530.2400491460811,-0.027579798624264778
EA,2005-03-30,2005-04-06,hold_expired,-199.18736971257013,-0.016614335252733745
HPQ,2005-06-01,2005-06-08,hold_expired,-146.4644938157795,-0.011181613484754957
HPQ,2005-06-10,2005-06-17,hold_expired,248.7873167484053,0.020769297526018915
HPQ,2005-06-17,2005-06-24,hold_expired,-97.30684315893369,-0.004750631679410317
MSI,2005-06-17,2005-06-24,hold_expired,229.20837411000068,0.018652223235212956
HPQ,2005-06-24,2005-07-01,hold_expired,-168.3680609244121,-0.01359616166124294
MSI,2005-06-27,2005-07-05,hold_expired,213.01248887403275,0.017573720567366957
HPQ,2005-07-01,2005-07-11,hold_expired,500.743271732421,0.027529921415828013
MSI,2005-07-05,2005-07-12,hold_expired,531.2318555821101,0.04104029651954894
HPQ,2005-07-11,2005-07-18,hold_expired,652.2032283021565,0.032590857342603065
FMCC,2005-07-11,2005-07-18,hold_expired,59.24511522825022,0.00482220263526453
MSI,2005-07-12,2005-07-19,hold_expired,383.9301007489285,0.03008127252057468
HPQ,2005-07-18,2005-07-25,hold_expired,-518.5684673609892,-0.025022807356075545
MSI,2005-07-19,2005-07-26,hold_expired,538.0635008697259,0.042300879481484886
HPQ,2005-07-25,2005-08-01,hold_expired,166.92141155795085,0.008082666111778741
MSI,2005-07-26,2005-08-02,hold_expired,689.3501467131265,0.054116209089811816
HPQ,2005-08-01,2005-08-08,hold_expired,92.13443694004543,0.004343966000907841
MSI,2005-08-02,2005-08-09,hold_expired,-113.51063722850041,-0.00872675806587089
MSI,2005-08-09,2005-08-16,hold_expired,-560.262489718385,-0.04349368866100852
EBAY,2005-08-15,2005-08-22,hold_expired,-691.4728544334206,-0.050513379752175944
MSI,2005-08-16,2005-08-23,hold_expired,421.47488477178297,0.028030206696141226
EBAY,2005-08-22,2005-08-29,hold_expired,96.19825967540962,0.008105454509508283
MSI,2005-08-23,2005-08-30,hold_expired,412.8397167692346,0.03102824490257045
HPQ,2005-08-29,2005-09-06,hold_expired,261.8429183452736,0.02084715298991377
MSI,2005-08-30,2005-09-07,hold_expired,261.2392557309958,0.020058026609167966
HPQ,2005-09-06,2005-09-13,hold_expired,170.83582214017204,0.01305824438396628
MSI,2005-09-07,2005-09-14,hold_expired,913.4457916576341,0.06938632568984027
HPQ,2005-09-13,2005-09-20,hold_expired,551.0602405537271,0.0271135220995595
MSI,2005-09-14,2005-09-21,hold_expired,-966.6729518387262,-0.06746263184602579
HPQ,2005-09-20,2005-09-27,hold_expired,43.61996522146435,0.003055581209270042
MSI,2005-09-21,2005-09-28,hold_expired,-68.96033391258955,-0.004957159012321507
MSI,2005-09-28,2005-10-05,hold_expired,-92.88874889876472,-0.006786661717575455
NEM,2005-10-05,2005-10-12,trailing_stop,302.3299319872601,0.02194815546389935
HPQ,2005-10-10,2005-10-17,hold_expired,360.8089211440829,0.026487334264829996
EBAY,2005-10-26,2005-11-02,hold_expired,659.6581019190611,0.07251487331615374
NEM,2005-11-04,2005-11-11,hold_expired,520.6282782462054,0.04059415562548649
MSI,2005-11-14,2005-11-21,hold_expired,642.6336787251238,0.045480198121558395
NEM,2005-11-23,2005-12-01,hold_expired,547.7397189690964,0.021960695693637587
NEM,2005-12-01,2005-12-08,hold_expired,974.1162030880068,0.06364517294677596
HPQ,2005-12-05,2005-12-12,hold_expired,133.54667117624143,0.00861946896783275
NEM,2005-12-08,2005-12-15,hold_expired,-88.58730876665602,-0.005796922018283799
HPQ,2005-12-12,2005-12-19,hold_expired,-567.9340380342596,-0.03682225688848285
NEM,2005-12-15,2005-12-22,hold_expired,1037.4288302169277,0.039378927141702616
HPQ,2005-12-19,2005-12-27,hold_expired,-71.38039332786937,-0.004626056696176304
NEM,2005-12-27,2006-01-03,universe_rotation,1685.3499603650316,0.10755025355685045
EBAY,2006-01-24,2006-01-31,hold_expired,-449.5523460411925,-0.02648886073057706
EBAY,2006-01-31,2006-02-07,hold_expired,-1041.1686955675461,-0.0736117829743851
FNMA,2006-02-07,2006-02-14,hold_expired,107.90936743263535,0.007354723402899644
FNMA,2006-02-14,2006-02-22,hold_expired,401.81754156331726,0.02322339520594264
HPQ,2006-02-24,2006-03-03,hold_expired,613.1543763524394,0.038614454342662904
FNMA,2006-03-02,2006-03-09,hold_expired,-350.9783498136463,-0.021532895541715932
HPQ,2006-03-08,2006-03-15,hold_expired,629.4309997176125,0.03943818367448179
HAL,2006-03-09,2006-03-16,hold_expired,966.0716346531727,0.07338776086085658
FNMA,2006-03-16,2006-03-23,hold_expired,295.7429484492127,0.020567550424984652
HPQ,2006-03-22,2006-03-29,hold_expired,-298.70177646348947,-0.01929126600092506
HAL,2006-03-23,2006-03-30,hold_expired,1215.733433822257,0.05460996226504232
FNMA,2006-03-30,2006-04-06,hold_expired,990.9534647092488,0.03820292114002139
HPQ,2006-04-13,2006-04-21,hold_expired,277.315598309083,0.010314256810530779
HAL,2006-04-13,2006-04-21,hold_expired,1298.3440184874407,0.08048848066662885
HAL,2006-04-28,2006-05-05,hold_expired,462.9619371625967,0.019031054663988876
EA,2006-05-05,2006-05-12,hold_expired,-1279.8891033086138,-0.06041876583155294
HAL,2006-05-05,2006-05-12,hold_expired,-477.8834861873978,-0.03230509817288536
HAL,2006-05-18,2006-05-25,hold_expired,542.5708209264747,0.03822816942956325
HAL,2006-07-21,2006-07-28,hold_expired,1288.85119298365,0.08550742743662758
EA,2006-09-25,2006-10-02,hold_expired,-1254.3558053660556,-0.0620266300017341
EA,2006-10-02,2006-10-09,hold_expired,10.049838915162777,0.000539473648607488
EA,2006-10-09,2006-10-16,hold_expired,833.1665849862167,0.0442764347295519
MSI,2006-10-19,2006-10-26,hold_expired,176.70472012218363,0.005527141703294922
EA,2006-10-23,2006-10-30,hold_expired,-730.0345608339965,-0.03798384342414872
EA,2006-10-30,2006-11-06,hold_expired,3543.424561664141,0.10292179786228327
EA,2006-11-13,2006-11-20,hold_expired,51.56021776680912,0.0016949232383905906
TWX,2006-12-27,2007-01-05,hold_expired,133.29429731916377,0.005852096481369413
TWX,2007-01-10,2007-01-18,hold_expired,701.2327085748701,0.030028595737182973
TWX,2007-01-23,2007-01-30,hold_expired,-285.3402732549266,-0.018729543778810153
TWX,2007-01-30,2007-02-06,hold_expired,-423.19436636195405,-0.019539995005382133
EBAY,2007-02-01,2007-02-08,hold_expired,876.1592301264819,0.044396173048627884
HPQ,2007-02-06,2007-02-13,hold_expired,338.12688097935137,0.01372210867132303
HPQ,2007-02-21,2007-02-28,hold_expired,-660.5241733495388,-0.04266529819076737
EBAY,2007-02-28,2007-03-07,hold_expired,-525.0309213046877,-0.03221045519197766
RIG,2007-03-06,2007-03-13,hold_expired,58.77906627714197,0.004360590058192223
RIG,2007-04-04,2007-04-12,hold_expired,159.50195879313458,0.010525821000438234
EBAY,2007-04-19,2007-04-26,hold_expired,478.3922726885263,0.030953159053260574
HAL,2007-05-24,2007-06-01,hold_expired,10.369664585156993,0.0005284621222410426
RIG,2007-05-31,2007-06-07,hold_expired,-320.95145766136915,-0.019351279177051837
RIG,2007-06-08,2007-06-15,hold_expired,1856.8163795200762,0.060632370108124424
HAL,2007-06-08,2007-06-15,hold_expired,588.4943029460106,0.03202799834763181
RIG,2007-06-15,2007-06-22,hold_expired,1856.2673583118642,0.061833320407753314
RIG,2007-06-29,2007-07-09,hold_expired,609.4921852325717,0.03527973132478729
RIG,2007-07-09,2007-07-16,hold_expired,-722.5842782293514,-0.023979966624944126
RIG,2007-07-16,2007-07-23,hold_expired,2540.5755702562724,0.08281762579654056
RIG,2007-07-30,2007-08-03,position_stop,-2774.363360478734,-0.08379346717364601
RIG,2007-08-03,2007-08-10,hold_expired,190.13554916748348,0.007084874419206338
RIG,2007-08-23,2007-08-30,hold_expired,-125.1415373902425,-0.01304367499903948
RIG,2007-08-30,2007-09-07,hold_expired,1073.3066293548584,0.06151754733610557
RIG,2007-09-14,2007-09-21,hold_expired,1481.6138464177461,0.07563043932081732
NEM,2007-09-26,2007-10-03,hold_expired,-82.31675372837908,-0.00337292366618978
RIG,2007-09-28,2007-10-05,hold_expired,-33.16490325530344,-0.0016014602552179389
EBAY,2007-10-18,2007-10-25,hold_expired,-1557.0236044633973,-0.07487333185691028
EBAY,2007-10-25,2007-11-01,hold_expired,-141.79200333287994,-0.007168039306794766
HAL,2007-11-01,2007-11-08,hold_expired,385.51836282038084,0.01706629184281791
NEM,2007-11-16,2007-11-26,hold_expired,877.2132594670261,0.015064947557421621
RIG,2007-12-03,2007-12-10,hold_expired,-10.452513166391892,-0.0002268418565018468
NEM,2007-12-07,2007-12-14,hold_expired,-705.2709721155147,-0.044401659143728615
NEM,2007-12-14,2007-12-21,hold_expired,267.5938190512997,0.01858493391979254
NEM,2007-12-26,2008-01-02,universe_rotation,624.4419717874146,0.06893614965702068
ICE,2008-01-08,2008-01-15,trailing_stop,-203.79225342383847,-0.010816768204063314
ICE,2008-01-15,2008-01-16,position_stop,-1814.2969842388686,-0.09096181678454499
ICE,2008-01-23,2008-01-25,trailing_stop,227.0075855639264,0.01348792293348439
FNMA,2008-04-08,2008-04-10,position_stop,-2406.351437398124,-0.0852074729744334
HAL,2008-04-17,2008-04-24,hold_expired,1072.5350382371726,0.03828724685266514
HAL,2008-04-25,2008-05-02,hold_expired,-1022.5545501319219,-0.0358413825537167
HAL,2008-05-02,2008-05-09,hold_expired,1850.3632320218346,0.06386613171331265
HAL,2008-05-15,2008-05-22,hold_expired,-31.273407688370398,-0.0010623345965112894
HAL,2008-05-22,2008-05-30,hold_expired,238.14931730743464,0.008041838478566963
FCX,2008-05-23,2008-06-02,hold_expired,-404.25739744187655,-0.013762592847562925
HAL,2008-05-30,2008-06-06,hold_expired,490.76491280062953,0.01664587945210247
FCX,2008-06-02,2008-06-09,hold_expired,678.2295364701623,0.023162774504096335
HAL,2008-06-06,2008-06-13,hold_expired,-743.821693756161,-0.025336053815728145
FCX,2008-06-09,2008-06-16,hold_expired,1601.311040171505,0.05409416380551784
HAL,2008-06-13,2008-06-20,hold_expired,1140.4045909812862,0.039233437281083985
FCX,2008-06-20,2008-06-27,hold_expired,-183.7574291678208,-0.006176334030339659
HAL,2008-06-27,2008-07-07,hold_expired,-2472.9672743441774,-0.06060828181445392
HAL,2008-07-07,2008-07-14,hold_expired,156.10337944592226,0.0038507598449338478
HAL,2008-07-14,2008-07-21,hold_expired,-142.00827946356318,-0.00572006104557474
HAL,2008-07-21,2008-07-23,position_stop,-3848.8375700810448,-0.09694051650219569
HAL,2008-07-23,2008-07-30,hold_expired,793.6622142132337,0.03460942934082055
HAL,2008-07-30,2008-08-06,hold_expired,-427.7579752530364,-0.018628772256549048
FNMA,2008-09-11,2008-09-15,position_stop,-5472.443817576159,-0.2192307222524321
HPQ,2008-10-01,2008-10-06,position_stop,-2355.004728703275,-0.08947016859832754
ICE,2008-12-29,2009-01-02,universe_rotation,2362.1103530364708,0.10729538259234286
FCX,2009-03-13,2009-03-20,hold_expired,1124.2095089787663,0.05284031587535674
FCX,2009-03-20,2009-03-27,hold_expired,1580.856526924394,0.079928755541935
FCX,2009-03-27,2009-03-30,position_stop,-3086.0291965200436,-0.08529889600671431
FCX,2009-04-06,2009-04-14,hold_expired,2597.2367663359328,0.06005240400550052
FCX,2009-04-14,2009-04-20,position_stop,-2687.786217457537,-0.1164205380512804
FCX,2009-04-20,2009-04-27,hold_expired,443.30167143035976,0.014502665403825409
FCX,2009-04-27,2009-05-04,hold_expired,8029.6176845625905,0.22573658581181588
FCX,2009-05-04,2009-05-07,trailing_stop,334.6294444547038,0.008166181979433279
FCX,2009-05-07,2009-05-12,trailing_stop,42.70162691369974,0.0013705295162992168
FCX,2009-05-12,2009-05-15,position_stop,-2382.520000497193,-0.08028493890873611
FCX,2009-05-15,2009-05-22,trailing_stop,1886.4262929776316,0.07011745759370741
FCX,2009-05-22,2009-06-01,hold_expired,5776.758210042623,0.20225974416099682
FCX,2009-06-01,2009-06-08,hold_expired,-887.8032043115053,-0.028265536755221504
FCX,2009-06-08,2009-06-12,trailing_stop,1004.9638895536006,0.03589220248222058
NOV,2009-06-09,2009-06-16,hold_expired,-819.8959360925571,-0.051567562005624935
FCX,2009-06-12,2009-06-16,position_stop,-2697.6619218003184,-0.10464528197117914
FCX,2009-06-16,2009-06-22,position_stop,-2529.4158777181465,-0.1376743104264886
FCX,2009-06-22,2009-06-29,hold_expired,2359.141203239627,0.11392663960568417
EBAY,2009-08-04,2009-08-11,hold_expired,364.996228010682,0.01269846767950906
FCX,2009-09-15,2009-09-22,hold_expired,324.5716789125922,0.025619865253169394
FCX,2009-09-22,2009-09-25,position_stop,-1633.0389821093302,-0.0883500552416767
HPQ,2009-10-08,2009-10-15,hold_expired,983.0337935278884,0.03307213644900291
EBAY,2009-10-15,2009-10-22,hold_expired,-1160.0307208070444,-0.03784334984734673
FCX,2009-10-27,2009-11-03,hold_expired,-345.0059943536145,-0.008687098551402659
NOV,2009-10-27,2009-11-03,hold_expired,-150.12634826076967,-0.006300343137134511
HAL,2009-10-28,2009-11-04,hold_expired,1108.526639765062,0.04452973733260786
FCX,2009-11-03,2009-11-10,hold_expired,3027.5834441796583,0.07537411217659619
FCX,2009-11-10,2009-11-17,hold_expired,976.345241211264,0.03375536932617935
HAL,2009-11-11,2009-11-18,hold_expired,242.77029291595622,0.00855144695465758
FCX,2009-11-17,2009-11-24,hold_expired,75.96145448382917,0.0026620311783779795
FCX,2009-11-24,2009-12-02,hold_expired,-134.81973665953507,-0.00482289066356962
HAL,2009-11-25,2009-12-03,hold_expired,-1930.8646486551925,-0.06835568279839692
FCX,2009-12-10,2009-12-17,hold_expired,-603.4474575981493,-0.022933027496948043
HAL,2009-12-24,2010-01-04,universe_rotation,813.4934460228595,0.03233224264574763
FCX,2010-01-05,2010-01-12,hold_expired,82.73172643042979,0.009614676188274527
FCX,2010-01-12,2010-01-20,hold_expired,-217.09527462924783,-0.013032307898216194
FCX,2010-01-20,2010-01-21,position_stop,-1643.6605514706828,-0.08671930685040732
FCX,2010-01-21,2010-01-28,position_stop,-1665.5064224794455,-0.0978339439580314
EBAY,2010-03-29,2010-04-06,hold_expired,-7.366121395992909,-0.0004642868576020503
EBAY,2010-04-06,2010-04-13,hold_expired,-541.9728222218148,-0.023200330068038722
EBAY,2010-04-13,2010-04-20,hold_expired,-139.86622581629715,-0.009109036344938582
EBAY,2010-04-27,2010-05-04,hold_expired,-512.3403897493453,-0.029140374795519727
FSLR,2010-07-16,2010-07-23,hold_expired,2780.040684823737,0.085859505751103
FSLR,2010-07-27,2010-07-30,position_stop,-2792.8183646081243,-0.08257282500611234
FSLR,2010-07-30,2010-08-06,hold_expired,665.785191620065,0.03100039445399868
FSLR,2010-08-11,2010-08-18,hold_expired,-42.365425613065064,-0.0028778747076331408
FCX,2010-09-14,2010-09-21,hold_expired,141.49716862393242,0.01899828409906975
EBAY,2010-09-16,2010-09-23,hold_expired,326.19355563904185,0.01453271093549089
FCX,2010-09-21,2010-09-28,hold_expired,498.0253887074334,0.04864758824911725
FSLR,2010-09-21,2010-09-28,hold_expired,246.73669813892673,0.017253453920965327
FSLR,2010-09-28,2010-10-05,hold_expired,-979.9799620408037,-0.03966468637343532
FCX,2010-09-28,2010-10-05,hold_expired,571.6784402083505,0.04765302514517766
FSLR,2010-10-05,2010-10-12,hold_expired,-923.032248328015,-0.03940973275991185
FCX,2010-10-07,2010-10-14,hold_expired,1247.907246383377,0.08642698142502593
FSLR,2010-10-12,2010-10-19,hold_expired,1090.9670790505938,0.05042700488368138
FCX,2010-10-14,2010-10-21,hold_expired,-632.7111336961192,-0.02588892909619616
FSLR,2010-10-19,2010-10-26,hold_expired,336.2797615912234,0.029384350898717455
FCX,2010-10-21,2010-10-28,hold_expired,-160.2612145124698,-0.009776961008590218
FCX,2010-10-28,2010-11-04,hold_expired,1279.7933493936712,0.08793840829954398
EBAY,2010-11-02,2010-11-09,hold_expired,500.35809700535106,0.015209294984691252
FSLR,2010-11-02,2010-11-09,hold_expired,85.28991572755923,0.007112726909912281
FCX,2010-11-04,2010-11-11,hold_expired,536.2391885804765,0.03963134879229968
EBAY,2010-11-09,2010-11-16,hold_expired,-671.0378642710634,-0.02498129633821075
FCX,2010-11-11,2010-11-16,position_stop,-1582.4674780604432,-0.09631308627751915
FCX,2010-11-16,2010-11-23,hold_expired,144.91132337979997,0.011138409124334737
EBAY,2010-11-16,2010-11-23,hold_expired,253.0611949995727,0.01368249738676718
FCX,2010-11-23,2010-12-01,hold_expired,921.9685358209366,0.06876641156497017
EBAY,2010-11-23,2010-12-01,hold_expired,-833.0593130639011,-0.03057209162164178
EBAY,2010-12-01,2010-12-08,hold_expired,734.4072861076609,0.030325543755767004
FCX,2010-12-01,2010-12-08,hold_expired,407.02441683455896,0.029454925101481774
FCX,2010-12-08,2010-12-15,trailing_stop,509.8712064503919,0.03174330621945718
EBAY,2010-12-08,2010-12-15,hold_expired,29.173142320124015,0.0012382067009011658
FCX,2010-12-15,2010-12-22,hold_expired,907.2367817894765,0.04806165725122028
EBAY,2010-12-15,2010-12-22,hold_expired,-1207.6202241039575,-0.053748383368591286
FCX,2010-12-22,2010-12-30,hold_expired,453.67701799233186,0.02197135649577157
EBAY,2010-12-22,2010-12-30,hold_expired,-306.48799495401505,-0.01549433505039521
FCX,2010-12-30,2011-01-06,hold_expired,-531.7910324432206,-0.02415046067554063
FCX,2011-01-10,2011-01-18,hold_expired,18.724648051772096,0.0010607073353086824
FCX,2011-01-18,2011-01-21,position_stop,-1514.3578904363285,-0.0860264532328972
F,2011-01-18,2011-01-25,hold_expired,-854.6671156463855,-0.04342053946003082
FCX,2011-01-21,2011-01-28,hold_expired,-643.8868978193079,-0.020597272231670034
F,2011-01-25,2011-01-28,trailing_stop,-2513.7660656698013,-0.09066330410473307
F,2011-01-28,2011-02-04,hold_expired,-428.46283660119025,-0.03392543303519127
TIE,2011-02-04,2011-02-11,hold_expired,2412.5454958877554,877.0990942175022
HAL,2011-02-11,2011-02-18,hold_expired,1224.9620236544717,0.07770409832834156
NFLX,2011-02-18,2011-02-23,position_stop,-1371.994923803657,-0.10352008803071663
EBAY,2011-02-18,2011-02-28,hold_expired,-714.7555070880168,-0.02961689451384577
NFLX,2011-02-23,2011-03-02,hold_expired,-1004.2444072063623,-0.033333502228203256
HAL,2011-03-02,2011-03-09,hold_expired,-658.6091494093334,-0.023117559703109154
HAL,2011-03-09,2011-03-16,hold_expired,-1445.5103274465266,-0.05149740813086833
HAL,2011-03-16,2011-03-23,hold_expired,2191.1841754069847,0.08031479248725526
NFLX,2011-03-30,2011-04-06,hold_expired,232.49016036023824,0.008194954017281543
HAL,2011-04-06,2011-04-13,hold_expired,-1707.2468119994217,-0.05993137983037929
TIE,2011-04-11,2011-04-18,trailing_stop,3182916.9780939403,649.0541492493145
NFLX,2011-04-26,2011-05-03,hold_expired,8384.515656665468,0.009872918685905938
BKNG,2011-04-26,2011-05-03,hold_expired,3779.1425193549267,0.0044988496353005865
TIE,2011-05-03,2011-05-10,hold_expired,170591.4748620409,558.1611890191953
HAL,2011-05-03,2011-05-10,hold_expired,11479.166718196968,0.010413959364314005
BKNG,2011-05-05,2011-05-12,hold_expired,-17300.40122938571,-0.018747986864811324
NFLX,2011-05-10,2011-05-17,hold_expired,-2049.1305719206603,-0.0031982598121721426
TIE,2011-05-12,2011-05-18,position_stop,-67881.11779727452,-0.09090918181818183
NFLX,2011-05-17,2011-05-24,hold_expired,47498.71647423344,0.044694962125766506
HAL,2011-05-17,2011-05-24,hold_expired,33829.46961187481,0.04784287684047862
BKNG,2011-05-25,2011-06-02,hold_expired,19325.535015146055,0.028004666125767512
NFLX,2011-06-01,2011-06-08,hold_expired,-22403.062215232338,-0.018970406684762246
HAL,2011-06-01,2011-06-08,hold_expired,-19380.352233261445,-0.027356183699555323
BKNG,2011-06-02,2011-06-09,hold_expired,-13287.025245306344,-0.018742972408376735
NFLX,2011-06-08,2011-06-15,hold_expired,-23138.03506848317,-0.01986567256309525
TIE,2011-06-09,2011-06-15,trailing_stop,29682.733897273058,0.042553085106382976
TIE,2011-06-15,2011-06-22,hold_expired,-53438.52116874667,-0.07142867346938775
BKNG,2011-06-15,2011-06-22,hold_expired,23101.453866856365,0.020139193491508216
NFLX,2011-06-15,2011-06-22,hold_expired,-22832.87092516086,-0.033175131852093025
NFLX,2011-06-22,2011-06-29,hold_expired,37425.01602237832,0.06518932623110768
NFLX,2011-07-07,2011-07-14,hold_expired,-20248.708885540218,-0.02007408902298263
NFLX,2011-07-14,2011-07-21,hold_expired,-42376.91130572306,-0.03795953248992831
NFLX,2011-07-21,2011-07-28,hold_expired,-33296.313101555344,-0.033573944046765135
HAL,2011-07-26,2011-08-02,hold_expired,-23804.123734431978,-0.06881103911395255
NFLX,2011-07-28,2011-08-04,hold_expired,-41454.56462693583,-0.07846370943915135
HAL,2011-08-02,2011-08-04,position_stop,-57505.3806615556,-0.08794649498574177
HAL,2011-08-04,2011-08-08,position_stop,-141003.73752787328,-0.1166212379152736
HAL,2011-08-08,2011-08-10,trailing_stop,15925.885562731131,0.020474652932084694
TIE,2011-08-19,2011-08-26,hold_expired,-23142.886973373686,-0.02631592105263158
TIE,2011-09-02,2011-09-12,hold_expired,506739152.45195794,539.5404719024413
NFLX,2011-09-19,2011-09-20,position_stop,-15525897.494404659,-0.09593044571413445
NFLX,2011-09-20,2011-09-27,hold_expired,-3123578.956791791,-0.020071934071921368
FCX,2012-02-01,2012-02-08,hold_expired,584516.361139482,0.007986674696686048
F,2012-02-02,2012-02-09,hold_expired,2604627.6612965665,0.034913760427926537
FCX,2012-02-08,2012-02-15,position_stop,-6502533.582277725,-0.08878812971722261
FCX,2012-02-15,2012-02-23,hold_expired,2263056.8738166112,0.03251648848004371
HPQ,2012-02-24,2012-03-02,hold_expired,-4616892.789631247,-0.04967665810777629
FCX,2012-03-01,2012-03-06,position_stop,-6328124.490380805,-0.080897655561324
NFLX,2012-03-06,2012-03-13,hold_expired,-524010.64303512947,-0.007934356371223965
BKNG,2012-03-09,2012-03-16,hold_expired,3762256.480734519,0.04332199129907064
NFLX,2012-03-13,2012-03-20,hold_expired,5238783.439438077,0.0808649710330455
BKNG,2012-03-16,2012-03-23,hold_expired,3923444.752375829,0.058458718791141624
NFLX,2012-03-27,2012-04-03,hold_expired,-4197577.229413789,-0.06447348158233165
BKNG,2012-03-30,2012-04-09,hold_expired,4607446.83754184,0.06585225929479044
NFLX,2012-04-03,2012-04-10,position_stop,-6526344.748359588,-0.09835324678317955
BKNG,2012-04-09,2012-04-16,position_stop,-6282302.519950639,-0.08205417723716321
NFLX,2012-04-10,2012-04-17,hold_expired,3448585.596427679,0.04935235147287747
BKNG,2012-04-16,2012-04-23,hold_expired,-465927.6614216144,-0.004275067640757195
NFLX,2012-04-17,2012-04-24,position_stop,-12436562.641305001,-0.1813681772028998
BKNG,2012-04-23,2012-04-30,hold_expired,9842073.42492477,0.08843939283140635
NFLX,2012-04-24,2012-04-30,position_stop,-5426452.706579046,-0.08679263603388378
NFLX,2012-04-30,2012-05-04,position_stop,-7635430.579818184,-0.0882206419841735
BKNG,2012-04-30,2012-05-07,hold_expired,-1889652.4921523295,-0.0304553378240374
EBAY,2012-05-04,2012-05-11,hold_expired,2299744.796241779,0.032893720272690434
BKNG,2012-05-07,2012-05-11,position_stop,-8976641.285431467,-0.08440466503950986
BKNG,2012-05-14,2012-05-21,hold_expired,-590624.9390199404,-0.008294975760980613
BKNG,2012-05-21,2012-05-29,hold_expired,39011.11756385669,0.0005459953035063732
BKNG,2012-06-01,2012-06-08,hold_expired,6156348.010104305,0.055461074237405254
EBAY,2012-06-05,2012-06-12,hold_expired,3003350.8571747257,0.028855873304383245
EBAY,2012-06-12,2012-06-19,hold_expired,6807961.536155978,0.06324502473497046
EBAY,2012-06-19,2012-06-26,hold_expired,-2522420.2021514988,-0.023050266696088204
EBAY,2012-06-26,2012-07-03,hold_expired,-3330061.684654774,-0.030650711693617837
EBAY,2012-07-03,2012-07-11,hold_expired,-5475361.971455181,-0.0503075908537111
EBAY,2012-07-30,2012-08-06,hold_expired,-1984555.1792771344,-0.018260555935298375
EBAY,2012-08-06,2012-08-13,hold_expired,1325315.3261473614,0.01222554685031462
EBAY,2012-08-13,2012-08-20,hold_expired,3646203.6085863193,0.02377168472828471
EBAY,2012-08-20,2012-08-27,hold_expired,1993925.7424703655,0.012442140765237553
EBAY,2012-09-11,2012-09-18,hold_expired,3322855.27553446,0.03367144080256226
MOS,2012-09-18,2012-09-25,hold_expired,-3293836.1503032576,-0.02459791666421267
FCX,2012-09-25,2012-10-02,hold_expired,910122.3476219686,0.009379041381430779
MOS,2012-10-02,2012-10-09,hold_expired,-2302470.9407016747,-0.02351728772806559
EBAY,2012-10-09,2012-10-16,hold_expired,4269654.944680573,0.04364628111957251
FCX,2012-10-25,2012-11-05,hold_expired,712270.7066802116,0.006857028616467957
HAL,2012-10-26,2012-11-06,hold_expired,1212660.3504294166,0.01107193748203482
FCX,2012-11-05,2012-11-12,hold_expired,-2266095.8036312037,-0.02081292194104608
F,2012-11-13,2012-11-16,regime_reduce,-1901431.9025369866,-0.04563020432378989
EBAY,2012-11-13,2012-11-19,regime_reduce,257945.64379025833,0.0037139400890077276
F,2012-11-20,2012-11-28,hold_expired,6075142.656115635,0.03668834372723437
EBAY,2012-11-21,2012-11-29,hold_expired,4948687.869656864,0.07335662065370613
FCX,2012-11-21,2012-11-29,hold_expired,1045680.8655546075,0.025835273304719724
NFLX,2012-12-05,2012-12-12,hold_expired,6996955.303632833,0.08744170575583696
FCX,2012-12-06,2012-12-13,hold_expired,3197754.261220542,0.054161306510979335
F,2012-12-06,2012-12-13,hold_expired,303837.1700493878,0.002497199057000033
NFLX,2012-12-12,2012-12-19,hold_expired,2654861.955618126,0.03504857352764265
F,2012-12-13,2012-12-20,hold_expired,4915664.420928156,0.04419499918208328
EBAY,2012-12-14,2012-12-21,hold_expired,1403769.4185194233,0.01960570842908995
NFLX,2012-12-19,2012-12-27,hold_expired,-2808039.6273627197,-0.03777377022921247
F,2012-12-20,2012-12-28,hold_expired,6664092.922059514,0.0932937981812
NFLX,2012-12-27,2013-01-04,hold_expired,4296080.974408588,0.05977917859313981
NFLX,2013-01-04,2013-01-11,hold_expired,4037744.1477135476,0.05459462956859345
NFLX,2013-01-11,2013-01-18,hold_expired,-1643772.313919118,-0.021621335941493038
NFLX,2013-01-18,2013-01-28,trailing_stop,48781924.46819941,0.6339621196375912
NFLX,2013-02-04,2013-02-11,trailing_stop,1573990.639884211,0.017626216621640385
HAL,2013-02-05,2013-02-12,hold_expired,-345204.62907506095,-0.0049191480435488415
NFLX,2013-02-11,2013-02-19,hold_expired,8543436.55115133,0.10394064993039635
HAL,2013-02-12,2013-02-20,trailing_stop,1941243.875355675,0.02232214268669549
NFLX,2013-02-19,2013-02-22,position_stop,-7268779.482743797,-0.08480527968019072
EBAY,2013-02-20,2013-02-27,hold_expired,-2150056.691155519,-0.024899578768695092
HAL,2013-02-21,2013-02-28,hold_expired,1545828.7864331675,0.018119659324400513
NFLX,2013-02-22,2013-03-01,hold_expired,4333772.73199549,0.05248524454841928
EBAY,2013-02-27,2013-03-06,hold_expired,-923564.0116840404,-0.010760582140320451
HAL,2013-02-28,2013-03-07,hold_expired,55121.59078482045,0.0006391163123405869
NFLX,2013-03-01,2013-03-08,hold_expired,-2165574.0328732827,-0.025030625748669752
BKNG,2013-03-06,2013-03-13,hold_expired,-660341.80233768,-0.004689029861764339
HAL,2013-03-07,2013-03-14,hold_expired,2323066.592896856,0.027257951319112902
NFLX,2013-03-08,2013-03-15,hold_expired,36767.22162542137,0.0004331534677652029
NFLX,2013-03-15,2013-03-22,hold_expired,-1726043.1962066551,-0.019583346522562342
HAL,2013-03-20,2013-03-27,hold_expired,4960253.396600346,0.030900721363736346
NFLX,2013-03-22,2013-04-01,trailing_stop,486077.71480908326,0.005846750607806303
NFLX,2013-04-01,2013-04-04,position_stop,-6954451.556128919,-0.08666335350723212
HAL,2013-03-28,2013-04-05,hold_expired,-3495490.9112987416,-0.04482183857326802
NFLX,2013-04-04,2013-04-11,hold_expired,2471615.489533054,0.03749447412888297
HAL,2013-04-05,2013-04-12,hold_expired,5312173.5201423615,0.058516686462352946
NFLX,2013-04-11,2013-04-18,hold_expired,-3275522.274060266,-0.05352261935538639
NFLX,2013-04-18,2013-04-25,hold_expired,29313162.082620967,0.30435808457547986
HAL,2013-04-18,2013-04-25,hold_expired,8774598.32421348,0.0805814956379568
NFLX,2013-04-25,2013-05-02,hold_expired,115061.88309841919,0.003134676311457138
NFLX,2013-05-02,2013-05-09,hold_expired,363112.36700167146,0.008624973009926044
NFLX,2013-05-09,2013-05-16,hold_expired,3571740.0261075487,0.09495879853063806
NFLX,2013-05-16,2013-05-23,hold_expired,-1358879.222543738,-0.04607010773375106
NFLX,2013-05-23,2013-05-31,hold_expired,-1.832446306656493,-2.243145787651841e-08
NFLX,2013-05-31,2013-06-07,hold_expired,-1976453.2739477085,-0.026961374800005017
NFLX,2013-06-07,2013-06-14,hold_expired,-2179642.9847982954,-0.028607752469064697
NFLX,2013-06-14,2013-06-20,trailing_stop,3827519.106746057,0.044207711020140636
NFLX,2013-06-21,2013-06-28,hold_expired,-2128282.9203488883,-0.027109252298472438
NFLX,2013-06-28,2013-07-08,hold_expired,8701423.267092397,0.1039367980732786
BKNG,2013-07-15,2013-07-22,hold_expired,-2560345.221380459,-0.012264446877278018
NFLX,2013-07-15,2013-07-22,hold_expired,1139021.0531178687,0.015156137641748732
NFLX,2013-07-22,2013-07-29,hold_expired,-5811904.165300327,-0.0651625721627761
BKNG,2013-07-22,2013-07-29,hold_expired,-2530827.5024305144,-0.0137382984022053
NFLX,2013-07-29,2013-08-05,hold_expired,2945668.657439363,0.03596502251140832
BKNG,2013-07-29,2013-08-05,hold_expired,7532793.808037786,0.0455676268639546
NFLX,2013-08-05,2013-08-12,hold_expired,1221036.1070209434,0.010597066906968728
BKNG,2013-08-05,2013-08-12,hold_expired,4878291.676998267,0.031703388700483746
NFLX,2013-08-12,2013-08-19,hold_expired,1109718.7783512871,0.01212014658228011
BKNG,2013-08-12,2013-08-19,hold_expired,-3088873.896793597,-0.025981819413286075
NFLX,2013-08-19,2013-08-26,hold_expired,10925341.275688954,0.0880359406493601
BKNG,2013-08-19,2013-08-26,hold_expired,2346458.7625717097,0.017584818038126157
NFLX,2013-08-26,2013-09-03,hold_expired,2438049.3953496767,0.0219651378254582
BKNG,2013-08-26,2013-09-03,hold_expired,-1065766.3886811237,-0.007067666378951476
BKNG,2013-09-03,2013-09-10,hold_expired,6283361.408948398,0.03677123257828975
NFLX,2013-09-03,2013-09-10,hold_expired,8115969.065397538,0.08301060781283404
HAL,2013-09-03,2013-09-10,hold_expired,3840156.2022032775,0.04179602851898214
BKNG,2013-09-10,2013-09-17,hold_expired,-1628418.0336870418,-0.007428220902189849
NFLX,2013-09-10,2013-09-17,hold_expired,-4235467.951542959,-0.04337833199560213
NFLX,2013-09-17,2013-09-24,hold_expired,1819455.0622260387,0.022934440552719742
BKNG,2013-09-17,2013-09-24,hold_expired,6736338.245863707,0.036845619434478144
HAL,2013-09-17,2013-09-24,hold_expired,-2034568.453415179,-0.0185474126952128
NFLX,2013-09-24,2013-10-01,hold_expired,4765034.853269016,0.05892531433809496
BKNG,2013-09-24,2013-10-01,hold_expired,3381289.414307627,0.032086717027634076
NFLX,2013-10-01,2013-10-08,hold_expired,-5823649.610269377,-0.0689114653863895
BKNG,2013-10-01,2013-10-08,hold_expired,-6972455.103117835,-0.038661498921680346
NFLX,2013-10-08,2013-10-15,hold_expired,7955727.050139293,0.06383953805217892
BKNG,2013-10-08,2013-10-15,hold_expired,3780445.9393020254,0.023422848045861783
NFLX,2013-10-15,2013-10-22,trailing_stop,213422.18010669595,0.002362706691523449
BKNG,2013-10-15,2013-10-22,hold_expired,9246937.99586609,0.0529792818681899
NFLX,2013-10-22,2013-10-29,hold_expired,988661.1779472474,0.014603586512322565
BKNG,2013-10-22,2013-10-29,hold_expired,-833253.584731449,-0.005681186929053263
NFLX,2013-10-29,2013-11-05,hold_expired,3319417.9102216302,0.04317137806718818
BKNG,2013-10-29,2013-11-05,hold_expired,2073917.9279089428,0.011882761176759231
FCX,2013-10-29,2013-11-05,hold_expired,-1384486.4460510507,-0.013035598898961956
NFLX,2013-11-05,2013-11-12,hold_expired,-1527952.6667888346,-0.022957554633639278
FCX,2013-11-05,2013-11-12,hold_expired,-6325730.51071986,-0.034718462648046636
NFLX,2013-11-12,2013-11-19,hold_expired,1162756.9330770678,0.010457740654655915
FCX,2013-11-12,2013-11-19,hold_expired,2233812.422520994,0.013894532523736547
HAL,2013-11-18,2013-11-25,hold_expired,-3084966.094151753,-0.03002454823847976
NFLX,2013-11-19,2013-11-26,hold_expired,5626560.649175886,0.05289213375823282
FCX,2013-11-19,2013-11-26,hold_expired,-5035281.197281492,-0.02970270873362851
FCX,2013-11-26,2013-12-04,hold_expired,-4052217.8688958953,-0.022117007132434717
NFLX,2013-11-26,2013-12-04,hold_expired,336812.41204598756,0.002815177376902554
BKNG,2013-12-03,2013-12-10,hold_expired,1257788.9081643901,0.010573068362832208
NFLX,2013-12-04,2013-12-11,hold_expired,3326493.2469878253,0.021444476298727217
FCX,2013-12-04,2013-12-11,hold_expired,-433967.18137742026,-0.0026397393173259328
BKNG,2013-12-10,2013-12-17,hold_expired,-3575835.122821395,-0.023568520081691916
NFLX,2013-12-11,2013-12-18,hold_expired,5448659.627476467,0.033490834089971826
BKNG,2013-12-17,2013-12-24,hold_expired,1490066.9392446037,0.01636571597612394
NFLX,2013-12-18,2013-12-26,hold_expired,245595.71859317637,0.0016478908775918008
BKNG,2013-12-24,2014-01-02,hold_expired,-4623569.920275062,-0.02920687645699901
NFLX,2013-12-26,2014-01-03,hold_expired,-5822923.5247806655,-0.036876846746230534
NFLX,2014-01-03,2014-01-10,position_stop,-13333773.518034957,-0.08545860938551843
FCX,2014-01-09,2014-01-16,hold_expired,4963009.140603815,0.042593337308449934
NFLX,2014-01-10,2014-01-17,hold_expired,-746174.6490973954,-0.006533333681718025
HAR,2014-01-17,2014-01-27,hold_expired,-8.990836883151621,-1.3532092997194736e-07
HAR,2014-01-27,2014-02-03,hold_expired,-13.616018343432113,-1.3532092997194734e-07
HAR,2014-02-03,2014-02-10,hold_expired,10667380.58408427,0.06329081155027569
HAR,2014-02-10,2014-02-18,hold_expired,11940480.304497346,0.05952475494122579
NFLX,2014-02-10,2014-02-18,hold_expired,1217455.5799781892,0.014729020118973101
NFLX,2014-02-18,2014-02-25,hold_expired,3173318.508913221,0.036877670574704875
HAR,2014-02-24,2014-03-03,trailing_stop,3800604.358146496,0.023255060097698246
NFLX,2014-02-25,2014-03-04,hold_expired,543614.9118681835,0.004149786759489874
HAR,2014-03-03,2014-03-10,hold_expired,11603282.00060896,0.1250005754939241
NFLX,2014-03-04,2014-03-11,hold_expired,-5563515.775552986,-0.03861708437484043
BKNG,2014-03-04,2014-03-11,hold_expired,-2654325.148208417,-0.03070984156413526
HAR,2014-03-10,2014-03-17,hold_expired,7717148.502700713,0.10100847088990374
NFLX,2014-03-11,2014-03-18,hold_expired,-6234887.443047426,-0.03954466848763218
BKNG,2014-03-11,2014-03-18,hold_expired,-1559807.537122465,-0.016490180709665767
HAR,2014-03-17,2014-03-24,hold_expired,4430175.57810218,0.0734005570068058
NFLX,2014-03-18,2014-03-24,position_stop,-17326939.93154797,-0.09856033592575805
HAR,2014-03-24,2014-03-31,hold_expired,-4999457.410483478,-0.06838150583626479
NFLX,2014-03-24,2014-03-31,hold_expired,-8592986.269238494,-0.07110057521487749
HAR,2014-03-31,2014-04-02,position_stop,-8024271.596509921,-0.09174196168380104
NFLX,2014-03-31,2014-04-07,hold_expired,-6267321.283430082,-0.04005348389339973
HAR,2014-04-02,2014-04-09,hold_expired,8248111.06609485,0.07070628740200699
HAR,2014-04-09,2014-04-15,position_stop,-13690399.394503547,-0.11320691957769634
HAR,2014-04-15,2014-04-21,position_stop,-11443032.113049705,-0.12765992804096662
HAR,2014-04-21,2014-04-28,trailing_stop,4588541.143794479,0.04878044127606615
HAL,2014-04-22,2014-04-29,hold_expired,-470612.793241291,-0.005857328396613491
HAL,2014-04-29,2014-05-06,hold_expired,1013722.8676747812,0.008074293710513908
HAL,2014-05-06,2014-05-13,hold_expired,1403416.5588289034,0.009111193008862092
HAR,2014-05-12,2014-05-19,hold_expired,10633684.244696496,0.09859200552397802
HAL,2014-05-13,2014-05-20,hold_expired,-2897596.267523613,-0.019051860704114257
HAL,2014-05-20,2014-05-28,hold_expired,1099059.8326385785,0.008885910427651453
HAL,2014-05-28,2014-06-04,hold_expired,4764138.728707027,0.03311539879057899
HAR,2014-06-04,2014-06-11,hold_expired,6654451.737982692,0.1341454231404261
HAL,2014-06-04,2014-06-11,hold_expired,5082731.850118983,0.02368487778013151
HAL,2014-06-11,2014-06-18,hold_expired,3112940.7187511986,0.023285789915182358
HAL,2014-06-18,2014-06-25,hold_expired,3278386.7888277266,0.013704670609915436
HAL,2014-06-25,2014-07-02,hold_expired,4975240.140739215,0.019855557974611207
HAL,2014-07-02,2014-07-10,hold_expired,-2611906.1933439234,-0.020774412861708946
HAL,2014-07-10,2014-07-17,hold_expired,2701316.3543068334,0.014401433805478932
FCX,2014-07-17,2014-07-24,hold_expired,-5079695.982279867,-0.025224588358379107
HAL,2014-07-17,2014-07-24,hold_expired,5253373.538275389,0.043479250569384106
FCX,2014-07-24,2014-07-31,hold_expired,-1599607.5688044473,-0.008290999604322705
HAL,2014-07-31,2014-08-07,hold_expired,-4413746.467037266,-0.02349943917067372
FCX,2014-08-01,2014-08-08,hold_expired,-920455.1172308058,-0.007916429393433391
HAL,2014-08-08,2014-08-15,hold_expired,183519.7994662747,0.0015921776691219516
NFLX,2014-08-14,2014-08-21,hold_expired,7693634.95510079,0.04682049690562962
NFLX,2014-08-21,2014-08-28,hold_expired,1212358.0501471874,0.006545957434201087
NFLX,2014-08-28,2014-09-05,hold_expired,84203.81521532389,0.0008418822410534829
NFLX,2014-09-05,2014-09-12,hold_expired,437411.5744152781,0.0016816902167475683
NFLX,2014-09-12,2014-09-19,hold_expired,-10731497.55591451,-0.04007975787258361
HAR,2014-09-12,2014-09-19,hold_expired,-5161454.735064071,-0.040816492141075224
HAR,2014-09-19,2014-09-26,hold_expired,1355659.1821896213,0.010637810789234843
NFLX,2014-09-19,2014-09-26,hold_expired,-4026453.8469998376,-0.01932154678800626
NFLX,2014-09-26,2014-10-03,hold_expired,3734397.610754036,0.02388857980985466
NFLX,2014-10-17,2014-10-24,hold_expired,15091049.066548003,0.07801957642857116
HAR,2014-10-24,2014-10-31,hold_expired,17710500.136665497,0.11320868764632955
HAR,2014-11-12,2014-11-14,position_stop,-9132787.565924015,-0.08333611653707367
HAR,2014-11-14,2014-11-18,trailing_stop,4775117.530012368,0.033060555919175484
HAR,2014-11-18,2014-11-24,position_stop,-11371018.410387373,-0.0959993345263641
HAR,2014-11-24,2014-12-02,hold_expired,4687541.139844655,0.04424654020741156
HAR,2014-12-04,2014-12-09,position_stop,-9882406.61861141,-0.1016960075421272
HAR,2014-12-09,2014-12-16,hold_expired,-11.7120126832189,-1.0085239975527535e-07
HAR,2014-12-23,2014-12-26,position_stop,-12715190.09392877,-0.10784374378218425
HAR,2014-12-26,2015-01-05,hold_expired,6256811.92324722,0.05494475466825199
DAL,2015-01-02,2015-01-09,hold_expired,-5817476.035811184,-0.046790554065885205
DAL,2015-01-09,2015-01-16,hold_expired,-2665840.109153207,-0.02220879311024387
DAL,2015-01-16,2015-01-26,hold_expired,15328471.030914256,0.09399788336635849
TWX,2015-01-23,2015-01-30,hold_expired,-2970601.9108724026,-0.025522780934763272
DAL,2015-01-29,2015-02-03,position_stop,-10875222.405617977,-0.08367154575235755
HAR,2015-02-02,2015-02-09,hold_expired,-2345323.0471021896,-0.021504981917816097
DAL,2015-02-03,2015-02-10,hold_expired,-1698724.2007622342,-0.015021650555305549
DAL,2015-02-10,2015-02-18,hold_expired,102951.96843630998,0.0008840360174188288
DAL,2015-02-18,2015-02-25,hold_expired,4122070.6425018315,0.03465576930965965
GM,2015-02-20,2015-02-27,hold_expired,-1101439.2740562605,-0.009065258015850602
DAL,2015-02-25,2015-03-04,hold_expired,-4435966.449569963,-0.03610471609994866
NFLX,2015-03-03,2015-03-10,position_stop,-10330453.935911426,-0.08367201568557413
NFLX,2015-03-10,2015-03-17,hold_expired,-7541924.214125706,-0.03817871214736729
GM,2015-03-17,2015-03-24,hold_expired,-2257971.7794411667,-0.011524777018290203
GM,2015-03-24,2015-03-31,hold_expired,-1375443.6470723702,-0.009281014645580525
GM,2015-03-31,2015-04-08,hold_expired,-7589964.10348077,-0.03710092354332066
NFLX,2015-03-31,2015-04-08,hold_expired,7243392.007179079,0.05901272326431506
GM,2015-04-08,2015-04-15,hold_expired,4836448.474011111,0.02294953176485229
NFLX,2015-04-15,2015-04-22,hold_expired,21142523.71067415,0.17277998176974957
HAL,2015-04-22,2015-04-29,hold_expired,9327121.126965204,0.04455039566986074
NFLX,2015-04-22,2015-04-29,hold_expired,902494.2787783771,0.009145050279182486
GM,2015-04-27,2015-05-04,hold_expired,-1156136.1196238413,-0.01065611578268886
NFLX,2015-04-29,2015-05-06,hold_expired,-820742.7226607095,-0.004228479119471493
HAL,2015-05-04,2015-05-11,hold_expired,-7217611.008628546,-0.0408786700140304
NFLX,2015-05-06,2015-05-13,hold_expired,6500586.008583385,0.0347878962406289
HAL,2015-05-11,2015-05-18,hold_expired,-1282644.2601566755,-0.009985946932014546
BKNG,2015-05-12,2015-05-19,hold_expired,3036868.04555958,0.02550909496520774
NFLX,2015-05-13,2015-05-20,hold_expired,13861007.056362094,0.07127953822903021
HAL,2015-05-18,2015-05-26,hold_expired,-3540112.4936573226,-0.027209176267279953
NFLX,2015-05-20,2015-05-28,hold_expired,1609772.2328773232,0.007964230606383935
HAL,2015-05-26,2015-06-02,hold_expired,2450905.184227628,0.014335410075574758
NFLX,2015-05-28,2015-06-04,hold_expired,-369824.5238541978,-0.0018832846909446735
NFLX,2015-06-04,2015-06-11,hold_expired,12441952.987380965,0.06419482548442039
BKNG,2015-06-09,2015-06-16,hold_expired,1206311.0170393146,0.011114312777041092
NFLX,2015-06-11,2015-06-18,hold_expired,-745324.1840399326,-0.003800743308911052
EBAY,2015-06-11,2015-06-18,hold_expired,461906.6840971729,0.003926058535336177
NFLX,2015-06-18,2015-06-25,hold_expired,245123.6681115942,0.0014626212528470203
BKNG,2015-06-23,2015-06-30,hold_expired,-781339.528970873,-0.003963060143987002
HAL,2015-06-23,2015-06-30,hold_expired,-3778865.4832089995,-0.031944883133423904
NFLX,2015-06-25,2015-07-02,hold_expired,-1715433.763379024,-0.009032842322600564
NFLX,2015-07-02,2015-07-10,hold_expired,6302095.925438654,0.03375303538828055
NFLX,2015-07-10,2015-07-17,hold_expired,34580959.27082652,0.18031147383242335
NFLX,2015-07-17,2015-07-24,hold_expired,-6079440.489705245,-0.04739916441944817
NFLX,2015-07-24,2015-07-31,hold_expired,8914534.487877276,0.04536306382919339
GOOG,2015-07-29,2015-08-05,hold_expired,3632600.8817560324,0.018720060507180666
NFLX,2015-07-31,2015-08-07,hold_expired,7490548.347484872,0.0804829411513438
NFLX,2015-08-07,2015-08-14,hold_expired,-134371.415227668,-0.0011334591979577536
EBAY,2015-08-12,2015-08-19,hold_expired,-3224481.647358788,-0.02074699255006627
NFLX,2015-08-14,2015-08-20,position_stop,-12200519.01089795,-0.08841884875995672
GOOG,2015-08-19,2015-08-24,position_stop,-14943971.08590491,-0.10789853014534323
NFLX,2015-08-20,2015-08-24,position_stop,-20099290.04464627,-0.13885678073145438
EBAY,2015-08-21,2015-08-28,hold_expired,7533870.667220902,0.057387480234656715
NFLX,2015-08-24,2015-08-31,hold_expired,56451613.744389586,0.1872420092367022
NFLX,2015-09-04,2015-09-14,hold_expired,-8257641.24240989,-0.031480865985344754
NFLX,2015-09-14,2015-09-21,trailing_stop,12699030.760571063,0.04807184419419754
GOOG,2015-09-22,2015-09-29,hold_expired,-12177791.434933983,-0.04454897240939643
NFLX,2015-10-19,2015-10-26,hold_expired,3733486.3019208885,0.013177326502590413
DAL,2015-10-26,2015-11-02,hold_expired,-1792680.6550774404,-0.012103192862528893
GOOG,2015-10-26,2015-11-02,hold_expired,1731639.7913382472,0.011658237105955547
BKNG,2015-10-26,2015-11-02,hold_expired,3443372.355295161,0.035916302650507166
GOOG,2015-11-02,2015-11-09,hold_expired,1012623.7334483976,0.005214041316562366
DAL,2015-11-02,2015-11-09,hold_expired,207422.79305003225,0.0012474286289237922
BKNG,2015-11-09,2015-11-16,hold_expired,-4720367.1021707,-0.03377247507101615
GOOG,2015-11-09,2015-11-16,hold_expired,1045734.5599740067,0.0055868286763399114
DAL,2015-11-09,2015-11-16,hold_expired,-7399750.132106814,-0.05335054384560236
GOOG,2015-11-16,2015-11-23,hold_expired,6588288.378468393,0.03703885349465498
DAL,2015-11-16,2015-11-23,hold_expired,3384983.061643577,0.016875909889289185
GM,2015-11-23,2015-12-01,hold_expired,887369.9601990073,0.004954022083328077
GOOG,2015-12-01,2015-12-08,hold_expired,-1080101.2221510732,-0.006114614402003907
GOOG,2015-12-08,2015-12-15,hold_expired,-5227000.764944887,-0.024909402844160017
GOOG,2015-12-15,2015-12-22,hold_expired,3255230.0447324757,0.00885117504217351
GOOG,2016-01-14,2016-01-22,hold_expired,3639974.491597341,0.014704919501423873
HAR,2016-03-07,2016-03-14,hold_expired,-4205117.175037185,-0.017240952759998072
DAL,2016-04-06,2016-04-13,hold_expired,2298121.2162778936,0.01777294395593642
HAL,2016-04-27,2016-05-04,hold_expired,-3937682.727228184,-0.028781576319333865
HAL,2016-05-04,2016-05-11,hold_expired,-1418188.262328009,-0.008058384036700702
HAL,2016-05-11,2016-05-18,hold_expired,2693934.7866672217,0.01868433213742943
HAL,2016-05-18,2016-05-25,hold_expired,8269864.936738894,0.05384290446455687
HAL,2016-05-25,2016-06-02,hold_expired,-415438.59475731396,-0.0033591396165466468
HAL,2016-06-02,2016-06-09,hold_expired,11676359.635000927,0.07996232416578351
HAL,2016-06-09,2016-06-16,hold_expired,-6704870.660544453,-0.05079545466224386
BKNG,2016-06-15,2016-06-22,hold_expired,9414946.259370659,0.04188611265182236
HAL,2016-06-16,2016-06-23,hold_expired,8223462.810124492,0.06132843068934833
HAR,2016-06-22,2016-06-27,position_stop,-7605977.542939117,-0.08771956324448896
HAL,2016-06-23,2016-06-27,position_stop,-12335636.257310843,-0.08641347042992202
HAL,2016-06-27,2016-07-05,trailing_stop,5042164.6716037,0.03936945701937007
HAL,2016-07-05,2016-07-12,hold_expired,7230188.840437121,0.05740401909441096
HAL,2016-07-12,2016-07-19,hold_expired,-3042533.186422959,-0.02261970627377808
HAL,2016-07-19,2016-07-26,hold_expired,-8872442.097461049,-0.03892418246132911
HAL,2016-07-26,2016-08-02,hold_expired,-3492314.3846163754,-0.027317438168180764
HAL,2016-08-02,2016-08-09,hold_expired,10798322.479819266,0.04728464493040658
HAR,2016-08-05,2016-08-12,hold_expired,-3563994.5858740155,-0.022221675834795212
HAL,2016-08-12,2016-08-19,hold_expired,10713292.595680501,0.06863108680795751
HAL,2016-08-23,2016-08-30,hold_expired,-3203175.4376666145,-0.020476019446492952
AAL,2016-09-19,2016-09-26,hold_expired,-2315626.6064048726,-0.014419564676522466
AAL,2016-10-11,2016-10-18,hold_expired,4957826.807094544,0.030077381392686047
AAL,2016-10-24,2016-10-31,hold_expired,3170248.0823089117,0.019306011654897468
NFLX,2016-10-26,2016-11-02,hold_expired,-3720748.5633879127,-0.03654401514702561
AAL,2016-10-31,2016-11-07,hold_expired,4583249.312705339,0.024475584057831158
NFLX,2016-11-02,2016-11-09,hold_expired,-119986.42910071323,-0.0013078586769121564
AAL,2016-11-07,2016-11-14,hold_expired,8918126.677360358,0.046010127130992874
NFLX,2016-11-09,2016-11-16,hold_expired,-8282067.038605315,-0.05736965522085767
AAL,2016-11-14,2016-11-21,hold_expired,11988777.07536586,0.061727271371163586
NFLX,2016-11-16,2016-11-23,hold_expired,5312628.738206489,0.021616459661911322
NFLX,2016-11-23,2016-12-01,hold_expired,-1102619.7711597467,-0.004078505490494819
DAL,2016-12-01,2016-12-08,hold_expired,20824461.97071795,0.07491881569375221
NFLX,2016-12-01,2016-12-08,hold_expired,8550672.961467383,0.05127113378711373
AAL,2016-12-06,2016-12-12,trailing_stop,4478664.957093369,0.024961523523718252
AAL,2016-12-12,2016-12-19,hold_expired,3149017.441501651,0.020781005729785553
DAL,2016-12-15,2016-12-22,hold_expired,-2420430.68832584,-0.01388355216509538
AAL,2016-12-19,2016-12-27,hold_expired,95500.62200953501,0.0005962725651299169
DAL,2016-12-22,2016-12-30,hold_expired,-2071904.5190230897,-0.01227149282290027
AAL,2016-12-27,2017-01-03,universe_rotation,-7782296.294610211,-0.0475425637115918
NFLX,2017-01-03,2017-01-10,hold_expired,3379932.739916759,0.018746625803814174
NFLX,2017-01-10,2017-01-18,hold_expired,5343274.674420088,0.025868033328159554
NFLX,2017-01-18,2017-01-25,hold_expired,9066441.923143372,0.04690075346424373
NFLX,2017-01-25,2017-02-01,hold_expired,1710542.3939014995,0.008959318188467156
NFLX,2017-02-01,2017-02-08,hold_expired,4970087.300077545,0.028057956138704265
NFLX,2017-02-08,2017-02-15,hold_expired,-3228866.5811448535,-0.01713415372341824
NFLX,2017-02-15,2017-02-23,hold_expired,670224.8956189981,0.003514419103623916
NFLX,2017-02-23,2017-03-02,hold_expired,-5021023.845368249,-0.022832316294458938
CHTR,2017-03-09,2017-03-16,hold_expired,438638.0362716725,0.0017917513957395144
NFLX,2017-03-28,2017-04-04,hold_expired,461756.17310743156,0.0022043116300440057
CHTR,2017-03-28,2017-04-04,hold_expired,4503309.018680706,0.022954217321739644
NFLX,2017-04-04,2017-04-11,hold_expired,-2286521.1117225904,-0.007972492755844105
CHTR,2017-04-07,2017-04-17,hold_expired,-172184.21230063867,-0.0008801105407338377
NFLX,2017-04-11,2017-04-19,hold_expired,-9503069.346422022,-0.03186702972576662
BKNG,2017-04-12,2017-04-20,hold_expired,1107604.6261045837,0.006165265465802102
CHTR,2017-04-17,2017-04-24,hold_expired,5677213.128467727,0.030266982816818035
NFLX,2017-04-19,2017-04-26,hold_expired,22277464.724251345,0.07441330700493447
CMG,2017-04-19,2017-04-26,hold_expired,2251977.287932747,0.01253771268521229
CMG,2017-04-26,2017-05-03,hold_expired,-1990823.8737340968,-0.006356240486506413
HAR,2017-04-26,2017-05-03,hold_expired,1079974.90393703,0.005747247063525874
CHTR,2017-05-03,2017-05-10,hold_expired,1051805.0622359526,0.003356024440396626
CMG,2017-05-03,2017-05-10,hold_expired,2507429.046068407,0.013334236466415648
HAR,2017-05-04,2017-05-11,hold_expired,27346521.146150813,0.1461321626041745
BKNG,2017-05-05,2017-05-12,hold_expired,-8485432.243284365,-0.04489848803142462
CMG,2017-05-10,2017-05-17,hold_expired,-4224624.7938856045,-0.013650821142740681
NFLX,2017-05-11,2017-05-18,hold_expired,-3612626.9583810563,-0.01797656081006133
BKNG,2017-05-12,2017-05-19,hold_expired,-1049868.5447736734,-0.005445554581960882
HAR,2017-05-15,2017-05-22,hold_expired,4302706.282948433,0.022386686282248727
CMG,2017-05-17,2017-05-24,hold_expired,-422715.3680661616,-0.0022507311112533296
NFLX,2017-05-18,2017-05-25,hold_expired,9034151.933818892,0.04714197975196872
HAR,2017-05-22,2017-05-30,hold_expired,-14604890.560101533,-0.0754259210139737
HAR,2017-05-30,2017-06-06,hold_expired,17462341.214385416,0.09210554558582609
HAR,2017-06-06,2017-06-13,hold_expired,12151792.406071726,0.06024207341708714
HAR,2017-06-13,2017-06-20,hold_expired,-9253495.5192259,-0.045455299533292005
GOOG,2017-06-15,2017-06-22,hold_expired,3033081.575237931,0.015663370449156878
HAR,2017-06-20,2017-06-27,trailing_stop,4698723.8623066405,0.023808373956720887
CMG,2017-06-22,2017-06-29,hold_expired,-845016.9758612675,-0.004252539272341858
HAR,2017-06-27,2017-07-05,hold_expired,38265115.85209541,0.1930234664725011
GOOG,2017-06-30,2017-07-10,hold_expired,4296857.490032223,0.02206349220849724
HAR,2017-07-12,2017-07-19,hold_expired,86895481.66452602,0.39664913691490017
HAR,2017-07-19,2017-07-24,trailing_stop,16570283.052859327,0.06500102571219951
HAR,2017-07-24,2017-07-28,trailing_stop,-2594033.2518987493,-0.028170006996937714
HAR,2017-07-28,2017-08-04,hold_expired,51932114.87310606,0.38647712007468343
NFLX,2017-07-28,2017-08-04,hold_expired,-4605087.526080958,-0.020538954311930487
GOOG,2017-07-31,2017-08-07,hold_expired,-372094.04672809097,-0.0012468049739881774
HAR,2017-08-04,2017-08-09,trailing_stop,14711614.991733745,0.06619519416968254
NFLX,2017-08-04,2017-08-11,hold_expired,-10373279.142910492,-0.04925950055759289
HAR,2017-08-09,2017-08-11,position_stop,-33126866.32087868,-0.13071428074036553
CHTR,2017-08-07,2017-08-14,hold_expired,12929241.504453054,0.052645525528777416
HAR,2017-08-11,2017-08-17,trailing_stop,12374391.583559293,0.07518479216405127
NFLX,2017-08-11,2017-08-18,hold_expired,-5171993.281324729,-0.028413073417568265
BKNG,2017-08-14,2017-08-21,hold_expired,-8216444.606601702,-0.0386407875080474
HAR,2017-08-17,2017-08-21,position_stop,-26800130.686229583,-0.09090783401620581
HAR,2017-08-21,2017-08-23,position_stop,-25744771.469027292,-0.13076966440624346
NFLX,2017-08-18,2017-08-25,hold_expired,-832412.8917681893,-0.0036027391424054444
CHTR,2017-08-21,2017-08-28,hold_expired,-4532886.477844883,-0.018214153104710275
HAR,2017-08-23,2017-08-29,trailing_stop,-1927697.580523451,-0.008850240613995114
HAR,2017-08-29,2017-08-31,position_stop,-23966756.28611602,-0.10714251113333349
NFLX,2017-08-25,2017-09-01,hold_expired,11561577.515349068,0.05290760191385403
CHTR,2017-08-28,2017-09-05,hold_expired,2404267.312872358,0.010505347024832197
HAR,2017-08-31,2017-09-08,hold_expired,-23.74361515348461,-1.0449997933472089e-07
HAR,2017-09-08,2017-09-15,hold_expired,51430690.466499075,0.22264965371625497
CHTR,2017-09-12,2017-09-19,hold_expired,-10306151.469334766,-0.0459968497881277
HAR,2017-09-15,2017-09-20,trailing_stop,9098421.968251158,0.04273495726495727
HAR,2017-09-20,2017-09-27,trailing_stop,33484310.871378083,0.14754090163934425
HAR,2017-09-27,2017-09-29,position_stop,-32559967.957339063,-0.13214292857142856
HAR,2017-09-29,2017-10-06,hold_expired,20598245.717431333,0.07818921810699589
HAR,2017-10-06,2017-10-13,hold_expired,-4103206.7556420187,-0.015267251908396945
HAR,2017-10-13,2017-10-18,position_stop,-22723586.108656246,-0.09302333333333333
NFLX,2017-10-13,2017-10-20,hold_expired,-6786505.688034186,-0.026768211671054108
HAR,2017-10-18,2017-10-20,trailing_stop,6946346.4452668335,0.029914444444444445
HAR,2017-10-20,2017-10-25,position_stop,-25360278.582739163,-0.10373452282157676
NFLX,2017-10-20,2017-10-27,hold_expired,6525344.747951488,0.027657606957303526
HAR,2017-10-25,2017-10-30,trailing_stop,7685524.559008296,0.03240731481481481
HAR,2017-10-30,2017-11-01,position_stop,-21368950.84772196,-0.12376690582959642
NFLX,2017-10-30,2017-11-06,hold_expired,3680155.845922451,0.008821928519184204
HAR,2017-11-01,2017-11-08,hold_expired,-11104882.751856865,-0.05322425793244627
NFLX,2017-11-06,2017-11-13,hold_expired,-10068574.871488817,-0.025283618436502155
HAR,2017-11-08,2017-11-15,trailing_stop,1222543.174581516,0.005405297297297297
NFLX,2017-11-13,2017-11-20,hold_expired,-1224778.3707313084,-0.005074819340601751
HAR,2017-11-15,2017-11-22,hold_expired,19038091.34072795,0.08064505376344086
NFLX,2017-11-20,2017-11-28,hold_expired,6208327.942766685,0.02612052674660957
NFLX,2018-02-01,2018-02-08,hold_expired,-16652753.377570588,-0.05651336410477373
NFLX,2018-02-08,2018-02-15,hold_expired,21546612.47828763,0.12059177012247069
NFLX,2018-02-23,2018-03-02,hold_expired,9142669.403947765,0.052845070768283334
NFLX,2018-03-02,2018-03-09,hold_expired,16442865.844889792,0.10091351971560517
NFLX,2018-03-09,2018-03-16,hold_expired,-8947535.507565796,-0.03922283533143404
NFLX,2018-03-16,2018-03-23,hold_expired,-12219781.382976007,-0.05501647004114949
NFLX,2018-03-23,2018-03-27,trailing_stop,-242347.25893689244,-0.0008639469212772809
BKNG,2018-03-21,2018-03-28,hold_expired,-10906657.71506477,-0.04209389116088211
NFLX,2018-03-27,2018-04-04,hold_expired,-8815457.707454868,-0.03911008463403569
NFLX,2018-04-04,2018-04-11,hold_expired,10107956.020164017,0.050944885649844875
BKNG,2018-04-05,2018-04-12,hold_expired,-623106.0317034941,-0.0025256384850319454
NFLX,2018-04-11,2018-04-18,hold_expired,29304270.68020877,0.1015575797933981
BKNG,2018-04-12,2018-04-19,hold_expired,8802616.908255424,0.035065098536343486
NFLX,2018-04-18,2018-04-24,position_stop,-23221062.76623367,-0.082237236267084
BKNG,2018-04-20,2018-04-27,hold_expired,1220424.416751718,0.0048556598580786125
NFLX,2018-04-24,2018-05-01,hold_expired,6550397.96981018,0.02042213100954296
BKNG,2018-04-27,2018-05-04,hold_expired,4027221.813329311,0.015869753370772458
NFLX,2018-05-01,2018-05-08,hold_expired,12276513.262191424,0.043345012946897486
BKNG,2018-05-04,2018-05-11,hold_expired,-16533818.527980313,-0.04767208546850244
NFLX,2018-05-08,2018-05-15,hold_expired,-572621.2332304715,-0.002355539036493965
BKNG,2018-05-11,2018-05-18,hold_expired,-974419.5495645688,-0.002727418134089559
NFLX,2018-05-15,2018-05-22,hold_expired,3972842.0865105484,0.016803109306467355
NFLX,2018-05-22,2018-05-30,hold_expired,15418607.28724093,0.06606964071651708
NFLX,2018-05-30,2018-06-06,hold_expired,9531492.156575829,0.03931659322092238
NFLX,2018-06-06,2018-06-13,hold_expired,8384017.655466563,0.03393662089756523
NFLX,2018-06-13,2018-06-20,hold_expired,25560656.898084436,0.09691255374066343
NFLX,2018-06-20,2018-06-27,hold_expired,-17767191.752807055,-0.06329775664562921
BKNG,2018-06-25,2018-07-02,hold_expired,-317802.5782693628,-0.0012588280972194769
NFLX,2018-06-27,2018-07-05,hold_expired,5253657.546170278,0.020466692463435035
NFLX,2018-07-05,2018-07-12,hold_expired,9631576.992635295,0.03790250120768263
NFLX,2018-07-12,2018-07-17,position_stop,-19927688.45672604,-0.08229738181679969
NFLX,2018-07-17,2018-07-24,hold_expired,-14000820.485686775,-0.05842213843184667
NFLX,2018-07-24,2018-07-31,hold_expired,-11944116.423559234,-0.05563639310173057
NFLX,2018-07-31,2018-08-07,hold_expired,12508219.072818426,0.04258407974000596
GOOG,2018-07-31,2018-08-07,hold_expired,4850120.354520399,0.02048862648976111
NFLX,2018-08-14,2018-08-21,hold_expired,532777.0424550384,0.0015407149327383962
GOOG,2018-08-21,2018-08-28,hold_expired,10204263.876093501,0.024558307186629606
NFLX,2018-09-05,2018-09-12,hold_expired,17804300.274861857,0.08429564742349167
CHTR,2018-09-26,2018-10-03,hold_expired,4660943.118887108,0.011250644965700336
CHTR,2018-10-10,2018-10-17,hold_expired,7318822.254229905,0.03127392234465684
PYPL,2019-02-06,2019-02-13,hold_expired,3928532.554381077,0.01906775411190646
PYPL,2019-02-21,2019-02-28,hold_expired,15897624.749777574,0.03274009739174691
PYPL,2019-02-28,2019-03-07,hold_expired,-5514983.414555292,-0.01897629365599695
NFLX,2019-03-14,2019-03-21,hold_expired,14882412.168553311,0.05306278303651476
GOOG,2019-03-19,2019-03-26,hold_expired,-2847169.0519803697,-0.011886645229076022
NFLX,2019-03-28,2019-04-04,hold_expired,9624795.332651367,0.03739318459947022
NFLX,2019-04-04,2019-04-11,hold_expired,-176833.3711809294,-0.0006523543272002093
PYPL,2019-04-05,2019-04-12,hold_expired,7521808.81966946,0.026000191519338533
NFLX,2019-04-12,2019-04-22,hold_expired,28672165.157232564,0.07458571694888519
PYPL,2019-04-16,2019-04-24,hold_expired,-2668795.6713643484,-0.009066543522600194
NFLX,2019-04-29,2019-05-06,hold_expired,8583850.613438817,0.018368661680670542
NFLX,2019-05-06,2019-05-13,position_stop,-32110761.71766716,-0.08825625352147012
NFLX,2019-05-13,2019-05-20,hold_expired,2645275.9577216026,0.008225680338852412
PYPL,2019-05-30,2019-06-06,hold_expired,882974.8807214826,0.003312015634236188
PYPL,2019-06-06,2019-06-13,hold_expired,9198741.450749224,0.03523887007269948
PYPL,2019-06-18,2019-06-25,hold_expired,-3356787.4963408695,-0.013286836991903958
PYPL,2019-06-26,2019-07-03,hold_expired,8152924.022466653,0.030915439641340487
PYPL,2019-07-12,2019-07-19,hold_expired,-3397397.560133189,-0.012412616303379618
PYPL,2019-07-26,2019-08-02,hold_expired,-18827491.293235436,-0.07274228635720278
BKNG,2019-09-26,2019-10-03,hold_expired,-2179489.3541681417,-0.008593039214665706
BKNG,2019-11-07,2019-11-14,hold_expired,2401638.743141182,0.008442945679765806
NFLX,2020-02-11,2020-02-19,hold_expired,12967206.370445555,0.03342342629826954
NFLX,2020-02-19,2020-02-26,hold_expired,-7032895.59095425,-0.01802220938331184
NFLX,2020-03-04,2020-03-09,position_stop,-28862115.78953196,-0.09721470595105272
NFLX,2020-03-16,2020-03-23,hold_expired,77214118.65951513,0.2055280246655837
NFLX,2020-03-30,2020-04-06,hold_expired,13046171.593133474,0.024234356666783897
NFLX,2020-04-20,2020-04-27,hold_expired,-21872519.00963385,-0.03684655742519229
NFLX,2020-04-27,2020-05-04,hold_expired,9279649.610742185,0.016042482571419884
NFLX,2020-05-08,2020-05-15,hold_expired,25358965.150337305,0.042773468029675375
PYPL,2020-05-15,2020-05-22,hold_expired,22281578.459936213,0.036760351766616225
NFLX,2020-05-18,2020-05-26,position_stop,-50636982.38072755,-0.08356529847616928
NFLX,2020-05-26,2020-06-02,hold_expired,18012257.003438137,0.03020945986400927
PYPL,2020-06-09,2020-06-16,hold_expired,16946721.479988515,0.027789103384301513
PYPL,2020-06-16,2020-06-23,hold_expired,42983228.30120143,0.07175900836183619
PYPL,2020-06-23,2020-06-30,hold_expired,5042128.013609539,0.008328087997651234
PYPL,2020-06-30,2020-07-08,hold_expired,25539142.06323768,0.04212248768917
PYPL,2020-07-08,2020-07-15,hold_expired,-30990327.055097036,-0.05238202155387242
PYPL,2020-07-15,2020-07-22,hold_expired,21714726.53619277,0.03695796799268844
NFLX,2020-07-22,2020-07-29,hold_expired,-6505560.549386191,-0.010922310216624376
PYPL,2020-07-29,2020-08-05,hold_expired,96915443.93291992,0.09918203804244939
PYPL,2020-08-05,2020-08-12,hold_expired,-59062575.714507185,-0.057123828015472694
PYPL,2020-08-12,2020-08-19,hold_expired,5903385.136620054,0.005848744826902585
PYPL,2020-08-19,2020-08-26,hold_expired,58333466.25193548,0.057363344793549216
PYPL,2020-08-26,2020-09-02,hold_expired,38677774.276313156,0.03606743127461524
PYPL,2020-09-03,2020-09-08,position_stop,-63419303.33124417,-0.09288750600601049
PYPL,2020-09-10,2020-09-17,hold_expired,-34004487.46257321,-0.07523277494859805
PYPL,2020-09-17,2020-09-23,trailing_stop,14389254.95176437,0.0331020008522706
PYPL,2020-12-30,2021-01-07,hold_expired,6374872.14276967,0.015243358270057841
CCL,2021-01-07,2021-01-14,hold_expired,3514590.8199710534,0.008630478671803542
AAL,2021-02-04,2021-02-11,hold_expired,-11620315.433121378,-0.02362068140360254
PYPL,2021-02-23,2021-03-02,hold_expired,8146041.619568105,0.01580762491614236
CCL,2021-03-01,2021-03-04,trailing_stop,21306026.007784966,0.04139097386287669
CCL,2021-03-05,2021-03-10,trailing_stop,10381307.808091862,0.023342163460143724
AAL,2021-03-09,2021-03-16,hold_expired,99632156.21644476,0.13282402227853804
CCL,2021-03-10,2021-03-16,trailing_stop,32810822.122066576,0.05801471729744626
CCL,2021-03-16,2021-03-23,position_stop,-86355374.0789257,-0.10339834060752687
AAL,2021-03-16,2021-03-23,position_stop,-48769804.798179306,-0.08994682947905218
AAL,2021-03-23,2021-03-30,hold_expired,65319530.99462355,0.08302650846264963
CCL,2021-03-23,2021-03-30,hold_expired,26240192.740548175,0.05207239458632238
UAL,2021-03-25,2021-04-01,hold_expired,16584407.566626493,0.03156111475188031
AAL,2021-03-30,2021-04-07,hold_expired,-6216631.11339162,-0.007918761501323717
CCL,2021-04-01,2021-04-09,hold_expired,53331505.144789994,0.09080388426532966
AAL,2021-04-07,2021-04-14,hold_expired,-47496374.34780854,-0.0652319033027658
CCL,2021-04-13,2021-04-20,hold_expired,-55221806.160933524,-0.0755213862512725
AAL,2021-04-14,2021-04-20,position_stop,-72188356.02401784,-0.08945015310373017
AAL,2021-04-20,2021-04-27,hold_expired,41822853.504614055,0.06818847974582169
GOOG,2021-04-27,2021-05-04,trailing_stop,17542719.97689471,0.020419276804005283
CCL,2021-05-04,2021-05-11,hold_expired,-22253607.771727264,-0.03002269722246521
AAL,2021-05-04,2021-05-11,hold_expired,5263459.5792462155,0.006956097945824709
GOOG,2021-05-07,2021-05-14,hold_expired,-19774406.222360123,-0.034414606703262976
GOOG,2021-05-14,2021-05-21,hold_expired,6778064.555916098,0.01248610069687838
AAL,2021-05-18,2021-05-25,hold_expired,-9934407.255154436,-0.014898148956969292
CCL,2021-05-21,2021-05-28,hold_expired,47456479.30860699,0.08792763735968072
AAL,2021-05-25,2021-06-02,hold_expired,90011653.0448384,0.11240847536685031
GOOG,2021-05-25,2021-06-02,hold_expired,4369231.889902111,0.0050599326762621605
AAL,2021-06-02,2021-06-09,hold_expired,-74900536.7578232,-0.07633614781760015
CCL,2021-06-02,2021-06-09,hold_expired,-23513756.20214487,-0.027499346569868185
UAL,2021-06-02,2021-06-09,hold_expired,-26186506.87340965,-0.0507712941915493
CCL,2021-06-09,2021-06-16,hold_expired,-34364730.581988424,-0.03845660703564313
AAL,2021-06-09,2021-06-16,hold_expired,-36627743.77165798,-0.04280924282738959
UAL,2021-06-09,2021-06-16,hold_expired,-14629929.542490086,-0.028499057857086625
CCL,2021-06-16,2021-06-23,hold_expired,-32606391.134017825,-0.03862724086793125
AAL,2021-06-16,2021-06-23,hold_expired,-23224860.7153502,-0.027639034729535366
UAL,2021-06-16,2021-06-23,hold_expired,-4361528.333856248,-0.008651071140949913
CCL,2021-06-23,2021-06-29,position_stop,-71571614.2214281,-0.08422750103653315
AAL,2021-06-23,2021-06-30,hold_expired,-36077163.339958824,-0.04463971371213506
UAL,2021-06-28,2021-07-06,hold_expired,-10154238.229950558,-0.02002291899695195
CCL,2021-06-29,2021-07-07,hold_expired,-40616702.84838898,-0.06598159083939191
GOOG,2021-06-30,2021-07-08,hold_expired,19763528.952379663,0.03080209495813752
PYPL,2021-07-15,2021-07-22,hold_expired,13500187.43294792,0.024211591301546345
GOOG,2021-07-20,2021-07-27,hold_expired,23497999.53956231,0.04343180812926219
PYPL,2021-07-28,2021-07-30,position_stop,-51096836.45726596,-0.08759203436550105
GOOG,2021-07-27,2021-08-03,hold_expired,-2297911.480445707,-0.003783006209236852
PYPL,2021-07-30,2021-08-06,hold_expired,8439377.66141085,0.014550174444364142
GOOG,2021-08-03,2021-08-10,hold_expired,8065196.29091024,0.013321677893330207
GOOG,2021-08-10,2021-08-17,hold_expired,-3685112.984117432,-0.005771235582914149
GOOG,2021-09-08,2021-09-15,hold_expired,1269974.0140218798,0.0022189703323288487
NFLX,2021-09-15,2021-09-22,hold_expired,7598353.619679498,0.013330586487710695
NFLX,2021-10-08,2021-10-15,hold_expired,-3326043.322747605,-0.006923154343356043
NFLX,2021-10-15,2021-10-22,hold_expired,47431737.749174304,0.05806233337755449
NFLX,2021-10-22,2021-10-29,hold_expired,32930679.596671004,0.03838866280043942
NFLX,2021-10-29,2021-11-05,hold_expired,-47481524.191606894,-0.0646086504345531
NFLX,2021-11-05,2021-11-12,hold_expired,45951006.49098241,0.05711458636716539
BKNG,2021-11-12,2021-11-19,hold_expired,-26140983.453942817,-0.04554502914388141
NFLX,2021-11-19,2021-11-29,hold_expired,-16232301.504148703,-0.022053544909295286
NFLX,2021-11-29,2021-12-03,position_stop,-69308206.47073056,-0.0929742284984262
NFLX,2021-12-03,2021-12-10,hold_expired,10213080.313028987,0.01581052422579475
F,2022-01-03,2022-01-10,hold_expired,59972437.79983232,0.09548390090851361
F,2022-01-10,2022-01-18,trailing_stop,13533720.735305525,0.02216647618777046
GM,2022-01-12,2022-01-20,position_stop,-66549715.41004893,-0.10455561104630232
F,2022-01-18,2022-01-20,position_stop,-69259861.94850163,-0.11203154497516143
F,2022-01-20,2022-01-26,position_stop,-49362382.31739973,-0.08043067510941733
F,2022-01-27,2022-02-03,trailing_stop,14000908.451601544,0.022554355035929587
F,2022-02-03,2022-02-04,position_stop,-84142438.82678476,-0.09709996565879564
F,2022-02-04,2022-02-11,hold_expired,-19297927.587478794,-0.02290180865868534
MRNA,2022-07-14,2022-07-21,hold_expired,41894701.399965525,0.05608430042143912
MRNA,2022-07-21,2022-07-28,hold_expired,-23461960.553903785,-0.06407124225552531
MRNA,2022-08-11,2022-08-17,position_stop,-25848299.366400197,-0.08038529628570465
MRNA,2022-08-17,2022-08-22,position_stop,-75628886.2910559,-0.09829746062846123
MRNA,2022-08-22,2022-08-29,hold_expired,-26481195.700727116,-0.03657616810008103
NFLX,2022-09-06,2022-09-13,trailing_stop,-876136.2295524614,-0.0012363650210490444
NFLX,2022-09-13,2022-09-20,hold_expired,80742828.75674549,0.11328107794360656
PYPL,2022-09-20,2022-09-26,position_stop,-58847342.104601994,-0.08044305815507993
NFLX,2022-09-26,2022-09-30,trailing_stop,35418586.81406058,0.05069848969004287
NFLX,2022-09-30,2022-10-07,hold_expired,-18292284.270252526,-0.045446832131694544
NFLX,2022-10-07,2022-10-14,hold_expired,15512473.100132935,0.023314776847002974
PYPL,2022-10-10,2022-10-17,hold_expired,1117453.9825376365,0.0016446663398673293
NFLX,2022-10-14,2022-10-21,hold_expired,176151866.7290692,0.2589565535835598
MRNA,2022-10-21,2022-10-28,hold_expired,129017292.99875455,0.17650399472982004
NFLX,2022-10-24,2022-10-31,hold_expired,24296972.367379084,0.033350995153801716
NFLX,2022-10-31,2022-11-04,position_stop,-81259748.85927881,-0.1065506126347929
PYPL,2022-11-02,2022-11-09,hold_expired,-7181750.963357306,-0.009704181814751833
NFLX,2022-11-04,2022-11-11,hold_expired,81374171.08729568,0.11246596733233101
NFLX,2022-11-16,2022-11-23,hold_expired,-35718903.02719948,-0.04748054696941168
NFLX,2022-11-23,2022-12-01,hold_expired,64600926.69937132,0.08727273103210462
NFLX,2022-12-09,2022-12-15,position_stop,-96955393.36146493,-0.09252833146776622
NFLX,2022-12-15,2022-12-22,hold_expired,23085623.649681278,0.025240151615857458
MRNA,2022-12-22,2022-12-27,position_stop,-124499276.46565016,-0.13521646666085632
NFLX,2022-12-23,2023-01-03,hold_expired,-62272.414808304864,-6.778718009021883e-05
MRNA,2022-12-27,2023-01-04,hold_expired,-13570056.29999831,-0.015601918117121137
NFLX,2023-01-03,2023-01-10,hold_expired,98271223.0305206,0.11045942313941363
MRNA,2023-01-04,2023-01-11,hold_expired,45848587.18910999,0.052317313640984
NFLX,2023-01-13,2023-01-23,hold_expired,22587143.878855914,0.07388375019499291
MRNA,2023-01-13,2023-01-23,hold_expired,6512378.615574883,0.025723971048990886
NFLX,2023-01-23,2023-01-30,hold_expired,-4549321.67389046,-0.012086613755557762
MRNA,2023-01-23,2023-01-30,position_stop,-30196354.14539333,-0.08160357024977802
MRNA,2023-01-30,2023-02-06,hold_expired,-35775876.12639741,-0.058611108149022026
NFLX,2023-01-30,2023-02-06,hold_expired,12053365.566542838,0.02367528436838409
NFLX,2023-02-06,2023-02-13,hold_expired,-5621703.052720286,-0.008077912355459555
MRNA,2023-02-06,2023-02-13,hold_expired,4407377.0019885395,0.007100437098383654
NFLX,2023-02-13,2023-02-21,hold_expired,-39823169.22328712,-0.05878903798707554
MRNA,2023-02-13,2023-02-21,hold_expired,-31477268.385525074,-0.06642756982422227
MRNA,2023-02-21,2023-02-24,position_stop,-55572606.99639916,-0.13012057160078988
NFLX,2023-02-21,2023-02-28,hold_expired,-32438020.327296663,-0.045570333297164346
MRNA,2023-02-24,2023-03-03,hold_expired,11139427.19389144,0.028285240534121188
NFLX,2023-02-28,2023-03-07,hold_expired,-22317281.58064932,-0.04243631689234757
GOOG,2023-06-23,2023-06-30,hold_expired,-11324193.908685056,-0.016672126942765448
NFLX,2023-07-14,2023-07-20,trailing_stop,-5714626.326567814,-0.010183098209783048
NFLX,2023-07-20,2023-07-27,hold_expired,-23634038.66653879,-0.055461551938687174
NFLX,2023-07-27,2023-08-03,hold_expired,30440681.61852556,0.04312987567911525
NFLX,2023-09-14,2023-09-21,hold_expired,-26428169.461933345,-0.04082496141153991
GOOG,2023-10-25,2023-10-27,regime_reduce,-16620315.47880232,-0.025823019095723286
GOOG,2023-11-24,2023-12-01,hold_expired,-23781875.15015839,-0.035458147317642526
NFLX,2023-12-04,2023-12-11,hold_expired,11440803.82271644,0.013174686747712945
UBER,2024-01-02,2024-01-09,hold_expired,19020685.224997997,0.03287081421437984
UBER,2024-01-18,2024-01-25,hold_expired,17365986.89127607,0.017247268710743984
PANW,2024-01-22,2024-01-29,hold_expired,-754794.2058313754,-0.0011630085450103163
UBER,2024-01-25,2024-02-01,hold_expired,12340856.378086591,0.011045505408084752
PANW,2024-01-29,2024-02-05,hold_expired,-1479505.4547198054,-0.0022360290041183927
NFLX,2024-02-05,2024-02-12,hold_expired,-4741484.521661002,-0.007508120569026906
PANW,2024-02-07,2024-02-14,hold_expired,6678102.874669376,0.01050202077439129
UBER,2024-02-08,2024-02-15,hold_expired,87692837.10444345,0.13655912157447006
PANW,2024-02-15,2024-02-21,position_stop,-191225748.29791227,-0.285957267405783
PANW,2024-02-21,2024-02-28,hold_expired,120184683.43241642,0.20680991114756556
UBER,2024-02-22,2024-02-29,hold_expired,11969889.995911127,0.01882610846705388
NFLX,2024-02-23,2024-03-01,hold_expired,51390958.57540967,0.06129616794709
UBER,2024-02-29,2024-03-07,hold_expired,-798607.2216941527,-0.0011446080237814467
UBER,2024-03-07,2024-03-14,hold_expired,-16721627.036259094,-0.022176074235225527
UBER,2024-03-14,2024-03-21,hold_expired,29348830.101159655,0.033470681558903884
UBER,2024-03-21,2024-03-28,hold_expired,-30648342.52927676,-0.0406355406383859
UBER,2024-03-28,2024-04-05,hold_expired,1653642.212163262,0.0021951656452685216
UBER,2024-04-05,2024-04-12,hold_expired,-17533509.19922981,-0.024377978143308415
NFLX,2024-04-19,2024-04-26,hold_expired,5306593.840090369,0.011134322989192952
NFLX,2024-05-16,2024-05-23,hold_expired,25304245.471407562,0.04117806592743315
NFLX,2024-05-31,2024-06-07,hold_expired,-164122.20100154038,-0.0002493592626353741
GOOG,2024-07-02,2024-07-10,hold_expired,29442219.39513288,0.03241516122887205
GOOG,2024-07-10,2024-07-17,hold_expired,-45655334.682822995,-0.052117799846554014
GOOG,2024-07-17,2024-07-24,hold_expired,-35610100.70202984,-0.045181307681318325
UBER,2024-10-18,2024-10-25,hold_expired,-20230217.60820033,-0.019466913140947176
PYPL,2024-10-22,2024-10-29,hold_expired,-8066322.423690155,-0.007798919850968431
PYPL,2024-10-29,2024-11-05,hold_expired,-13221027.002719989,-0.012842600406108063
PYPL,2024-11-05,2024-11-12,hold_expired,100488006.30635025,0.09020824127143172
BKNG,2024-11-08,2024-11-15,hold_expired,5989780.621958891,0.006456996402001052
PYPL,2024-11-12,2024-11-19,hold_expired,-27886981.79713818,-0.026747800018090895
PYPL,2024-11-19,2024-11-26,hold_expired,35409422.35070004,0.033880465311310774
PYPL,2024-12-02,2024-12-09,hold_expired,66682913.24120621,0.040090128392005944
BKNG,2024-12-09,2024-12-16,hold_expired,850851.9843802935,0.0004909876653003262
NFLX,2024-12-09,2024-12-16,hold_expired,8398295.828985365,0.00807712010052173
BKNG,2024-12-16,2024-12-23,hold_expired,-19494862.588748146,-0.01727645189554561
BKNG,2024-12-23,2024-12-31,hold_expired,-27439309.332524974,-0.018704161902815097
PLTR,2025-01-02,2025-01-06,trailing_stop,12380293.639389038,0.009695381086164365
PLTR,2025-01-06,2025-01-08,position_stop,-129892348.68557677,-0.10130393832329782
PLTR,2025-01-08,2025-01-16,hold_expired,23850034.86398127,0.014788135090035907
PLTR,2025-01-16,2025-01-24,hold_expired,233747535.68687382,0.14065577402711166
PLTR,2025-01-24,2025-01-31,hold_expired,72356375.526067,0.04442889791961354
CRWD,2025-01-24,2025-01-31,hold_expired,71866303.52812284,0.0617438201947209
PLTR,2025-01-31,2025-02-07,hold_expired,630748443.3178618,0.3437871420143063
PLTR,2025-02-07,2025-02-11,trailing_stop,21005664.69295998,0.015958541243227233
CRWD,2025-02-05,2025-02-12,hold_expired,16546185.539860662,0.04172619627816039
NFLX,2025-02-07,2025-02-14,hold_expired,57121748.25687337,0.04404646245916883
PLTR,2025-02-11,2025-02-19,trailing_stop,-6442776.925333189,-0.004981399168055939
CRWD,2025-02-12,2025-02-20,hold_expired,3585096.876088282,0.0034719410732626894
PLTR,2025-02-19,2025-02-21,position_stop,-62865647.41493559,-0.095582717453408
NFLX,2025-02-14,2025-02-24,hold_expired,-60524597.85622792,-0.06625732522048922
CRWD,2025-02-20,2025-02-24,position_stop,-142180370.1405591,-0.10185035065755466
PLTR,2025-02-21,2025-02-24,position_stop,-78362605.54388687,-0.10528858736658062
PLTR,2025-03-03,2025-03-06,trailing_stop,-17987225.18609643,-0.035495074915680644
PLTR,2025-03-06,2025-03-10,trailing_stop,-64026555.747411765,-0.050720878417735996
PLTR,2025-03-10,2025-03-13,trailing_stop,23973987.97691298,0.042406462550888854
CRWD,2025-03-10,2025-03-13,trailing_stop,70161105.03346051,0.0766334732574468
PLTR,2025-03-13,2025-03-18,trailing_stop,21239935.769128386,0.053617137601137135
PLTR,2025-03-18,2025-03-25,hold_expired,180081737.38599542,0.1503039778530198
SMCI,2025-03-20,2025-03-25,trailing_stop,46276143.9085466,0.03936063876181361
SMCI,2025-03-25,2025-03-26,position_stop,-57195973.72336233,-0.08860724724908134
PLTR,2025-03-25,2025-03-28,position_stop,-103385602.03579982,-0.1103730728070353
SMCI,2025-03-26,2025-04-02,hold_expired,-68430625.25802177,-0.052672805472895774
PLTR,2025-03-28,2025-04-04,position_stop,-160929261.1374527,-0.13792657598543828
SMCI,2025-04-02,2025-04-04,position_stop,-178083703.0753808,-0.1502137484993694
PLTR,2025-04-04,2025-04-10,trailing_stop,121566645.24213146,0.19698680963181908
PLTR,2025-04-10,2025-04-16,trailing_stop,21670005.53057078,0.04649512266454742
PLTR,2025-04-16,2025-04-24,hold_expired,195800659.12075093,0.16253909873404387
UBER,2025-04-24,2025-05-01,hold_expired,43834504.738041796,0.035710639820966145
PLTR,2025-05-01,2025-05-06,trailing_stop,-76326938.94412696,-0.06317552952398486
SMCI,2025-05-02,2025-05-09,hold_expired,-61480520.95653381,-0.05105308098768864
PLTR,2025-05-06,2025-05-13,hold_expired,209246903.12804627,0.17673163131816677
UBER,2025-05-09,2025-05-16,hold_expired,127164447.13979304,0.10842897743814486
CRWD,2025-05-13,2025-05-20,hold_expired,5753083.204556509,0.004654674548271224
PLTR,2025-05-16,2025-05-23,hold_expired,-60172469.44955432,-0.0479540341953787
UBER,2025-05-20,2025-05-28,hold_expired,-49189468.93388913,-0.03930554590612449
PLTR,2025-05-23,2025-06-02,hold_expired,87484654.76290554,0.07078903495550933
NFLX,2025-05-28,2025-06-04,hold_expired,31566207.852623414,0.025733316574822074
PLTR,2025-06-02,2025-06-05,position_stop,-136432222.3136287,-0.09187360073349432
UBER,2025-06-02,2025-06-09,hold_expired,48545694.48646059,0.04159497109422704
CRWD,2025-06-04,2025-06-11,hold_expired,42917527.40714211,0.035650107509924374
PLTR,2025-06-05,2025-06-12,hold_expired,160791317.05282146,0.1274205513524216
SMCI,2025-06-09,2025-06-16,hold_expired,16411801.214721875,0.013195726088097746
NFLX,2025-06-11,2025-06-18,hold_expired,2449891.780196144,0.001967384632049699
PLTR,2025-06-12,2025-06-20,hold_expired,20535947.320496123,0.015600270524927618
UBER,2025-06-16,2025-06-24,hold_expired,99271301.52099554,0.07670346062763779
PLTR,2025-06-27,2025-07-07,hold_expired,85641052.9634578,0.0640889496097011
PLTR,2025-07-07,2025-07-14,hold_expired,100559090.43572105,0.07208883791901348
NFLX,2025-07-09,2025-07-16,hold_expired,-40295895.93358115,-0.029481204500080068
PLTR,2025-07-14,2025-07-21,hold_expired,25504032.92414574,0.017693593681807326
CRWD,2025-07-16,2025-07-23,hold_expired,-26498660.95457855,-0.01898400034354573
PLTR,2025-07-21,2025-07-28,hold_expired,58113112.87774641,0.04011471023127034
PLTR,2025-07-28,2025-08-04,hold_expired,25762692.422366947,0.017601967908219954
PLTR,2025-08-04,2025-08-11,hold_expired,202699495.4446279,0.13705333319910107
SMCI,2025-08-06,2025-08-13,hold_expired,-22925140.22347082,-0.015409301273680023
PLTR,2025-08-11,2025-08-18,hold_expired,-74911086.69202837,-0.047356000894077536
PLTR,2025-08-18,2025-08-19,position_stop,-141919481.0208356,-0.09355282935986385
PLTR,2025-08-19,2025-08-26,hold_expired,28875078.165881135,0.019771759855388274
PLTR,2025-09-03,2025-09-10,hold_expired,69449600.91356198,0.07643003268671132
GOOG,2025-09-11,2025-09-18,hold_expired,53817581.95303998,0.047964992606916564
GOOG,2025-09-22,2025-09-29,hold_expired,-36079391.71109138,-0.03369584743041545
GOOG,2025-09-29,2025-10-06,hold_expired,31345682.035272405,0.02925602134724991
PLTR,2025-09-30,2025-10-07,hold_expired,-1514162.3126585423,-0.0013759456338089666
PLTR,2025-10-07,2025-10-14,hold_expired,-14933374.831642788,-0.013344637976703143
PLTR,2025-10-14,2025-10-21,hold_expired,10192944.733338067,0.00984193256708871
GOOG,2025-10-30,2025-11-06,hold_expired,11222511.213228209,0.01219942205172936
PLTR,2025-11-06,2025-11-12,trailing_stop,46962997.731443964,0.052093658715854155
GOOG,2025-11-13,2025-11-20,hold_expired,61937999.73123895,0.03890447002436807
GOOG,2025-11-20,2025-11-28,hold_expired,104624004.67470305,0.10393468234084922
GOOG,2025-11-28,2025-12-05,hold_expired,11960242.52245989,0.006150733202115875
GOOG,2025-12-05,2025-12-12,hold_expired,-65156058.26775911,-0.035295719697899845
GOOG,2025-12-12,2025-12-19,hold_expired,-10997401.829042885,-0.006154204977848417
GOOG,2025-12-19,2025-12-29,hold_expired,34770106.21074876,0.018725995823795662
GOOG,2025-12-29,2026-01-06,hold_expired,627156.459840957,0.0005056558323234903
APP,2026-01-05,2026-01-12,hold_expired,47990984.96340862,0.040667792200603355
GOOG,2026-01-06,2026-01-13,hold_expired,139754115.61732262,0.06955652752151074
GOOG,2026-01-14,2026-01-22,hold_expired,-21068753.62519225,-0.01626773292622661
GOOG,2026-02-06,2026-02-13,hold_expired,-65730857.53252105,-0.05286603765761394
GOOG,2026-02-13,2026-02-23,hold_expired,21836463.8354175,0.018524977554590732
