symbol,strategy,entry_date,exit_date,exit_reason,pnl_pct,hold_days
MET,RATTLESNAKE,2001-03-15,2001-03-20,STOP,-0.06206890686489819,3
BA,RATTLESNAKE,2001-03-15,2001-03-22,STOP,-0.07308395708524584,5
DHR,RATTLESNAKE,2001-03-15,2001-03-22,STOP,-0.05324116378825139,5
DUK,RATTLESNAKE,2001-03-15,2001-03-27,PROFIT,0.06503310841691579,8
LIN,RATTLESNAKE,2001-03-15,2001-03-27,TIME,0.0053690402604194,8
NVDA,RATTLESNAKE,2001-04-02,2001-04-04,STOP,-0.07336876343557253,2
BAC,RATTLESNAKE,2001-04-06,2001-04-10,PROFIT,0.04698512332321947,2
USB,RATTLESNAKE,2001-04-20,2001-05-02,TIME,-0.012963318210172159,8
CVS,RATTLESNAKE,2001-05-04,2001-05-16,TIME,-0.015613480776427546,8
UNH,RATTLESNAKE,2001-05-08,2001-05-18,TIME,-0.04043310993303306,8
GILD,RATTLESNAKE,2001-05-29,2001-06-01,PROFIT,0.05574512741442983,3
COF,RATTLESNAKE,2001-05-30,2001-06-05,PROFIT,0.051188297614246814,4
DUK,RATTLESNAKE,2001-06-07,2001-06-14,STOP,-0.05681539364765209,5
GILD,RATTLESNAKE,2001-06-11,2001-06-19,PROFIT,0.046947402659184956,6
NVDA,RATTLESNAKE,2001-06-19,2001-06-20,PROFIT,0.04299114793212655,1
UNP,RATTLESNAKE,2001-06-14,2001-06-26,TIME,-0.025475303936071114,8
LIN,RATTLESNAKE,2001-06-26,2001-07-09,TIME,0.018954852690123758,8
CAT,RATTLESNAKE,2001-06-28,2001-07-11,TIME,-0.032767933503575986,8
NVDA,RATTLESNAKE,2001-07-09,2001-07-12,PROFIT,0.05905587946848012,3
BKNG,RATTLESNAKE,2001-07-11,2001-07-13,PROFIT,0.11395650812688474,2
BKNG,RATTLESNAKE,2001-07-24,2001-07-25,PROFIT,0.042875128035260834,1
GILD,RATTLESNAKE,2001-08-02,2001-08-03,PROFIT,0.05602403840163994,1
BKNG,RATTLESNAKE,2001-08-08,2001-08-10,STOP,-0.09090905623130008,2
BKNG,RATTLESNAKE,2001-08-10,2001-08-13,PROFIT,0.07662330087717639,1
BKNG,RATTLESNAKE,2001-08-20,2001-08-22,STOP,-0.12121215088089832,2
BKNG,RATTLESNAKE,2001-08-22,2001-08-23,STOP,-0.09482751513412147,1
BKNG,RATTLESNAKE,2001-08-23,2001-08-24,PROFIT,0.10285723112526268,1
NVDA,RATTLESNAKE,2001-09-04,2001-09-17,STOP,-0.13752903486083656,5
BKNG,RATTLESNAKE,2001-09-06,2001-09-17,STOP,-0.3919192035229796,3
GD,RATTLESNAKE,2001-10-18,2001-10-22,PROFIT,0.055251243344334844,2
GD,RATTLESNAKE,2001-10-23,2001-10-25,PROFIT,0.04072861409210793,2
GILD,RATTLESNAKE,2001-10-31,2001-11-05,PROFIT,0.040063790323312753,3
TGT,RATTLESNAKE,2001-12-12,2001-12-19,PROFIT,0.04527913129459549,5
CSCO,RATTLESNAKE,2001-12-13,2001-12-26,TIME,-0.04050525525129722,8
BKNG,RATTLESNAKE,2001-12-26,2001-12-27,PROFIT,0.06261494196107797,1
GILD,RATTLESNAKE,2002-01-03,2002-01-04,PROFIT,0.04724524336754543,1
NVDA,RATTLESNAKE,2002-01-11,2002-01-14,STOP,-0.05248026557562102,1
NVDA,RATTLESNAKE,2002-01-14,2002-01-15,PROFIT,0.0933738492388223,1
AAPL,RATTLESNAKE,2002-01-10,2002-01-17,PROFIT,0.05888047765087512,5
FDX,RATTLESNAKE,2002-01-15,2002-01-23,PROFIT,0.04520956211992755,5
INTC,RATTLESNAKE,2002-01-22,2002-01-24,PROFIT,0.04731826549810969,2
AMZN,RATTLESNAKE,2002-02-04,2002-02-05,STOP,-0.08220274788348814,1
SBUX,RATTLESNAKE,2002-02-07,2002-02-20,TIME,-0.001385502928069049,8
AAPL,RATTLESNAKE,2002-02-19,2002-02-25,PROFIT,0.052608329579630464,4
INTC,RATTLESNAKE,2002-02-21,2002-02-25,PROFIT,0.05223884404884971,2
ACN,RATTLESNAKE,2002-02-25,2002-03-04,PROFIT,0.06349249319748806,5
COST,RATTLESNAKE,2002-02-27,2002-03-05,STOP,-0.07466311428995231,4
TGT,RATTLESNAKE,2002-03-05,2002-03-07,PROFIT,0.047951949211846756,2
LOW,RATTLESNAKE,2002-03-04,2002-03-14,TIME,0.010854073699482436,8
NVDA,RATTLESNAKE,2002-03-14,2002-03-15,PROFIT,0.04226693634743417,1
AMZN,RATTLESNAKE,2002-03-15,2002-03-18,PROFIT,0.06985035623015534,1
NVDA,RATTLESNAKE,2002-03-15,2002-03-20,STOP,-0.11843781754939808,3
ACN,RATTLESNAKE,2002-03-19,2002-03-21,PROFIT,0.053461073354549304,2
EMR,RATTLESNAKE,2002-03-27,2002-04-09,TIME,-0.005817563284187255,8
ACN,RATTLESNAKE,2002-04-08,2002-04-11,STOP,-0.06158959062991354,3
ACN,RATTLESNAKE,2002-04-11,2002-04-16,PROFIT,0.05321536202167931,3
BA,RATTLESNAKE,2002-04-17,2002-04-19,STOP,-0.057747122380206406,2
RTX,RATTLESNAKE,2002-04-18,2002-04-30,PROFIT,0.04341951797348398,8
ACN,RATTLESNAKE,2002-04-30,2002-05-03,STOP,-0.07322787403176279,3
AAPL,RATTLESNAKE,2002-04-24,2002-05-06,TIME,-0.04711806812045927,8
ADBE,RATTLESNAKE,2002-05-07,2002-05-08,PROFIT,0.13920234913812402,1
AAPL,RATTLESNAKE,2002-05-21,2002-05-23,PROFIT,0.0733157215713558,2
ADBE,RATTLESNAKE,2002-05-21,2002-06-03,TIME,-0.049798252882856775,8
GILD,RATTLESNAKE,2002-06-04,2002-06-06,STOP,-0.0672488978964324,2
AAPL,RATTLESNAKE,2002-06-06,2002-06-11,STOP,-0.0767147581800427,3
NEE,RATTLESNAKE,2002-06-06,2002-06-13,PROFIT,0.05777293022461838,5
AMZN,RATTLESNAKE,2002-06-14,2002-06-17,PROFIT,0.09453027111466139,1
DHR,RATTLESNAKE,2002-06-13,2002-06-18,PROFIT,0.05390028496159949,3
AMZN,RATTLESNAKE,2002-06-25,2002-06-28,PROFIT,0.059322006896886714,3
AMZN,RATTLESNAKE,2002-07-01,2002-07-03,PROFIT,0.051660466610666145,2
DE,RATTLESNAKE,2002-07-12,2002-07-17,STOP,-0.053718467600773145,3
KO,RATTLESNAKE,2002-07-12,2002-07-18,STOP,-0.061116748320161896,4
LMT,RATTLESNAKE,2002-08-23,2002-08-27,PROFIT,0.042036798167997436,2
AMZN,RATTLESNAKE,2002-08-27,2002-08-29,PROFIT,0.04269974883128502,2
GILD,RATTLESNAKE,2002-08-29,2002-08-30,STOP,-0.05535910686604806,1
ORCL,RATTLESNAKE,2002-12-05,2002-12-06,PROFIT,0.05519189472117403,1
ORCL,RATTLESNAKE,2002-12-09,2002-12-11,PROFIT,0.07312451575193823,2
INTU,RATTLESNAKE,2002-12-13,2002-12-17,PROFIT,0.04635151411985161,2
AMZN,RATTLESNAKE,2002-12-09,2002-12-19,TIME,0.0004612211848105119,8
AMT,RATTLESNAKE,2002-12-24,2002-12-26,STOP,-0.06060628653628597,1
AMZN,RATTLESNAKE,2002-12-26,2002-12-27,STOP,-0.07093592917535241,1
AMT,RATTLESNAKE,2002-12-26,2002-12-30,STOP,-0.06158353088255952,2
AMT,RATTLESNAKE,2002-12-30,2002-12-31,PROFIT,0.10312504744639317,1
AMZN,RATTLESNAKE,2002-12-27,2003-01-03,PROFIT,0.08801696994137198,4
CSCO,RATTLESNAKE,2003-01-22,2003-01-23,PROFIT,0.045128715587060775,1
VZ,RATTLESNAKE,2003-01-21,2003-01-24,STOP,-0.0634200667654452,3
GILD,RATTLESNAKE,2003-01-24,2003-01-30,PROFIT,0.048654463109212065,4
LLY,RATTLESNAKE,2003-01-24,2003-02-05,TIME,-0.01737610682662094,8
AMT,RATTLESNAKE,2003-02-05,2003-02-12,STOP,-0.056485379481469256,5
AMZN,RATTLESNAKE,2003-02-13,2003-02-18,PROFIT,0.06630104397859982,2
AMT,RATTLESNAKE,2003-03-28,2003-04-02,PROFIT,0.0728966031814875,3
ORCL,RATTLESNAKE,2003-03-24,2003-04-03,PROFIT,0.053490605804544566,8
QCOM,RATTLESNAKE,2003-04-02,2003-04-08,STOP,-0.05207728768088382,4
SBUX,RATTLESNAKE,2003-04-23,2003-05-05,TIME,-0.04271756979769681,8
TMO,RATTLESNAKE,2003-04-29,2003-05-09,TIME,0.03296652829818281,8
COF,RATTLESNAKE,2003-05-19,2003-05-22,PROFIT,0.04559340842655102,3
ADBE,RATTLESNAKE,2003-05-19,2003-05-27,PROFIT,0.053337219237092226,5
NFLX,RATTLESNAKE,2003-05-20,2003-05-27,PROFIT,0.04321659892467089,4
TGT,RATTLESNAKE,2003-05-20,2003-05-28,PROFIT,0.055388400193459475,5
LOW,RATTLESNAKE,2003-05-19,2003-05-30,PROFIT,0.04863503675552838,8
IBM,RATTLESNAKE,2003-06-06,2003-06-11,PROFIT,0.04896916750499258,3
AMT,RATTLESNAKE,2003-06-09,2003-06-11,PROFIT,0.0880889841921837,2
AAPL,RATTLESNAKE,2003-06-03,2003-06-13,TIME,0.006354421191915316,8
NFLX,RATTLESNAKE,2003-06-12,2003-06-13,STOP,-0.12408427967522018,1
ACN,RATTLESNAKE,2003-06-12,2003-06-16,PROFIT,0.0425147018177483,2
NFLX,RATTLESNAKE,2003-06-13,2003-06-16,PROFIT,0.13281029381069898,1
NVDA,RATTLESNAKE,2003-06-13,2003-06-17,PROFIT,0.0455919315087685,2
TXN,RATTLESNAKE,2003-06-11,2003-06-23,TIME,-0.04082707308574629,8
ADBE,RATTLESNAKE,2003-06-13,2003-06-25,TIME,-0.007838784546951971,8
MS,RATTLESNAKE,2003-06-19,2003-07-01,TIME,0.004089792951235793,8
BKNG,RATTLESNAKE,2003-06-27,2003-07-02,PROFIT,0.11981554222884094,3
CMCSA,RATTLESNAKE,2003-06-23,2003-07-03,TIME,0.002585412882701865,8
COF,RATTLESNAKE,2003-06-23,2003-07-03,TIME,0.01399972942271055,8
SCHW,RATTLESNAKE,2003-06-23,2003-07-03,TIME,0.0356457977345217,8
NVDA,RATTLESNAKE,2003-07-16,2003-07-17,STOP,-0.05008829585215813,1
NFLX,RATTLESNAKE,2003-07-21,2003-07-22,PROFIT,0.04972899322939672,1
MO,RATTLESNAKE,2003-07-11,2003-07-23,TIME,-0.039942265479272265,8
AMZN,RATTLESNAKE,2003-07-21,2003-07-23,PROFIT,0.13529582934169482,2
NVDA,RATTLESNAKE,2003-07-17,2003-07-24,STOP,-0.05772540728732001,5
QCOM,RATTLESNAKE,2003-07-18,2003-07-24,PROFIT,0.048464389010494324,4
COF,RATTLESNAKE,2003-07-23,2003-07-25,PROFIT,0.04030941610716199,2
NVDA,RATTLESNAKE,2003-07-29,2003-08-04,PROFIT,0.07288673598491102,4
NFLX,RATTLESNAKE,2003-08-05,2003-08-07,STOP,-0.05018336934127776,2
UNH,RATTLESNAKE,2003-08-06,2003-08-11,PROFIT,0.04078743309977906,3
SCHW,RATTLESNAKE,2003-08-01,2003-08-12,PROFIT,0.07538805988556696,7
BKNG,RATTLESNAKE,2003-08-04,2003-08-12,PROFIT,0.0403974571888861,6
GILD,RATTLESNAKE,2003-08-05,2003-08-15,TIME,0.006460308174807361,8
NVDA,RATTLESNAKE,2003-08-11,2003-08-19,PROFIT,0.09547087194241866,6
BKNG,RATTLESNAKE,2003-08-25,2003-08-27,PROFIT,0.053576564411660144,2
TXN,RATTLESNAKE,2003-09-15,2003-09-16,PROFIT,0.04739806679001135,1
GILD,RATTLESNAKE,2003-09-16,2003-09-22,STOP,-0.0670869367589757,4
BKNG,RATTLESNAKE,2003-09-22,2003-09-23,STOP,-0.07264154169725123,1
NVDA,RATTLESNAKE,2003-09-24,2003-09-26,STOP,-0.051745232974155564,2
AAPL,RATTLESNAKE,2003-09-25,2003-09-29,PROFIT,0.04258541693747797,2
NVDA,RATTLESNAKE,2003-09-26,2003-09-29,STOP,-0.05397160809458157,1
GILD,RATTLESNAKE,2003-09-22,2003-10-02,TIME,0.020446739138811454,8
NFLX,RATTLESNAKE,2003-09-29,2003-10-02,PROFIT,0.22371556673270554,3
BKNG,RATTLESNAKE,2003-09-23,2003-10-03,PROFIT,0.057646690623972985,8
GD,RATTLESNAKE,2003-09-24,2003-10-06,TIME,0.02297629580589322,8
BKNG,RATTLESNAKE,2003-10-20,2003-10-24,STOP,-0.06264907571325162,4
AAPL,RATTLESNAKE,2003-10-22,2003-10-28,PROFIT,0.0421768620675429,4
BKNG,RATTLESNAKE,2003-10-24,2003-10-28,PROFIT,0.06719937459149805,2
GILD,RATTLESNAKE,2003-10-29,2003-10-30,PROFIT,0.044999644686018136,1
CAT,RATTLESNAKE,2003-10-22,2003-11-03,TIME,0.034651879733021085,8
MSFT,RATTLESNAKE,2003-10-27,2003-11-06,TIME,-0.025269132171660824,8
NFLX,RATTLESNAKE,2003-11-06,2003-11-07,STOP,-0.07770934069221935,1
BAC,RATTLESNAKE,2003-10-30,2003-11-11,TIME,0.00452323579799252,8
NFLX,RATTLESNAKE,2003-11-07,2003-11-12,PROFIT,0.07167244455646604,3
NFLX,RATTLESNAKE,2003-11-12,2003-11-14,STOP,-0.06906928130260304,2
ADBE,RATTLESNAKE,2003-11-14,2003-11-20,STOP,-0.06789977316528806,4
SCHW,RATTLESNAKE,2003-11-17,2003-11-24,STOP,-0.053754783528514816,5
AMZN,RATTLESNAKE,2003-11-20,2003-11-24,PROFIT,0.05076758577309315,2
ADBE,RATTLESNAKE,2003-11-20,2003-11-24,PROFIT,0.0809400665570219,2
MS,RATTLESNAKE,2003-11-20,2003-11-25,PROFIT,0.04613624959804907,3
AAPL,RATTLESNAKE,2003-11-19,2003-12-01,PROFIT,0.063174144042496,7
NFLX,RATTLESNAKE,2003-12-09,2003-12-11,PROFIT,0.044014964562737235,2
NVDA,RATTLESNAKE,2003-12-09,2003-12-11,PROFIT,0.0738083004110619,2
ADBE,RATTLESNAKE,2003-12-10,2003-12-11,PROFIT,0.04464281055732977,1
ACN,RATTLESNAKE,2004-01-13,2004-01-14,PROFIT,0.04545470693177456,1
INTU,RATTLESNAKE,2004-01-08,2004-01-16,PROFIT,0.040216805913990905,6
AAPL,RATTLESNAKE,2004-01-22,2004-01-27,PROFIT,0.04012661773356796,3
AMT,RATTLESNAKE,2004-01-20,2004-01-30,TIME,-0.02743378347790848,8
AMZN,RATTLESNAKE,2004-02-02,2004-02-03,STOP,-0.06898698433154826,1
NVDA,RATTLESNAKE,2004-01-27,2004-02-06,TIME,0.00574838650627485,8
TXN,RATTLESNAKE,2004-01-27,2004-02-06,TIME,0.02726502289108823,8
BK,RATTLESNAKE,2004-01-28,2004-02-09,TIME,0.02240246194405282,8
SCHW,RATTLESNAKE,2004-01-28,2004-02-09,TIME,-0.008538716904871846,8
AMZN,RATTLESNAKE,2004-02-04,2004-02-17,TIME,0.0030843663491848528,8
NFLX,RATTLESNAKE,2004-02-24,2004-02-26,PROFIT,0.07692375070876079,2
AMT,RATTLESNAKE,2004-02-23,2004-03-01,PROFIT,0.05056157477126244,5
NFLX,RATTLESNAKE,2004-03-09,2004-03-15,STOP,-0.0513640020889754,4
AMT,RATTLESNAKE,2004-03-11,2004-03-17,PROFIT,0.06950837582223501,4
TXN,RATTLESNAKE,2004-03-23,2004-03-25,PROFIT,0.06114152319985,2
SPG,RATTLESNAKE,2004-04-06,2004-04-12,STOP,-0.06954105739786864,3
NFLX,RATTLESNAKE,2004-04-16,2004-04-20,STOP,-0.05365979845850666,2
SPG,RATTLESNAKE,2004-04-12,2004-04-22,TIME,-0.0030212578277668545,8
NVDA,RATTLESNAKE,2004-04-16,2004-04-26,STOP,-0.05421592048028767,6
NFLX,RATTLESNAKE,2004-04-20,2004-04-29,STOP,-0.10481002752374413,7
NFLX,RATTLESNAKE,2004-04-29,2004-05-05,PROFIT,0.10518267449461827,4
COF,RATTLESNAKE,2004-04-26,2004-05-06,TIME,-0.017319686347525898,8
DE,RATTLESNAKE,2004-04-29,2004-05-11,TIME,-0.04121781276795,8
F,RATTLESNAKE,2004-05-10,2004-05-14,PROFIT,0.04925035639799158,4
MO,RATTLESNAKE,2004-05-12,2004-05-24,STOP,-0.09738916344988957,8
NFLX,RATTLESNAKE,2004-07-08,2004-07-09,PROFIT,0.047633361952972963,1
AMZN,RATTLESNAKE,2004-07-08,2004-07-19,STOP,-0.070302946699622,7
AMT,RATTLESNAKE,2004-07-26,2004-07-27,PROFIT,0.0700361135261296,1
HON,RATTLESNAKE,2004-08-06,2004-08-18,TIME,0.03561756142820571,8
CRM,RATTLESNAKE,2004-09-28,2004-09-29,PROFIT,0.04999997747722684,1
UNH,RATTLESNAKE,2004-10-19,2004-10-20,PROFIT,0.05052639410241988,1
GILD,RATTLESNAKE,2004-10-22,2004-10-27,PROFIT,0.05082695850630192,3
QCOM,RATTLESNAKE,2004-11-04,2004-11-11,PROFIT,0.05306028920795525,5
GOOG,RATTLESNAKE,2004-11-05,2004-11-11,PROFIT,0.08072041641898675,4
CRM,RATTLESNAKE,2004-11-09,2004-11-15,PROFIT,0.06502809737074156,4
GOOG,RATTLESNAKE,2004-11-18,2004-11-24,PROFIT,0.04309395814447514,4
CRM,RATTLESNAKE,2004-11-18,2004-12-01,TIME,-0.04938250874233541,8
CRM,RATTLESNAKE,2004-12-07,2004-12-17,TIME,0.003115480068276888,8
UPS,RATTLESNAKE,2005-01-13,2005-01-26,TIME,-0.007883618199637898,8
QCOM,RATTLESNAKE,2005-01-20,2005-02-01,TIME,-0.02514617279971687,8
AAPL,RATTLESNAKE,2005-03-09,2005-03-15,PROFIT,0.04091465177836606,4
NVDA,RATTLESNAKE,2005-03-08,2005-03-16,STOP,-0.05748542129157164,6
AAPL,RATTLESNAKE,2005-04-14,2005-04-15,STOP,-0.05126072852533092,1
ADBE,RATTLESNAKE,2005-04-15,2005-04-18,STOP,-0.09709857244418896,1
AAPL,RATTLESNAKE,2005-04-15,2005-04-19,PROFIT,0.04922200543108324,2
COP,RATTLESNAKE,2005-04-15,2005-04-19,PROFIT,0.04476872476247884,2
NVDA,RATTLESNAKE,2005-04-15,2005-04-21,PROFIT,0.051518572181953326,4
AAPL,RATTLESNAKE,2005-04-20,2005-04-21,PROFIT,0.047028675472359005,1
ADBE,RATTLESNAKE,2005-04-20,2005-04-21,PROFIT,0.040000015991743965,1
UNP,RATTLESNAKE,2005-04-18,2005-04-28,TIME,0.0011104485054280744,8
LIN,RATTLESNAKE,2005-04-18,2005-04-28,TIME,0.002894176042738339,8
COP,RATTLESNAKE,2005-05-16,2005-05-19,PROFIT,0.04732323139422645,3
BKNG,RATTLESNAKE,2005-05-11,2005-05-23,PROFIT,0.05639742850629714,8
NFLX,RATTLESNAKE,2005-05-26,2005-06-08,TIME,0.015027983985293147,8
AAPL,RATTLESNAKE,2005-06-07,2005-06-17,PROFIT,0.0484403190244167,8
GILD,RATTLESNAKE,2005-06-24,2005-06-30,PROFIT,0.05365334111199127,4
NFLX,RATTLESNAKE,2005-06-23,2005-07-06,PROFIT,0.04236626950990119,8
NVDA,RATTLESNAKE,2005-07-18,2005-07-28,PROFIT,0.04004588284684907,8
SPG,RATTLESNAKE,2005-08-08,2005-08-11,PROFIT,0.04462824052337511,3
GILD,RATTLESNAKE,2005-08-08,2005-08-18,TIME,0.012823957299242794,8
CRM,RATTLESNAKE,2005-08-16,2005-08-18,STOP,-0.0759434984283659,2
CRM,RATTLESNAKE,2005-08-18,2005-08-26,STOP,-0.05265740059775925,6
COP,RATTLESNAKE,2005-10-05,2005-10-17,TIME,-0.003636392934757704,8
XOM,RATTLESNAKE,2005-10-05,2005-10-17,TIME,-0.0015269727711502146,8
CVX,RATTLESNAKE,2005-10-06,2005-10-18,TIME,-0.04516664096956924,8
TXN,RATTLESNAKE,2005-10-07,2005-10-19,TIME,-0.018282524382052356,8
NVDA,RATTLESNAKE,2005-10-10,2005-10-20,TIME,-0.014275563934260327,8
CAT,RATTLESNAKE,2005-10-26,2005-10-31,PROFIT,0.040356287140328684,3
AMZN,RATTLESNAKE,2005-10-26,2005-11-03,PROFIT,0.04553465082743546,6
QCOM,RATTLESNAKE,2005-10-28,2005-11-03,PROFIT,0.07182841433257026,4
NFLX,RATTLESNAKE,2005-12-12,2005-12-16,PROFIT,0.0478092523666338,4
NFLX,RATTLESNAKE,2006-01-05,2006-01-18,TIME,-0.0032094087986653808,8
GOOG,RATTLESNAKE,2006-01-20,2006-01-23,PROFIT,0.070194821010237,1
NFLX,RATTLESNAKE,2006-01-20,2006-01-24,PROFIT,0.054112007904478565,2
NFLX,RATTLESNAKE,2006-02-02,2006-02-09,STOP,-0.058236808313960386,5
GOOG,RATTLESNAKE,2006-02-03,2006-02-09,STOP,-0.059703821002079493,4
CRM,RATTLESNAKE,2006-02-03,2006-02-10,STOP,-0.08187288358210643,5
GOOG,RATTLESNAKE,2006-02-09,2006-02-22,TIME,0.018730723259227755,8
CRM,RATTLESNAKE,2006-02-13,2006-02-24,TIME,-0.013718438811527678,8
INTU,RATTLESNAKE,2006-02-21,2006-03-03,TIME,-0.0004114383605388072,8
AAPL,RATTLESNAKE,2006-03-09,2006-03-14,PROFIT,0.05302692170875645,3
AAPL,RATTLESNAKE,2006-03-21,2006-03-28,STOP,-0.05015379626415428,5
COF,RATTLESNAKE,2006-03-17,2006-03-29,TIME,-0.0017097238519929725,8
ACN,RATTLESNAKE,2006-03-29,2006-04-04,PROFIT,0.04259709322357286,4
CRM,RATTLESNAKE,2006-04-12,2006-04-25,PROFIT,0.057142797423119784,8
GILD,RATTLESNAKE,2006-04-26,2006-05-08,TIME,-0.013784804523653937,8
ADBE,RATTLESNAKE,2006-05-03,2006-05-09,STOP,-0.05191099895993467,4
GOOG,RATTLESNAKE,2006-05-01,2006-05-11,TIME,-0.029831859185029175,8
NVDA,RATTLESNAKE,2006-05-12,2006-05-17,STOP,-0.05203131094818014,3
CRM,RATTLESNAKE,2006-05-12,2006-05-18,STOP,-0.08141029183015525,4
CSCO,RATTLESNAKE,2006-05-11,2006-05-19,PROFIT,0.040898011264836276,6
AMT,RATTLESNAKE,2006-05-18,2006-05-22,STOP,-0.06327113386144001,2
SBUX,RATTLESNAKE,2006-05-12,2006-05-24,TIME,-0.012342411261813124,8
AMT,RATTLESNAKE,2006-05-22,2006-05-25,PROFIT,0.05167162059217878,3
GOOG,RATTLESNAKE,2006-05-16,2006-05-26,TIME,0.02706716515294949,8
NVDA,RATTLESNAKE,2006-05-18,2006-05-31,TIME,-0.035670087112138926,8
NVDA,RATTLESNAKE,2006-06-08,2006-06-12,STOP,-0.05835543476756522,2
CAT,RATTLESNAKE,2006-06-07,2006-06-15,PROFIT,0.06158236029756492,6
UNP,RATTLESNAKE,2006-06-09,2006-06-15,PROFIT,0.04302573377391061,4
DE,RATTLESNAKE,2006-06-09,2006-06-21,TIME,-0.011525891879835104,8
DE,RATTLESNAKE,2006-07-14,2006-07-21,STOP,-0.05271726844425084,5
SBUX,RATTLESNAKE,2006-07-12,2006-07-24,TIME,0.008132940735553484,8
BMY,RATTLESNAKE,2006-08-01,2006-08-08,STOP,-0.10882353308767623,5
F,RATTLESNAKE,2006-09-19,2006-09-22,PROFIT,0.044386385603479184,3
CVS,RATTLESNAKE,2006-09-25,2006-09-27,PROFIT,0.040193379271666,2
MO,RATTLESNAKE,2006-09-26,2006-10-06,TIME,0.037750311576647766,8
CRM,RATTLESNAKE,2006-11-01,2006-11-03,PROFIT,0.06526328431462702,2
INTU,RATTLESNAKE,2006-11-22,2006-12-05,TIME,-0.013946405153499986,8
F,RATTLESNAKE,2006-11-27,2006-12-05,STOP,-0.05882384692259657,6
ORCL,RATTLESNAKE,2006-12-07,2006-12-19,TIME,-0.02285760633713463,8
CRM,RATTLESNAKE,2006-12-22,2007-01-04,PROFIT,0.05076296642356537,6
NVDA,RATTLESNAKE,2007-01-05,2007-01-12,PROFIT,0.04664386053960601,5
NVDA,RATTLESNAKE,2007-01-18,2007-01-30,TIME,-0.029346904260465267,8
AAPL,RATTLESNAKE,2007-01-18,2007-01-30,TIME,-0.03951892551718028,8
CRM,RATTLESNAKE,2007-02-27,2007-03-02,STOP,-0.0524445146106306,3
CRM,RATTLESNAKE,2007-03-05,2007-03-08,PROFIT,0.05075785932488808,3
GS,RATTLESNAKE,2007-02-27,2007-03-09,TIME,0.029081197338269416,8
MS,RATTLESNAKE,2007-02-27,2007-03-09,TIME,0.025226404446574424,8
F,RATTLESNAKE,2007-02-27,2007-03-09,TIME,0.019280303504817686,8
CMCSA,RATTLESNAKE,2007-02-27,2007-03-09,TIME,0.032410593296036794,8
DE,RATTLESNAKE,2007-03-28,2007-04-10,TIME,0.03222716488084543,8
BKNG,RATTLESNAKE,2007-05-11,2007-05-18,PROFIT,0.0729514653447354,5
NEE,RATTLESNAKE,2007-06-07,2007-06-11,PROFIT,0.04391455454757209,2
EXC,RATTLESNAKE,2007-06-07,2007-06-14,PROFIT,0.04104692982431968,5
TMUS,RATTLESNAKE,2007-06-07,2007-06-15,PROFIT,0.09437455563030217,6
EXC,RATTLESNAKE,2007-07-26,2007-08-01,PROFIT,0.04513418334746988,4
MA,RATTLESNAKE,2007-08-03,2007-08-06,PROFIT,0.048453408130214815,1
CAT,RATTLESNAKE,2007-07-26,2007-08-07,TIME,0.027462359907752587,8
TGT,RATTLESNAKE,2007-07-26,2007-08-07,TIME,0.007071539626853696,8
DE,RATTLESNAKE,2007-07-26,2007-08-07,TIME,0.02288907099378168,8
AMT,RATTLESNAKE,2007-07-26,2007-08-07,TIME,-0.01061712633003642,8
MA,RATTLESNAKE,2007-08-15,2007-08-17,PROFIT,0.06168624048079008,2
LIN,RATTLESNAKE,2007-08-15,2007-08-21,PROFIT,0.045454086233355895,4
COST,RATTLESNAKE,2007-08-15,2007-08-22,PROFIT,0.047358529341884115,5
UNP,RATTLESNAKE,2007-08-15,2007-08-22,PROFIT,0.048490273684298923,5
EXC,RATTLESNAKE,2007-08-15,2007-08-22,PROFIT,0.051504280858323925,5
F,RATTLESNAKE,2007-10-19,2007-10-29,PROFIT,0.04779015901539774,6
CRM,RATTLESNAKE,2007-10-19,2007-10-31,PROFIT,0.07823264800001772,8
MMM,RATTLESNAKE,2007-10-19,2007-10-31,TIME,-0.0030015161110791277,8
AMZN,RATTLESNAKE,2007-10-30,2007-11-08,STOP,-0.05281057774352926,7
BKNG,RATTLESNAKE,2007-11-08,2007-11-09,PROFIT,0.23033123922141518,1
AAPL,RATTLESNAKE,2007-11-09,2007-11-12,STOP,-0.07020600214717088,1
NVDA,RATTLESNAKE,2007-11-09,2007-11-12,STOP,-0.09982015867600114,1
GS,RATTLESNAKE,2007-11-05,2007-11-13,PROFIT,0.06708192181549988,6
ADBE,RATTLESNAKE,2007-11-09,2007-11-13,STOP,-0.05504165068754974,2
CRM,RATTLESNAKE,2007-11-07,2007-11-16,PROFIT,0.13004918402958476,7
CSCO,RATTLESNAKE,2007-11-13,2007-11-21,STOP,-0.06270736484829142,6
NFLX,RATTLESNAKE,2007-11-20,2007-11-26,STOP,-0.051261108598540606,3
NFLX,RATTLESNAKE,2007-11-26,2007-11-27,PROFIT,0.04052308996431453,1
NVDA,RATTLESNAKE,2007-11-26,2007-11-27,PROFIT,0.043021741361441546,1
AMZN,RATTLESNAKE,2007-12-17,2007-12-19,PROFIT,0.050417194695602685,2
BRK-B,RATTLESNAKE,2007-12-17,2007-12-28,TIME,0.035359082301018585,8
INTC,RATTLESNAKE,2008-01-03,2008-01-04,STOP,-0.08107041720040997,1
NVDA,RATTLESNAKE,2008-01-03,2008-01-04,STOP,-0.08396987539341294,1
NVDA,RATTLESNAKE,2008-01-04,2008-01-07,STOP,-0.10333348820485755,1
NFLX,RATTLESNAKE,2008-01-04,2008-01-08,STOP,-0.05322959302825814,2
BKNG,RATTLESNAKE,2008-01-07,2008-01-11,STOP,-0.08499715464383584,4
CRM,RATTLESNAKE,2008-01-08,2008-01-18,STOP,-0.05228520669269732,8
DE,RATTLESNAKE,2008-01-18,2008-01-22,PROFIT,0.0883511802151784,1
MA,RATTLESNAKE,2008-01-11,2008-01-23,PROFIT,0.07490064043702471,7
LIN,RATTLESNAKE,2008-01-22,2008-01-28,PROFIT,0.05361951427398681,4
NEE,RATTLESNAKE,2008-01-23,2008-02-01,PROFIT,0.040120878460670806,7
CRM,RATTLESNAKE,2008-01-30,2008-02-05,PROFIT,0.04805393198470154,4
BKNG,RATTLESNAKE,2008-02-06,2008-02-07,PROFIT,0.08322634857482347,1
BLK,RATTLESNAKE,2008-02-11,2008-02-19,STOP,-0.068216583317665,5
BLK,RATTLESNAKE,2008-02-21,2008-02-26,PROFIT,0.052225671050823985,3
BKNG,RATTLESNAKE,2008-02-29,2008-03-12,PROFIT,0.06069125152303134,8
NFLX,RATTLESNAKE,2008-03-31,2008-04-01,PROFIT,0.05367873843338766,1
BLK,RATTLESNAKE,2008-03-31,2008-04-01,PROFIT,0.0797340103194808,1
NFLX,RATTLESNAKE,2008-04-23,2008-04-24,PROFIT,0.056302352654447496,1
BLK,RATTLESNAKE,2008-04-17,2008-04-29,TIME,-0.005940856322468324,8
NFLX,RATTLESNAKE,2008-04-24,2008-05-01,STOP,-0.06117476550399781,5
DE,RATTLESNAKE,2008-04-29,2008-05-09,TIME,0.02640035531823126,8
NFLX,RATTLESNAKE,2008-05-02,2008-05-14,TIME,-0.022508003212285854,8
CRM,RATTLESNAKE,2008-05-21,2008-05-22,PROFIT,0.058250537933890234,1
DE,RATTLESNAKE,2008-05-19,2008-05-30,TIME,0.0066834148207790545,8
AMT,RATTLESNAKE,2008-06-06,2008-06-16,PROFIT,0.05405391240805968,6
V,RATTLESNAKE,2008-06-10,2008-06-17,PROFIT,0.05428985882378323,5
NFLX,RATTLESNAKE,2008-06-26,2008-06-27,STOP,-0.07088289296569139,1
BKNG,RATTLESNAKE,2008-06-30,2008-07-02,STOP,-0.07041400785161256,2
QCOM,RATTLESNAKE,2008-06-26,2008-07-08,PROFIT,0.054089811745875016,7
MA,RATTLESNAKE,2008-07-02,2008-07-15,TIME,-0.019483031469546885,8
EXC,RATTLESNAKE,2008-07-17,2008-07-29,TIME,-0.02834564490961622,8
MA,RATTLESNAKE,2008-07-24,2008-07-30,PROFIT,0.04739255499604722,4
MA,RATTLESNAKE,2008-08-06,2008-08-18,TIME,0.025473593286644114,8
WFC,RATTLESNAKE,2008-08-18,2008-08-28,PROFIT,0.05659745657153237,8
BLK,RATTLESNAKE,2008-08-18,2008-08-28,PROFIT,0.044005073227054936,8
UNP,RATTLESNAKE,2008-09-05,2008-09-09,STOP,-0.062019360137053,2
UNP,RATTLESNAKE,2008-09-09,2008-09-10,PROFIT,0.042808798168257,1
QCOM,RATTLESNAKE,2008-09-09,2008-09-11,PROFIT,0.07629913259322763,2
UNP,RATTLESNAKE,2008-09-10,2008-09-11,PROFIT,0.0654384925437661,1
SCHW,RATTLESNAKE,2008-09-15,2008-09-16,PROFIT,0.12246686952153785,1
LOW,RATTLESNAKE,2008-09-15,2008-09-17,STOP,-0.07463272297873291,2
NFLX,RATTLESNAKE,2009-05-07,2009-05-13,STOP,-0.058043756700303484,4
NVDA,RATTLESNAKE,2009-05-11,2009-05-13,STOP,-0.10922608856254679,2
F,RATTLESNAKE,2009-05-13,2009-05-14,PROFIT,0.0403227581549912,1
F,RATTLESNAKE,2009-05-14,2009-05-15,PROFIT,0.06395330042239866,1
AXP,RATTLESNAKE,2009-05-15,2009-05-18,PROFIT,0.07841545500092617,1
NFLX,RATTLESNAKE,2009-05-13,2009-05-19,PROFIT,0.05259015022923408,4
TGT,RATTLESNAKE,2009-05-28,2009-06-01,PROFIT,0.06464019395109477,2
HD,RATTLESNAKE,2009-05-26,2009-06-05,TIME,0.01554606923312929,8
TMUS,RATTLESNAKE,2009-06-03,2009-06-05,STOP,-0.0793238691052831,2
MS,RATTLESNAKE,2009-06-15,2009-06-22,STOP,-0.0623242429066273,5
F,RATTLESNAKE,2009-06-16,2009-06-22,STOP,-0.051146628753952816,4
DE,RATTLESNAKE,2009-06-16,2009-06-22,STOP,-0.06463289904100944,4
AXP,RATTLESNAKE,2009-06-16,2009-06-22,STOP,-0.059133293411107735,4
F,RATTLESNAKE,2009-06-22,2009-06-24,PROFIT,0.04646850023654703,2
CRM,RATTLESNAKE,2009-06-22,2009-06-24,PROFIT,0.05201067884756139,2
BA,RATTLESNAKE,2009-06-23,2009-06-24,STOP,-0.058126089437621986,1
AXP,RATTLESNAKE,2009-07-02,2009-07-06,PROFIT,0.05612964477260296,1
BA,RATTLESNAKE,2009-06-25,2009-07-07,STOP,-0.0820595647940231,7
DE,RATTLESNAKE,2009-07-06,2009-07-07,STOP,-0.0536562730743525,1
NKE,RATTLESNAKE,2009-06-25,2009-07-08,TIME,0.004485062166774245,8
F,RATTLESNAKE,2009-07-08,2009-07-09,PROFIT,0.05233670790711065,1
SBUX,RATTLESNAKE,2009-07-02,2009-07-13,PROFIT,0.04929034749931582,6
MS,RATTLESNAKE,2009-07-07,2009-07-13,PROFIT,0.067304498933624,4
AMZN,RATTLESNAKE,2009-07-07,2009-07-13,PROFIT,0.07721804773427965,4
NVDA,RATTLESNAKE,2009-07-06,2009-07-15,PROFIT,0.05687212290067989,7
BAC,RATTLESNAKE,2009-07-22,2009-07-27,PROFIT,0.07031891415454106,3
BK,RATTLESNAKE,2009-07-23,2009-08-04,PROFIT,0.050843812176803116,8
AMZN,RATTLESNAKE,2009-07-30,2009-08-11,TIME,-0.029387879352502866,8
SPG,RATTLESNAKE,2009-08-17,2009-08-20,PROFIT,0.05024090454914343,3
GE,RATTLESNAKE,2009-08-17,2009-08-21,PROFIT,0.06362296735477302,4
F,RATTLESNAKE,2009-08-12,2009-08-24,TIME,-0.037662639949541,8
SCHW,RATTLESNAKE,2009-08-17,2009-08-25,PROFIT,0.04082844408693265,6
LOW,RATTLESNAKE,2009-08-17,2009-08-26,PROFIT,0.0547143264142802,7
UNH,RATTLESNAKE,2009-09-01,2009-09-02,PROFIT,0.04866484557797057,1
MET,RATTLESNAKE,2009-09-01,2009-09-04,PROFIT,0.04689751747499704,3
CAT,RATTLESNAKE,2009-09-01,2009-09-04,PROFIT,0.05177933176915994,3
INTU,RATTLESNAKE,2009-08-26,2009-09-08,TIME,-0.001064060675104228,8
MS,RATTLESNAKE,2009-09-01,2009-09-09,PROFIT,0.04007268842800493,5
DE,RATTLESNAKE,2009-09-03,2009-09-09,PROFIT,0.043425386900864726,3
C,RATTLESNAKE,2009-09-15,2009-09-17,PROFIT,0.07281575901500359,2
UNH,RATTLESNAKE,2009-09-23,2009-09-25,STOP,-0.05022508264882375,2
SPG,RATTLESNAKE,2009-09-25,2009-09-28,PROFIT,0.05321225146085662,1
UNH,RATTLESNAKE,2009-09-28,2009-10-02,STOP,-0.058914837550863575,4
AIG,RATTLESNAKE,2009-10-01,2009-10-02,PROFIT,0.05330086780829224,1
MA,RATTLESNAKE,2009-09-25,2009-10-07,TIME,0.031059308134392172,8
CMCSA,RATTLESNAKE,2009-10-02,2009-10-14,TIME,0.01239130927977361,8
QCOM,RATTLESNAKE,2009-10-05,2009-10-15,TIME,0.012159830926197657,8
AIG,RATTLESNAKE,2009-10-20,2009-10-26,STOP,-0.10338858227280323,4
BAC,RATTLESNAKE,2009-10-21,2009-10-26,STOP,-0.06723221817813274,3
C,RATTLESNAKE,2009-10-20,2009-10-28,STOP,-0.07900687535511763,6
GE,RATTLESNAKE,2009-10-22,2009-10-28,STOP,-0.05997387866855086,4
F,RATTLESNAKE,2009-10-28,2009-10-29,PROFIT,0.04885067569650925,1
NVDA,RATTLESNAKE,2009-10-28,2009-10-29,PROFIT,0.044093157248153325,1
BAC,RATTLESNAKE,2009-10-26,2009-10-30,STOP,-0.0532465439660188,4
AIG,RATTLESNAKE,2009-10-29,2009-10-30,STOP,-0.07255186449667761,1
COF,RATTLESNAKE,2009-10-30,2009-11-02,PROFIT,0.04562819233353088,1
AIG,RATTLESNAKE,2009-10-30,2009-11-03,PROFIT,0.1665677713755087,2
BKNG,RATTLESNAKE,2009-10-30,2009-11-03,PROFIT,0.042524874821181946,2
UNP,RATTLESNAKE,2009-10-23,2009-11-04,TIME,0.02459744401369135,8
BA,RATTLESNAKE,2009-10-26,2009-11-05,TIME,0.03972765879113438,8
C,RATTLESNAKE,2009-12-14,2009-12-16,STOP,-0.06756749997116829,2
FDX,RATTLESNAKE,2009-12-22,2010-01-05,TIME,0.012454441230760782,8
NFLX,RATTLESNAKE,2010-01-05,2010-01-13,PROFIT,0.04756354312197231,6
CRM,RATTLESNAKE,2010-01-12,2010-01-22,STOP,-0.054913134658410745,7
F,RATTLESNAKE,2010-01-22,2010-01-25,PROFIT,0.0484793729852151,1
JPM,RATTLESNAKE,2010-01-21,2010-01-26,STOP,-0.05180099859876153,3
COF,RATTLESNAKE,2010-01-22,2010-01-26,STOP,-0.061817406701123456,2
COF,RATTLESNAKE,2010-01-26,2010-01-28,PROFIT,0.04345317460190912,2
BAC,RATTLESNAKE,2010-01-22,2010-02-02,PROFIT,0.04697952571053965,7
AXP,RATTLESNAKE,2010-01-22,2010-02-03,TIME,-0.006737394847541989,8
ADBE,RATTLESNAKE,2010-01-26,2010-02-04,STOP,-0.050088303389157485,7
MET,RATTLESNAKE,2010-01-26,2010-02-05,TIME,-0.02938691139651506,8
NVDA,RATTLESNAKE,2010-02-23,2010-03-05,PROFIT,0.0592224867861737,8
F,RATTLESNAKE,2010-03-31,2010-04-13,TIME,0.017501813126318932,8
C,RATTLESNAKE,2010-04-27,2010-04-29,PROFIT,0.05069119128830546,2
GOOG,RATTLESNAKE,2010-04-22,2010-05-04,STOP,-0.07437935871233337,8
F,RATTLESNAKE,2010-04-30,2010-05-05,STOP,-0.05222686812613775,3
C,RATTLESNAKE,2010-04-30,2010-05-06,STOP,-0.0755146140847297,4
BKNG,RATTLESNAKE,2010-05-06,2010-05-10,PROFIT,0.07142861419873969,2
C,RATTLESNAKE,2010-05-06,2010-05-10,PROFIT,0.04455433575074408,2
F,RATTLESNAKE,2010-05-06,2010-05-11,PROFIT,0.044992268676633085,3
AMZN,RATTLESNAKE,2010-05-04,2010-05-14,TIME,-0.01001310301372249,8
AXP,RATTLESNAKE,2010-05-06,2010-05-18,STOP,-0.06258806823945573,8
CMCSA,RATTLESNAKE,2010-05-11,2010-05-20,STOP,-0.07134971837968795,7
AIG,RATTLESNAKE,2010-05-18,2010-05-20,STOP,-0.07861301455686198,2
LOW,RATTLESNAKE,2010-05-18,2010-05-28,TIME,0.0020242144565794096,8
USB,RATTLESNAKE,2010-05-18,2010-05-28,TIME,-0.016420686453871958,8
AXP,RATTLESNAKE,2010-05-18,2010-05-28,TIME,0.0007526026311914791,8
NFLX,RATTLESNAKE,2010-06-24,2010-06-30,STOP,-0.057266950623647506,4
AVGO,RATTLESNAKE,2010-06-24,2010-07-07,TIME,0.020244936176559536,8
SBUX,RATTLESNAKE,2010-06-30,2010-07-09,PROFIT,0.04115220875195513,6
NFLX,RATTLESNAKE,2010-07-22,2010-07-29,STOP,-0.0534956709520682,5
AVGO,RATTLESNAKE,2010-08-11,2010-08-23,TIME,0.00840329596982925,8
AIG,RATTLESNAKE,2010-08-13,2010-08-24,STOP,-0.06544879035761719,7
NFLX,RATTLESNAKE,2010-08-24,2010-09-01,PROFIT,0.11238501763365116,6
CRM,RATTLESNAKE,2010-10-11,2010-10-12,PROFIT,0.0556500045369519,1
NFLX,RATTLESNAKE,2010-10-06,2010-10-18,TIME,0.018167317509130143,8
AIG,RATTLESNAKE,2010-11-12,2010-11-24,TIME,-0.0011961118236815116,8
TSLA,RATTLESNAKE,2010-12-02,2010-12-06,STOP,-0.06306023060416333,2
TSLA,RATTLESNAKE,2010-12-06,2010-12-07,PROFIT,0.04124034900508433,1
TSLA,RATTLESNAKE,2010-12-07,2010-12-14,STOP,-0.09600766746864753,5
TSLA,RATTLESNAKE,2010-12-14,2010-12-16,PROFIT,0.07991585403367396,2
CRM,RATTLESNAKE,2010-12-15,2010-12-28,TIME,-0.01768354735608213,8
TSLA,RATTLESNAKE,2010-12-27,2010-12-29,PROFIT,0.08532330650050701,2
AXP,RATTLESNAKE,2010-12-20,2010-12-31,TIME,0.009882355763474626,8
TSLA,RATTLESNAKE,2010-12-30,2011-01-06,PROFIT,0.052075465943475674,5
TGT,RATTLESNAKE,2011-01-06,2011-01-19,TIME,-0.007281911569081867,8
AIG,RATTLESNAKE,2011-01-14,2011-01-19,STOP,-0.05518492793497509,2
TSLA,RATTLESNAKE,2011-01-14,2011-01-19,STOP,-0.06679632930838886,2
TSLA,RATTLESNAKE,2011-01-19,2011-01-20,STOP,-0.058676642941388746,1
TMUS,RATTLESNAKE,2011-01-12,2011-01-25,PROFIT,0.04009250298474876,8
CRM,RATTLESNAKE,2011-01-21,2011-01-25,STOP,-0.0625376936771791,2
CRM,RATTLESNAKE,2011-01-25,2011-01-28,PROFIT,0.06162806045644764,3
AIG,RATTLESNAKE,2011-01-19,2011-01-31,TIME,-0.04655046546658892,8
NVDA,RATTLESNAKE,2011-02-09,2011-02-17,PROFIT,0.1026190112512908,6
NFLX,RATTLESNAKE,2011-02-22,2011-02-28,STOP,-0.06737341642737926,4
NVDA,RATTLESNAKE,2011-02-25,2011-03-01,STOP,-0.06358138313337847,2
F,RATTLESNAKE,2011-02-24,2011-03-08,TIME,-0.015646307552125593,8
NFLX,RATTLESNAKE,2011-02-28,2011-03-08,STOP,-0.054289517769172124,6
NVDA,RATTLESNAKE,2011-03-04,2011-03-08,STOP,-0.05828543391195107,2
AIG,RATTLESNAKE,2011-02-25,2011-03-09,TIME,-0.037104329446919104,8
NVDA,RATTLESNAKE,2011-03-08,2011-03-10,STOP,-0.08337577085031078,2
QCOM,RATTLESNAKE,2011-03-10,2011-03-16,STOP,-0.0655071761662368,4
BLK,RATTLESNAKE,2011-03-10,2011-03-16,STOP,-0.05573116318371052,4
MET,RATTLESNAKE,2011-03-16,2011-03-18,PROFIT,0.04115370205487623,2
NVDA,RATTLESNAKE,2011-03-10,2011-03-22,TIME,-0.026227657152443018,8
SCHW,RATTLESNAKE,2011-03-16,2011-03-23,PROFIT,0.04254061514664276,5
BLK,RATTLESNAKE,2011-03-16,2011-03-25,PROFIT,0.04711595517572986,7
ADBE,RATTLESNAKE,2011-03-16,2011-03-28,TIME,0.01059520570181327,8
NVDA,RATTLESNAKE,2011-04-04,2011-04-14,PROFIT,0.05470095778944506,8
COP,RATTLESNAKE,2011-05-03,2011-05-13,TIME,-0.041594059849241805,8
EMR,RATTLESNAKE,2011-05-06,2011-05-18,TIME,-0.022475779396872286,8
TSLA,RATTLESNAKE,2011-05-17,2011-05-19,PROFIT,0.08628638589072923,2
NVDA,RATTLESNAKE,2011-05-16,2011-05-26,PROFIT,0.06327697743217375,8
NVDA,RATTLESNAKE,2011-06-07,2011-06-10,STOP,-0.05204882604825767,3
TMUS,RATTLESNAKE,2011-06-09,2011-06-21,TIME,-0.009036310532578473,8
BKNG,RATTLESNAKE,2011-06-16,2011-06-21,PROFIT,0.056095751747443634,3
TSLA,RATTLESNAKE,2011-06-20,2011-06-21,PROFIT,0.058438883513547424,1
AVGO,RATTLESNAKE,2011-07-12,2011-07-22,PROFIT,0.04687942156704317,8
COF,RATTLESNAKE,2011-07-14,2011-07-26,TIME,0.0018460919662326436,8
CAT,RATTLESNAKE,2011-07-27,2011-08-04,STOP,-0.11634122561437987,6
AVGO,RATTLESNAKE,2011-07-29,2011-08-04,STOP,-0.08117701448751502,4
TMO,RATTLESNAKE,2011-08-01,2011-08-04,STOP,-0.05865013373213235,3
AVGO,RATTLESNAKE,2011-08-04,2011-08-05,STOP,-0.050485793300829696,1
UNH,RATTLESNAKE,2011-08-02,2011-08-08,STOP,-0.10749273586553398,4
SPG,RATTLESNAKE,2011-08-05,2011-08-08,STOP,-0.08360928914974097,1
TSLA,RATTLESNAKE,2011-11-23,2011-11-30,PROFIT,0.041017464176667406,4
TSLA,RATTLESNAKE,2011-12-12,2011-12-14,STOP,-0.061821649155129,2
TSLA,RATTLESNAKE,2011-12-14,2011-12-27,TIME,0.0014022447448256425,8
MA,RATTLESNAKE,2012-01-06,2012-01-19,TIME,0.02910305728782303,8
GOOG,RATTLESNAKE,2012-01-25,2012-02-03,PROFIT,0.04712996945138004,7
GILD,RATTLESNAKE,2012-02-17,2012-02-22,STOP,-0.05255301774442833,2
GILD,RATTLESNAKE,2012-02-22,2012-03-01,PROFIT,0.04671022511280176,6
CAT,RATTLESNAKE,2012-03-06,2012-03-08,PROFIT,0.04106518730705688,2
C,RATTLESNAKE,2012-04-10,2012-04-12,PROFIT,0.05386485848724898,2
GS,RATTLESNAKE,2012-04-10,2012-04-12,PROFIT,0.05089011373904051,2
MET,RATTLESNAKE,2012-04-10,2012-04-12,PROFIT,0.042455723654232225,2
TSLA,RATTLESNAKE,2012-04-09,2012-04-19,TIME,0.0003017451376634561,8
MS,RATTLESNAKE,2012-04-09,2012-04-19,TIME,0.005005422473564725,8
AVGO,RATTLESNAKE,2012-04-20,2012-05-02,TIME,0.014585600940927756,8
INTU,RATTLESNAKE,2012-04-24,2012-05-02,PROFIT,0.0417477607359904,6
TSLA,RATTLESNAKE,2012-05-08,2012-05-10,PROFIT,0.0917519700033298,2
AIG,RATTLESNAKE,2012-05-09,2012-05-17,STOP,-0.1055608002772207,6
BKNG,RATTLESNAKE,2012-05-10,2012-05-17,STOP,-0.05241433492090686,5
ACN,RATTLESNAKE,2012-05-08,2012-05-18,TIME,-0.02847983905542828,8
CRM,RATTLESNAKE,2012-05-10,2012-05-18,PROFIT,0.07486690165152665,6
LOW,RATTLESNAKE,2012-05-21,2012-05-24,PROFIT,0.05859368587424818,3
AIG,RATTLESNAKE,2012-05-17,2012-05-29,PROFIT,0.04601310605838904,7
COF,RATTLESNAKE,2012-05-17,2012-05-29,PROFIT,0.04176705550459103,7
QCOM,RATTLESNAKE,2012-05-17,2012-05-30,TIME,0.009395029253603138,8
CRM,RATTLESNAKE,2012-06-01,2012-06-06,PROFIT,0.045728778420063954,3
BKNG,RATTLESNAKE,2012-06-01,2012-06-06,PROFIT,0.05243247379107907,3
CVS,RATTLESNAKE,2012-07-25,2012-08-06,TIME,0.008082667554331291,8
GM,RATTLESNAKE,2012-09-28,2012-10-02,PROFIT,0.04087976846872721,2
TMUS,RATTLESNAKE,2012-10-11,2012-10-16,STOP,-0.053264570352212326,3
TMUS,RATTLESNAKE,2012-10-16,2012-10-26,TIME,-0.039020135030172654,8
AMZN,RATTLESNAKE,2012-10-25,2012-10-26,PROFIT,0.06872418807628167,1
ABT,RATTLESNAKE,2012-10-22,2012-11-05,TIME,-0.011700201384860165,8
TMUS,RATTLESNAKE,2012-10-31,2012-11-12,TIME,-0.015670910986533504,8
CHTR,RATTLESNAKE,2012-11-07,2012-11-19,TIME,-0.01194762942954053,8
AIG,RATTLESNAKE,2012-11-07,2012-11-19,TIME,0.012187470896061425,8
MS,RATTLESNAKE,2012-11-13,2012-11-26,TIME,0.005447789224304556,8
COF,RATTLESNAKE,2013-01-18,2013-01-31,TIME,-0.011756230152572877,8
LOW,RATTLESNAKE,2013-02-25,2013-02-27,PROFIT,0.05158908904375825,2
BAC,RATTLESNAKE,2013-02-25,2013-03-05,PROFIT,0.048085612251042464,6
TSLA,RATTLESNAKE,2013-02-26,2013-03-05,PROFIT,0.06447866509946065,5
TSLA,RATTLESNAKE,2013-03-15,2013-03-25,PROFIT,0.06347391885993647,6
FDX,RATTLESNAKE,2013-03-20,2013-04-02,TIME,-0.02027639456469077,8
ORCL,RATTLESNAKE,2013-03-21,2013-04-03,TIME,0.0030960861366287062,8
TSLA,RATTLESNAKE,2013-04-09,2013-04-11,PROFIT,0.07629623984767342,2
NFLX,RATTLESNAKE,2013-04-03,2013-04-15,TIME,0.03982592155202047,8
MS,RATTLESNAKE,2013-04-18,2013-04-23,PROFIT,0.06400789871477874,3
BKNG,RATTLESNAKE,2013-04-19,2013-04-25,PROFIT,0.040449647232742914,4
META,RATTLESNAKE,2013-04-18,2013-04-26,PROFIT,0.045153887779815216,6
AMZN,RATTLESNAKE,2013-05-02,2013-05-10,PROFIT,0.0438725696220037,6
NFLX,RATTLESNAKE,2013-05-28,2013-05-31,PROFIT,0.056305258622234566,3
CRM,RATTLESNAKE,2013-05-28,2013-06-04,STOP,-0.09569382454221653,5
TSLA,RATTLESNAKE,2013-06-04,2013-06-07,PROFIT,0.07591733200880801,3
GILD,RATTLESNAKE,2013-06-05,2013-06-07,PROFIT,0.055267361225227685,2
LOW,RATTLESNAKE,2013-06-05,2013-06-07,PROFIT,0.05050550271464993,2
ABBV,RATTLESNAKE,2013-05-31,2013-06-12,TIME,0.0018739769405826667,8
AMGN,RATTLESNAKE,2013-06-04,2013-06-14,TIME,0.0013364949630894074,8
BLK,RATTLESNAKE,2013-06-24,2013-06-26,PROFIT,0.05052329451915494,2
NFLX,RATTLESNAKE,2013-06-26,2013-07-01,PROFIT,0.05742575129983374,3
GS,RATTLESNAKE,2013-06-24,2013-07-05,TIME,0.01631492496212794,8
ACN,RATTLESNAKE,2013-07-05,2013-07-17,TIME,0.02064137991498516,8
MSFT,RATTLESNAKE,2013-07-19,2013-07-31,TIME,0.014012951412694541,8
NFLX,RATTLESNAKE,2013-07-24,2013-08-05,PROFIT,0.05196852811721597,8
TSLA,RATTLESNAKE,2013-08-15,2013-08-20,PROFIT,0.07095304619998277,3
TSLA,RATTLESNAKE,2013-10-03,2013-10-04,PROFIT,0.04425596935828047,1
NFLX,RATTLESNAKE,2013-10-09,2013-10-10,PROFIT,0.05394700205967573,1
TSLA,RATTLESNAKE,2013-10-23,2013-10-24,PROFIT,0.05258351229944136,1
UNH,RATTLESNAKE,2013-10-21,2013-10-31,TIME,0.000880015239255183,8
TSLA,RATTLESNAKE,2013-11-11,2013-11-15,STOP,-0.06392537692791578,4
AIG,RATTLESNAKE,2013-11-06,2013-11-18,TIME,0.028787112143467963,8
TSLA,RATTLESNAKE,2013-11-18,2013-11-27,PROFIT,0.04408629756380056,7
NFLX,RATTLESNAKE,2014-01-10,2014-01-23,PROFIT,0.17034996381154022,8
BA,RATTLESNAKE,2014-01-29,2014-02-03,STOP,-0.0516258726540072,3
GE,RATTLESNAKE,2014-01-24,2014-02-05,TIME,-0.017234362676303072,8
MS,RATTLESNAKE,2014-01-27,2014-02-06,TIME,-0.007696055796339474,8
AAPL,RATTLESNAKE,2014-01-29,2014-02-07,PROFIT,0.04401532935703889,7
BMY,RATTLESNAKE,2014-01-29,2014-02-10,TIME,0.0378336586307626,8
TSLA,RATTLESNAKE,2014-03-11,2014-03-21,TIME,-0.02354848635268436,8
TSLA,RATTLESNAKE,2014-03-25,2014-03-27,STOP,-0.059517362667427576,2
NFLX,RATTLESNAKE,2014-03-24,2014-03-28,STOP,-0.05286354750138833,4
TSLA,RATTLESNAKE,2014-03-27,2014-04-01,PROFIT,0.046546479411246455,3
BKNG,RATTLESNAKE,2014-03-27,2014-04-01,PROFIT,0.05846477584226206,3
NFLX,RATTLESNAKE,2014-03-28,2014-04-04,STOP,-0.06007748314909389,5
AMZN,RATTLESNAKE,2014-03-27,2014-04-07,STOP,-0.061187137571640404,7
ADBE,RATTLESNAKE,2014-04-07,2014-04-09,PROFIT,0.04944596995883388,2
TSLA,RATTLESNAKE,2014-04-10,2014-04-15,STOP,-0.05034532920048007,3
SCHW,RATTLESNAKE,2014-04-10,2014-04-16,PROFIT,0.067621645286984,4
AMGN,RATTLESNAKE,2014-04-10,2014-04-22,PROFIT,0.045482831110020605,7
META,RATTLESNAKE,2014-04-28,2014-04-30,PROFIT,0.06483797963348481,2
TSLA,RATTLESNAKE,2014-05-08,2014-05-13,PROFIT,0.06478521181646202,3
TSLA,RATTLESNAKE,2014-07-08,2014-07-18,TIME,0.004336525619554665,8
TSLA,RATTLESNAKE,2014-09-15,2014-09-25,TIME,-0.027219727151317707,8
AVGO,RATTLESNAKE,2014-10-10,2014-10-16,PROFIT,0.05941713162991569,4
UNP,RATTLESNAKE,2014-10-13,2014-10-16,PROFIT,0.06066462925015914,3
TSLA,RATTLESNAKE,2014-10-13,2014-10-21,PROFIT,0.04786496848180488,6
INTC,RATTLESNAKE,2014-10-16,2014-10-21,PROFIT,0.05705001804753995,3
CHTR,RATTLESNAKE,2014-11-10,2014-11-13,PROFIT,0.04167235584388118,3
CRM,RATTLESNAKE,2014-11-21,2014-12-04,TIME,0.013060742581700646,8
C,RATTLESNAKE,2014-12-16,2014-12-18,PROFIT,0.05725997775125968,2
INTC,RATTLESNAKE,2015-01-30,2015-02-11,TIME,0.022719105465695666,8
GILD,RATTLESNAKE,2015-02-09,2015-02-12,PROFIT,0.040247267862827396,3
ABBV,RATTLESNAKE,2015-02-05,2015-02-18,TIME,0.021555169878893166,8
NFLX,RATTLESNAKE,2015-03-10,2015-03-20,TIME,-0.015538241995995072,8
NVDA,RATTLESNAKE,2015-03-25,2015-04-07,TIME,0.038973576100290064,8
AVGO,RATTLESNAKE,2015-04-29,2015-05-01,PROFIT,0.04930350419644336,2
NVDA,RATTLESNAKE,2015-05-08,2015-05-20,TIME,0.014756820387406666,8
BMY,RATTLESNAKE,2015-07-27,2015-08-06,TIME,-0.011819810324255275,8
DIS,RATTLESNAKE,2015-08-06,2015-08-18,TIME,-0.014831612604430333,8
ADBE,RATTLESNAKE,2015-08-21,2015-08-24,STOP,-0.058323899370156584,1
SCHW,RATTLESNAKE,2015-08-21,2015-08-25,STOP,-0.06886518836885192,2
NVDA,RATTLESNAKE,2015-08-21,2015-08-25,STOP,-0.05542598290235046,2
META,RATTLESNAKE,2015-08-21,2015-08-27,PROFIT,0.042644905415706535,4
ADBE,RATTLESNAKE,2015-08-26,2015-09-08,TIME,0.03168235988917689,8
NFLX,RATTLESNAKE,2015-09-03,2015-09-08,STOP,-0.060459139547201945,2
NFLX,RATTLESNAKE,2015-09-08,2015-09-09,PROFIT,0.044549798924873985,1
LLY,RATTLESNAKE,2015-09-28,2015-09-30,PROFIT,0.04953605393648508,2
BKNG,RATTLESNAKE,2015-09-28,2015-10-02,PROFIT,0.05548986746893969,4
TSLA,RATTLESNAKE,2015-10-01,2015-10-08,STOP,-0.05486072460524516,5
LLY,RATTLESNAKE,2015-10-12,2015-10-22,TIME,-0.030966369951452632,8
NFLX,RATTLESNAKE,2015-10-15,2015-10-27,TIME,0.019586502145507723,8
TMUS,RATTLESNAKE,2015-10-30,2015-11-05,PROFIT,0.04090802808820926,4
NFLX,RATTLESNAKE,2015-11-13,2015-11-16,PROFIT,0.07428851662006397,1
NFLX,RATTLESNAKE,2015-12-11,2015-12-23,TIME,-0.006307275297653292,8
NFLX,RATTLESNAKE,2016-01-05,2016-01-06,PROFIT,0.0930707666926891,1
AVGO,RATTLESNAKE,2016-01-06,2016-01-13,STOP,-0.07487442636996156,5
NVDA,RATTLESNAKE,2016-01-07,2016-01-14,STOP,-0.05317044245165259,5
NFLX,RATTLESNAKE,2016-01-13,2016-01-22,STOP,-0.05480485922832923,6
NVDA,RATTLESNAKE,2016-01-15,2016-01-22,PROFIT,0.04942806723988835,4
NVDA,RATTLESNAKE,2016-02-05,2016-02-17,PROFIT,0.04653816003200384,7
MSFT,RATTLESNAKE,2016-02-05,2016-02-17,PROFIT,0.0525591282902611,7
TSLA,RATTLESNAKE,2016-05-03,2016-05-05,STOP,-0.08948861615932424,2
MSFT,RATTLESNAKE,2016-04-26,2016-05-06,TIME,-0.020412336048679536,8
CAT,RATTLESNAKE,2016-05-09,2016-05-19,TIME,-0.019073060686544907,8
AVGO,RATTLESNAKE,2016-06-27,2016-06-28,PROFIT,0.04274876630738289,1
ACN,RATTLESNAKE,2016-06-27,2016-07-08,PROFIT,0.053253233313575565,8
AVGO,RATTLESNAKE,2016-09-09,2016-09-14,PROFIT,0.05492005912392339,3
UNP,RATTLESNAKE,2016-10-26,2016-11-07,TIME,0.01909024111591573,8
META,RATTLESNAKE,2016-11-04,2016-11-16,TIME,-0.03652181326709569,8
AMZN,RATTLESNAKE,2016-11-14,2016-11-17,PROFIT,0.05191430360592264,3
NFLX,RATTLESNAKE,2016-11-14,2016-11-21,PROFIT,0.04039506239299229,5
AVGO,RATTLESNAKE,2016-12-01,2016-12-08,PROFIT,0.048651596900519456,5
NVDA,RATTLESNAKE,2017-01-04,2017-01-17,TIME,-0.03142060741944852,8
BK,RATTLESNAKE,2017-01-23,2017-02-02,TIME,0.025531680951305313,8
NVDA,RATTLESNAKE,2017-02-14,2017-02-23,STOP,-0.07504322836332422,6
TSLA,RATTLESNAKE,2017-02-23,2017-03-07,TIME,-0.02890740753365828,8
NVDA,RATTLESNAKE,2017-02-28,2017-03-10,TIME,-0.023255902585531674,8
COF,RATTLESNAKE,2017-03-21,2017-03-30,PROFIT,0.041721400617541926,7
AMGN,RATTLESNAKE,2017-03-22,2017-04-03,TIME,-0.021259936583473582,8
MS,RATTLESNAKE,2017-03-23,2017-04-04,TIME,-0.0018783876825825274,8
NVDA,RATTLESNAKE,2017-04-10,2017-04-21,TIME,0.0399917165624446,8
NFLX,RATTLESNAKE,2017-06-12,2017-06-22,TIME,0.022781317076872254,8
COST,RATTLESNAKE,2017-06-19,2017-06-29,TIME,-0.03444102196431453,8
TSLA,RATTLESNAKE,2017-07-05,2017-07-06,STOP,-0.05582559174516721,1
NVDA,RATTLESNAKE,2017-07-03,2017-07-07,PROFIT,0.053326141296760055,3
BKNG,RATTLESNAKE,2017-08-11,2017-08-23,TIME,-0.0221931686850243,8
DE,RATTLESNAKE,2017-08-21,2017-08-31,TIME,-0.0050635501702372965,8
ORCL,RATTLESNAKE,2017-09-19,2017-09-29,TIME,0.006453294850746083,8
TSLA,RATTLESNAKE,2017-09-25,2017-10-05,TIME,0.029971951209601055,8
TSLA,RATTLESNAKE,2017-10-25,2017-11-02,STOP,-0.08157383298559817,6
ADBE,RATTLESNAKE,2017-12-04,2017-12-13,PROFIT,0.04981001702708343,7
PYPL,RATTLESNAKE,2017-12-05,2017-12-13,PROFIT,0.04058981996288358,6
F,RATTLESNAKE,2018-01-19,2018-01-29,STOP,-0.05051265224055812,6
AVGO,RATTLESNAKE,2018-01-25,2018-02-05,STOP,-0.07760118404025085,7
UPS,RATTLESNAKE,2018-02-01,2018-02-05,STOP,-0.05196218302225619,2
CVX,RATTLESNAKE,2018-02-02,2018-02-05,STOP,-0.05026163568552189,1
PYPL,RATTLESNAKE,2018-02-02,2018-02-08,STOP,-0.05550480721311868,4
COF,RATTLESNAKE,2018-02-08,2018-02-12,PROFIT,0.04146620808142476,2
BRK-B,RATTLESNAKE,2018-02-08,2018-02-14,PROFIT,0.04764389930219459,4
WFC,RATTLESNAKE,2018-02-06,2018-02-15,PROFIT,0.04783525204070038,7
GOOG,RATTLESNAKE,2018-02-07,2018-02-16,PROFIT,0.044078590585262756,7
CVX,RATTLESNAKE,2018-02-07,2018-02-20,TIME,-0.027801630203444172,8
CAT,RATTLESNAKE,2018-03-02,2018-03-06,PROFIT,0.05034866995566922,2
LOW,RATTLESNAKE,2018-03-01,2018-03-13,TIME,-0.020691163358129927,8
MS,RATTLESNAKE,2018-03-23,2018-03-26,PROFIT,0.042827281781862236,1
BAC,RATTLESNAKE,2018-03-23,2018-03-26,PROFIT,0.04353767166093969,1
ABBV,RATTLESNAKE,2018-03-22,2018-03-27,STOP,-0.06207972293534325,3
DE,RATTLESNAKE,2018-03-23,2018-03-29,PROFIT,0.05361379523915888,4
GOOG,RATTLESNAKE,2018-03-22,2018-04-04,TIME,-0.02281981782568565,8
CRM,RATTLESNAKE,2018-03-27,2018-04-04,PROFIT,0.04982002587827705,5
ABBV,RATTLESNAKE,2018-03-27,2018-04-09,TIME,-0.016628464618843708,8
NVDA,RATTLESNAKE,2018-03-27,2018-04-09,TIME,-0.0448297830805644,8
NVDA,RATTLESNAKE,2018-04-25,2018-04-27,PROFIT,0.044632143192668616,2
LMT,RATTLESNAKE,2018-04-27,2018-05-02,STOP,-0.05070903601597998,3
FDX,RATTLESNAKE,2018-06-22,2018-06-28,STOP,-0.06245572238301633,4
TSLA,RATTLESNAKE,2018-06-25,2018-06-28,PROFIT,0.05080929723787264,3
INTC,RATTLESNAKE,2018-06-27,2018-07-05,PROFIT,0.04081226206675037,5
NVDA,RATTLESNAKE,2018-06-25,2018-07-06,TIME,0.034334268838775106,8
NFLX,RATTLESNAKE,2018-07-17,2018-07-24,STOP,-0.05839578658323952,5
PYPL,RATTLESNAKE,2018-07-31,2018-08-02,PROFIT,0.04127099087412378,2
TSLA,RATTLESNAKE,2018-08-14,2018-08-17,STOP,-0.12121736836097474,3
NFLX,RATTLESNAKE,2018-08-17,2018-08-21,PROFIT,0.06704964567617755,2
NFLX,RATTLESNAKE,2018-10-08,2018-10-10,STOP,-0.0664852235936022,2
NVDA,RATTLESNAKE,2018-10-08,2018-10-10,STOP,-0.07555408451175605,2
NFLX,RATTLESNAKE,2018-10-10,2018-10-12,PROFIT,0.041946686010353895,2
CRM,RATTLESNAKE,2018-10-10,2018-10-12,PROFIT,0.06479935556014293,2
ADBE,RATTLESNAKE,2018-10-10,2018-10-12,PROFIT,0.04606780415439782,2
MA,RATTLESNAKE,2018-10-10,2018-10-16,PROFIT,0.05638295052803666,4
INTU,RATTLESNAKE,2018-10-10,2018-10-16,PROFIT,0.05126189695026051,4
EMR,RATTLESNAKE,2018-10-15,2018-10-24,STOP,-0.0757491499328321,7
CVS,RATTLESNAKE,2018-10-15,2018-10-25,TIME,-0.02602698601218434,8
CRM,RATTLESNAKE,2018-10-24,2018-10-25,PROFIT,0.05658116965786242,1
TGT,RATTLESNAKE,2018-11-16,2018-11-20,STOP,-0.12647300948720674,2
WMT,RATTLESNAKE,2018-11-20,2018-12-03,PROFIT,0.04874675033422604,8
CVS,RATTLESNAKE,2018-12-10,2018-12-18,STOP,-0.05154080096001867,6
TSLA,RATTLESNAKE,2018-12-18,2018-12-20,STOP,-0.06423757721952328,2
DE,RATTLESNAKE,2018-12-11,2018-12-21,TIME,-0.027279001102278655,8
TSLA,RATTLESNAKE,2018-12-20,2018-12-24,STOP,-0.06338384136191155,2
BA,RATTLESNAKE,2019-03-12,2019-03-22,TIME,-0.03526803090836872,8
DOW,RATTLESNAKE,2019-04-11,2019-04-12,PROFIT,0.06212437165500395,1
MRK,RATTLESNAKE,2019-04-17,2019-04-30,PROFIT,0.06480003635356879,8
LLY,RATTLESNAKE,2019-04-17,2019-04-30,TIME,0.004634932131888814,8
INTC,RATTLESNAKE,2019-04-26,2019-05-08,STOP,-0.0550915244771365,8
NFLX,RATTLESNAKE,2019-05-13,2019-05-16,PROFIT,0.04069393325484283,3
QCOM,RATTLESNAKE,2019-05-20,2019-05-22,STOP,-0.09540590520768066,2
AVGO,RATTLESNAKE,2019-05-21,2019-05-23,STOP,-0.05535154188176361,2
QCOM,RATTLESNAKE,2019-05-22,2019-05-28,STOP,-0.056845910231680064,3
QCOM,RATTLESNAKE,2019-05-28,2019-06-04,PROFIT,0.047116141242042664,5
AVGO,RATTLESNAKE,2019-05-23,2019-06-05,TIME,0.021646243034207924,8
META,RATTLESNAKE,2019-06-03,2019-06-07,PROFIT,0.05604651230273894,4
AVGO,RATTLESNAKE,2019-07-09,2019-07-15,PROFIT,0.04649218923411813,4
PYPL,RATTLESNAKE,2019-07-31,2019-08-05,STOP,-0.0615942894922088,3
TXN,RATTLESNAKE,2019-08-05,2019-08-08,PROFIT,0.06311476362522161,3
CL,RATTLESNAKE,2019-08-05,2019-08-08,PROFIT,0.042296070358903926,3
AVGO,RATTLESNAKE,2019-08-05,2019-08-13,PROFIT,0.059926708105687565,6
COF,RATTLESNAKE,2019-08-05,2019-08-15,TIME,-0.03405700821995461,8
CSCO,RATTLESNAKE,2019-08-05,2019-08-15,STOP,-0.09966894902745604,8
AMT,RATTLESNAKE,2019-09-10,2019-09-19,PROFIT,0.05022882569467879,7
INTU,RATTLESNAKE,2019-09-12,2019-09-24,TIME,-0.012674720237446424,8
TXN,RATTLESNAKE,2019-10-23,2019-11-04,TIME,0.02464832985676768,8
AMT,RATTLESNAKE,2019-10-28,2019-11-07,TIME,-0.02400959662985147,8
TSLA,RATTLESNAKE,2019-11-26,2019-12-09,TIME,0.03225705159279002,8
WFC,RATTLESNAKE,2020-01-15,2020-01-28,TIME,-0.019660653285297425,8
BK,RATTLESNAKE,2020-01-16,2020-01-29,TIME,-0.04205775426144853,8
TGT,RATTLESNAKE,2020-01-22,2020-02-03,TIME,-0.012203663581573432,8
QCOM,RATTLESNAKE,2020-01-27,2020-02-05,PROFIT,0.04434224390146224,7
CAT,RATTLESNAKE,2020-01-27,2020-02-06,TIME,0.011198843182348872,8
TSLA,RATTLESNAKE,2020-02-11,2020-02-18,PROFIT,0.10849971156271088,4
MS,RATTLESNAKE,2020-02-24,2020-02-27,STOP,-0.08595009023723454,3
MA,RATTLESNAKE,2020-02-25,2020-02-27,STOP,-0.05635703667464431,2
GE,RATTLESNAKE,2020-02-25,2020-02-27,STOP,-0.08215547218037511,2
TSLA,RATTLESNAKE,2020-02-26,2020-02-27,STOP,-0.1281458395846271,1
UNH,RATTLESNAKE,2020-02-25,2020-03-04,PROFIT,0.09882712504128599,6
LMT,RATTLESNAKE,2020-03-02,2020-03-04,PROFIT,0.05422829403979268,2
LOW,RATTLESNAKE,2020-03-02,2020-03-06,STOP,-0.051603254961451905,4
NFLX,RATTLESNAKE,2020-05-26,2020-06-05,TIME,0.011644956974406373,8
META,RATTLESNAKE,2020-06-26,2020-06-30,PROFIT,0.0508607575440061,2
NFLX,RATTLESNAKE,2020-07-17,2020-07-29,TIME,-0.01726197140899899,8
NFLX,RATTLESNAKE,2020-08-11,2020-08-18,PROFIT,0.05341270509113749,5
TSLA,RATTLESNAKE,2020-09-08,2020-09-09,PROFIT,0.10923349433825735,1
MSFT,RATTLESNAKE,2020-09-08,2020-09-09,PROFIT,0.04258349931094885,1
ADBE,RATTLESNAKE,2020-09-08,2020-09-14,PROFIT,0.05145737893674962,4
CRM,RATTLESNAKE,2020-09-08,2020-09-15,PROFIT,0.043146681240929796,5
MA,RATTLESNAKE,2020-09-04,2020-09-17,TIME,0.013193410679978257,8
META,RATTLESNAKE,2020-09-10,2020-09-18,STOP,-0.058040299936896966,6
NFLX,RATTLESNAKE,2020-09-10,2020-09-22,TIME,0.021844492223944467,8
TSLA,RATTLESNAKE,2020-09-23,2020-09-25,PROFIT,0.07093278915828449,2
MS,RATTLESNAKE,2020-09-23,2020-09-28,PROFIT,0.04222304527596177,3
ACN,RATTLESNAKE,2020-09-24,2020-09-29,PROFIT,0.04505176550430323,3
AMT,RATTLESNAKE,2020-09-22,2020-10-02,TIME,0.010498855806866825,8
DOW,RATTLESNAKE,2020-09-24,2020-10-05,PROFIT,0.04675702451419439,7
UNP,RATTLESNAKE,2020-10-22,2020-10-28,STOP,-0.07358181110855688,4
TSLA,RATTLESNAKE,2020-10-21,2020-10-30,STOP,-0.081866411515923,7
NFLX,RATTLESNAKE,2020-10-21,2020-11-02,TIME,-0.010080769713182836,8
TMO,RATTLESNAKE,2020-11-24,2020-11-30,PROFIT,0.057830593877795655,3
CVS,RATTLESNAKE,2020-11-23,2020-12-02,PROFIT,0.04267759254210257,6
COP,RATTLESNAKE,2020-12-01,2020-12-03,PROFIT,0.04914684112448353,2
PFE,RATTLESNAKE,2020-12-15,2020-12-22,STOP,-0.050891154323979615,5
FDX,RATTLESNAKE,2020-12-24,2021-01-04,STOP,-0.058142944126504226,5
COP,RATTLESNAKE,2020-12-22,2021-01-05,PROFIT,0.0719963281884417,8
KO,RATTLESNAKE,2021-01-07,2021-01-20,TIME,-0.02562050641602054,8
BK,RATTLESNAKE,2021-01-20,2021-01-27,STOP,-0.06283854064935845,5
USB,RATTLESNAKE,2021-01-20,2021-01-27,STOP,-0.0607722082988128,5
COP,RATTLESNAKE,2021-01-21,2021-01-27,STOP,-0.0588097317976386,4
MA,RATTLESNAKE,2021-01-15,2021-01-28,TIME,0.0031555835274752475,8
DOW,RATTLESNAKE,2021-01-29,2021-02-02,PROFIT,0.05221596315081545,2
MS,RATTLESNAKE,2021-01-29,2021-02-02,PROFIT,0.058165552257372743,2
C,RATTLESNAKE,2021-01-22,2021-02-03,TIME,0.004741832294444137,8
INTC,RATTLESNAKE,2021-01-28,2021-02-04,PROFIT,0.05487525829266482,5
SCHW,RATTLESNAKE,2021-01-28,2021-02-09,PROFIT,0.0470785438646828,8
QCOM,RATTLESNAKE,2021-02-08,2021-02-19,TIME,-0.01655587979855422,8
NVDA,RATTLESNAKE,2021-02-25,2021-03-01,PROFIT,0.04014655482118923,2
NEE,RATTLESNAKE,2021-02-22,2021-03-04,TIME,-0.0457513578377996,8
PYPL,RATTLESNAKE,2021-02-23,2021-03-04,STOP,-0.09784903710528503,7
LOW,RATTLESNAKE,2021-02-24,2021-03-04,STOP,-0.052615527564088604,6
TMO,RATTLESNAKE,2021-02-23,2021-03-05,TIME,-0.026023851884031113,8
TSLA,RATTLESNAKE,2021-03-03,2021-03-05,STOP,-0.08458361026680083,2
TGT,RATTLESNAKE,2021-03-04,2021-03-08,PROFIT,0.04151458962787835,2
NVDA,RATTLESNAKE,2021-03-05,2021-03-08,STOP,-0.06967466624426288,1
TSLA,RATTLESNAKE,2021-03-08,2021-03-09,PROFIT,0.1964120760817838,1
PYPL,RATTLESNAKE,2021-03-08,2021-03-09,PROFIT,0.06930862897645085,1
AVGO,RATTLESNAKE,2021-03-08,2021-03-09,PROFIT,0.05305641118560134,1
QCOM,RATTLESNAKE,2021-03-08,2021-03-09,PROFIT,0.04797111445106639,1
AAPL,RATTLESNAKE,2021-03-08,2021-03-09,PROFIT,0.04064973989441478,1
GE,RATTLESNAKE,2021-03-11,2021-03-15,PROFIT,0.08801954836552417,2
LLY,RATTLESNAKE,2021-03-15,2021-03-25,TIME,-0.032089153089402744,8
ORCL,RATTLESNAKE,2021-03-17,2021-03-26,PROFIT,0.06085738010634012,7
BA,RATTLESNAKE,2021-03-24,2021-03-29,PROFIT,0.047149299951086965,3
COP,RATTLESNAKE,2021-03-18,2021-03-30,TIME,0.0009366059117417169,8
TSLA,RATTLESNAKE,2021-03-24,2021-03-31,PROFIT,0.059752152347053,5
MO,RATTLESNAKE,2021-04-22,2021-05-03,PROFIT,0.04021541942284501,7
INTC,RATTLESNAKE,2021-04-23,2021-05-05,TIME,-0.04034445856914326,8
TSLA,RATTLESNAKE,2021-05-10,2021-05-12,STOP,-0.06223763949261174,2
F,RATTLESNAKE,2021-05-04,2021-05-14,TIME,0.03768656267690851,8
PYPL,RATTLESNAKE,2021-05-05,2021-05-17,TIME,-0.012287797238262232,8
TSLA,RATTLESNAKE,2021-05-12,2021-05-24,TIME,0.028056056861434087,8
LOW,RATTLESNAKE,2021-05-17,2021-05-27,TIME,-0.0018547469523966242,8
T,RATTLESNAKE,2021-05-18,2021-05-28,TIME,-0.004060933656389265,8
CAT,RATTLESNAKE,2021-06-11,2021-06-17,STOP,-0.050974111193437754,4
C,RATTLESNAKE,2021-06-16,2021-06-18,STOP,-0.05387648624551278,2
C,RATTLESNAKE,2021-06-18,2021-06-24,PROFIT,0.05487372658543177,4
AIG,RATTLESNAKE,2021-06-18,2021-06-25,PROFIT,0.046317990497104056,5
MET,RATTLESNAKE,2021-06-18,2021-06-25,PROFIT,0.046655466475268303,5
ORCL,RATTLESNAKE,2021-06-16,2021-06-28,TIME,0.018422463750450202,8
DOW,RATTLESNAKE,2021-06-18,2021-06-30,TIME,0.020974413587692142,8
SPG,RATTLESNAKE,2021-07-19,2021-07-20,PROFIT,0.0720197358412844,1
NVDA,RATTLESNAKE,2021-07-16,2021-07-21,PROFIT,0.06877337545950946,3
COP,RATTLESNAKE,2021-07-19,2021-07-21,PROFIT,0.06182502657860933,2
XOM,RATTLESNAKE,2021-07-19,2021-07-21,PROFIT,0.04354087616348501,2
BAC,RATTLESNAKE,2021-07-19,2021-07-21,PROFIT,0.04142998308259038,2
UPS,RATTLESNAKE,2021-07-27,2021-08-06,TIME,-0.01326925335889384,8
PYPL,RATTLESNAKE,2021-07-30,2021-08-11,TIME,0.0031939013109771874,8
AMZN,RATTLESNAKE,2021-08-02,2021-08-12,TIME,-0.008398681859928092,8
COP,RATTLESNAKE,2021-08-19,2021-08-23,PROFIT,0.044813159524947244,2
XOM,RATTLESNAKE,2021-08-19,2021-08-23,PROFIT,0.041343105846987305,2
DE,RATTLESNAKE,2021-08-20,2021-08-24,PROFIT,0.04709358177503886,2
F,RATTLESNAKE,2021-08-19,2021-08-27,PROFIT,0.05051314358544201,6
WFC,RATTLESNAKE,2021-09-01,2021-09-13,PROFIT,0.05316440009815748,7
COF,RATTLESNAKE,2021-09-03,2021-09-16,TIME,0.018504307754062532,8
ABBV,RATTLESNAKE,2021-09-07,2021-09-17,TIME,-0.011923329398905058,8
LLY,RATTLESNAKE,2021-09-13,2021-09-23,TIME,-0.0242897119944947,8
META,RATTLESNAKE,2021-09-22,2021-10-04,TIME,-0.049473997409272386,8
NKE,RATTLESNAKE,2021-09-30,2021-10-07,PROFIT,0.045582858701280315,5
COF,RATTLESNAKE,2021-10-27,2021-11-08,TIME,0.019803182442908573,8
TSLA,RATTLESNAKE,2021-11-09,2021-11-10,PROFIT,0.043429451929624774,1
TSLA,RATTLESNAKE,2021-11-10,2021-11-15,STOP,-0.05108855981322369,3
GM,RATTLESNAKE,2021-11-30,2021-12-02,PROFIT,0.05443224275089187,2
AIG,RATTLESNAKE,2021-12-01,2021-12-02,PROFIT,0.04330976753680571,1
UPS,RATTLESNAKE,2021-12-01,2021-12-06,PROFIT,0.04074150613278804,3
CRM,RATTLESNAKE,2021-12-01,2021-12-07,PROFIT,0.0615901899997322,4
ADBE,RATTLESNAKE,2021-12-06,2021-12-07,PROFIT,0.0448846455719043,1
NFLX,RATTLESNAKE,2021-12-03,2021-12-08,PROFIT,0.04309696165416188,3
SPG,RATTLESNAKE,2021-11-30,2021-12-10,TIME,0.007813555637433467,8
INTU,RATTLESNAKE,2021-12-17,2021-12-27,PROFIT,0.05239666667374854,5
ORCL,RATTLESNAKE,2021-12-20,2021-12-31,TIME,-0.04834148844491282,8
INTU,RATTLESNAKE,2022-01-05,2022-01-13,STOP,-0.06760686493413837,6
ACN,RATTLESNAKE,2022-01-06,2022-01-14,STOP,-0.06276183321635376,6
DHR,RATTLESNAKE,2022-01-07,2022-01-20,TIME,-0.04298700594539007,8
TMO,RATTLESNAKE,2022-01-07,2022-01-20,TIME,-0.03114991029034042,8
UNH,RATTLESNAKE,2022-01-07,2022-01-20,TIME,0.009594206383972903,8
MS,RATTLESNAKE,2022-01-19,2022-01-20,PROFIT,0.04282869180682791,1
NVDA,RATTLESNAKE,2022-01-19,2022-01-21,STOP,-0.06753903622786994,2
AVGO,RATTLESNAKE,2022-01-21,2022-01-26,PROFIT,0.044802541164368215,3
F,RATTLESNAKE,2022-01-21,2022-01-27,STOP,-0.05326906855392066,4
NVDA,RATTLESNAKE,2022-01-21,2022-01-27,STOP,-0.06117881967921879,4
QCOM,RATTLESNAKE,2022-01-21,2022-01-31,PROFIT,0.06566436462229852,6
BK,RATTLESNAKE,2022-01-21,2022-01-31,PROFIT,0.0424486665981787,6
F,RATTLESNAKE,2022-02-07,2022-02-17,TIME,-0.019564004397173207,8
BK,RATTLESNAKE,2022-02-17,2022-02-23,STOP,-0.06974717785499718,3
WFC,RATTLESNAKE,2022-02-24,2022-03-04,STOP,-0.07436910252367002,6
NVDA,RATTLESNAKE,2022-02-24,2022-03-07,STOP,-0.10073953545263759,7
AXP,RATTLESNAKE,2022-03-04,2022-03-07,STOP,-0.0799073706546376,1
NVDA,RATTLESNAKE,2022-04-05,2022-04-06,STOP,-0.058771351981455,1
NVDA,RATTLESNAKE,2022-04-06,2022-04-08,STOP,-0.05277180501801593,2
SCHW,RATTLESNAKE,2022-04-01,2022-04-13,TIME,0.003471477017317204,8
TSLA,RATTLESNAKE,2022-04-11,2022-04-13,PROFIT,0.047585414227977685,2
UNP,RATTLESNAKE,2022-04-06,2022-04-19,TIME,0.011073171962710404,8
AVGO,RATTLESNAKE,2022-04-11,2022-04-22,TIME,0.010919482047077711,8
COP,RATTLESNAKE,2022-04-25,2022-04-28,PROFIT,0.06425924694531093,3
CAT,RATTLESNAKE,2022-04-28,2022-05-04,PROFIT,0.047778078027931103,4
DE,RATTLESNAKE,2022-04-25,2022-05-05,TIME,-0.006407126713513733,8
MO,RATTLESNAKE,2022-05-11,2022-05-17,PROFIT,0.04933265328218073,4
AIG,RATTLESNAKE,2022-05-11,2022-05-20,STOP,-0.05101538512941184,7
KHC,RATTLESNAKE,2022-05-18,2022-05-31,TIME,-0.021176157011265184,8
MO,RATTLESNAKE,2022-06-08,2022-06-15,STOP,-0.05923373283213762,5
EXC,RATTLESNAKE,2022-06-13,2022-06-16,STOP,-0.05631877538124175,3
COP,RATTLESNAKE,2022-06-15,2022-06-16,STOP,-0.06320318471557873,1
COP,RATTLESNAKE,2022-06-16,2022-06-17,STOP,-0.08474900211224479,1
COP,RATTLESNAKE,2022-06-17,2022-06-21,PROFIT,0.059099652225859556,1
COP,RATTLESNAKE,2022-06-21,2022-06-22,STOP,-0.06265143117909633,1
CVX,RATTLESNAKE,2022-06-16,2022-06-23,STOP,-0.08393342142804883,4
COP,RATTLESNAKE,2022-06-22,2022-06-23,STOP,-0.055555319315610974,1
COP,RATTLESNAKE,2022-06-23,2022-06-27,PROFIT,0.05752285570864668,2
CVX,RATTLESNAKE,2022-06-23,2022-06-28,PROFIT,0.052727655471489054,3
LLY,RATTLESNAKE,2022-08-05,2022-08-15,PROFIT,0.045283660168427,6
COP,RATTLESNAKE,2022-09-23,2022-09-29,PROFIT,0.045338468912331065,4
XOM,RATTLESNAKE,2022-09-23,2022-10-03,PROFIT,0.07195329117014415,6
COP,RATTLESNAKE,2022-12-08,2022-12-20,TIME,0.00044398954457669504,8
NFLX,RATTLESNAKE,2022-12-16,2022-12-29,TIME,0.0014103528401525622,8
MS,RATTLESNAKE,2022-12-20,2023-01-03,TIME,0.006575740642104755,8
EMR,RATTLESNAKE,2023-01-18,2023-01-30,TIME,0.0053805687009513825,8
SCHW,RATTLESNAKE,2023-01-19,2023-01-31,TIME,0.014412990929275171,8
COP,RATTLESNAKE,2023-02-02,2023-02-14,TIME,0.024757757023755156,8
CVX,RATTLESNAKE,2023-02-02,2023-02-14,TIME,0.019584974911236452,8
GM,RATTLESNAKE,2023-02-23,2023-03-03,PROFIT,0.04727511648503979,6
NFLX,RATTLESNAKE,2023-02-23,2023-03-07,TIME,-0.04690256380880853,8
MS,RATTLESNAKE,2023-03-10,2023-03-15,STOP,-0.0517489667340163,3
CAT,RATTLESNAKE,2023-03-10,2023-03-17,STOP,-0.052860944272342,5
SPG,RATTLESNAKE,2023-03-10,2023-03-17,STOP,-0.06448428111673032,5
BK,RATTLESNAKE,2023-03-13,2023-03-23,TIME,-0.019945567973130518,8
AXP,RATTLESNAKE,2023-03-15,2023-03-27,TIME,0.020712229552831474,8
T,RATTLESNAKE,2023-04-21,2023-04-26,STOP,-0.055982449994600336,3
CSCO,RATTLESNAKE,2023-04-20,2023-05-02,TIME,-0.0047230009420159424,8
ABBV,RATTLESNAKE,2023-05-02,2023-05-12,TIME,-0.02948169223844266,8
XOM,RATTLESNAKE,2023-05-04,2023-05-16,TIME,-0.024805603973167778,8
SBUX,RATTLESNAKE,2023-05-25,2023-06-07,TIME,-0.005282586045298632,8
INTC,RATTLESNAKE,2023-06-22,2023-06-27,PROFIT,0.04249460102310443,3
NFLX,RATTLESNAKE,2023-07-25,2023-08-04,TIME,0.009118526665286675,8
TSLA,RATTLESNAKE,2023-07-25,2023-08-04,TIME,-0.04304884733675807,8
NVDA,RATTLESNAKE,2023-08-11,2023-08-14,PROFIT,0.07093370220777118,1
QCOM,RATTLESNAKE,2023-08-07,2023-08-15,STOP,-0.06418641284560456,6
TSLA,RATTLESNAKE,2023-08-17,2023-08-21,PROFIT,0.05501321727688602,2
ORCL,RATTLESNAKE,2023-09-12,2023-09-22,TIME,-0.005291758101614974,8
INTC,RATTLESNAKE,2023-09-20,2023-10-02,TIME,0.02219654942212168,8
AMZN,RATTLESNAKE,2023-09-21,2023-10-03,TIME,-0.03564525280355024,8
LOW,RATTLESNAKE,2023-09-21,2023-10-03,TIME,-0.0496178187599422,8
TSLA,RATTLESNAKE,2023-10-19,2023-10-26,STOP,-0.06519470293818519,5
INTC,RATTLESNAKE,2023-10-26,2023-10-27,PROFIT,0.09286576358799725,1
CAT,RATTLESNAKE,2023-10-23,2023-10-31,STOP,-0.08600200809949621,6
GOOG,RATTLESNAKE,2023-10-26,2023-11-02,PROFIT,0.041639742647789024,5
INTU,RATTLESNAKE,2023-10-25,2023-11-06,TIME,0.036167555962572706,8
INTC,RATTLESNAKE,2023-12-06,2023-12-11,PROFIT,0.07923420514148716,3
FDX,RATTLESNAKE,2023-12-20,2024-01-03,TIME,0.005644767829542374,8
TSLA,RATTLESNAKE,2024-01-04,2024-01-12,STOP,-0.08002351057976087,6
BA,RATTLESNAKE,2024-01-08,2024-01-16,STOP,-0.12436679357003955,5
MS,RATTLESNAKE,2024-01-16,2024-01-26,TIME,0.020472293234017558,8
GILD,RATTLESNAKE,2024-01-22,2024-02-01,TIME,-0.0034422118084351805,8
INTC,RATTLESNAKE,2024-01-26,2024-02-07,TIME,-0.01705852668615182,8
AMGN,RATTLESNAKE,2024-02-08,2024-02-21,TIME,-0.03111452175462237,8
ADBE,RATTLESNAKE,2024-02-16,2024-02-29,TIME,0.024915041929991055,8
AVGO,RATTLESNAKE,2024-03-14,2024-03-21,PROFIT,0.07246527125129565,5
ACN,RATTLESNAKE,2024-03-21,2024-04-03,TIME,-0.036953170985921324,8
INTC,RATTLESNAKE,2024-04-04,2024-04-10,STOP,-0.06367987932627073,4
F,RATTLESNAKE,2024-04-15,2024-04-22,PROFIT,0.05314826510666215,5
JPM,RATTLESNAKE,2024-04-16,2024-04-22,PROFIT,0.047621670981367714,4
NFLX,RATTLESNAKE,2024-04-19,2024-04-23,PROFIT,0.04091596717837431,2
CRM,RATTLESNAKE,2024-04-15,2024-04-25,TIME,0.0008794358950012793,8
AVGO,RATTLESNAKE,2024-04-18,2024-04-26,PROFIT,0.06757785941572902,6
META,RATTLESNAKE,2024-04-25,2024-05-06,PROFIT,0.055054614499184584,7
CAT,RATTLESNAKE,2024-05-01,2024-05-07,PROFIT,0.04207579199739597,4
IBM,RATTLESNAKE,2024-04-30,2024-05-10,TIME,0.01569960320389585,8
TGT,RATTLESNAKE,2024-05-22,2024-05-30,PROFIT,0.046066744359479106,5
INTU,RATTLESNAKE,2024-05-24,2024-05-30,STOP,-0.07252172080398256,3
SCHW,RATTLESNAKE,2024-05-24,2024-06-06,TIME,0.027397195166344535,8
PYPL,RATTLESNAKE,2024-06-13,2024-06-26,STOP,-0.053298746459519375,8
AVGO,RATTLESNAKE,2024-06-25,2024-07-02,PROFIT,0.048514008753407056,5
QCOM,RATTLESNAKE,2024-06-26,2024-07-05,PROFIT,0.04266962462278001,6
SCHW,RATTLESNAKE,2024-07-16,2024-07-17,STOP,-0.05383354261219375,1
META,RATTLESNAKE,2024-07-17,2024-07-22,PROFIT,0.0550011825920067,3
NVDA,RATTLESNAKE,2024-07-17,2024-07-22,PROFIT,0.04703792440296373,3
QCOM,RATTLESNAKE,2024-07-19,2024-07-22,PROFIT,0.04704359717080342,1
AVGO,RATTLESNAKE,2024-07-17,2024-07-23,PROFIT,0.049942376625107254,4
TSLA,RATTLESNAKE,2024-07-24,2024-07-29,PROFIT,0.0745867873542021,3
NVDA,RATTLESNAKE,2024-07-29,2024-07-30,STOP,-0.07043640771276904,1
NVDA,RATTLESNAKE,2024-07-30,2024-07-31,PROFIT,0.12812088814639755,1
GM,RATTLESNAKE,2024-07-25,2024-08-02,STOP,-0.06707469410008515,6
CAT,RATTLESNAKE,2024-08-02,2024-08-08,PROFIT,0.047651660991375744,4
BAC,RATTLESNAKE,2024-08-06,2024-08-13,PROFIT,0.04171180178240741,5
WFC,RATTLESNAKE,2024-08-02,2024-08-14,TIME,0.01520702676400032,8
C,RATTLESNAKE,2024-08-02,2024-08-14,TIME,0.01855672989659274,8
COF,RATTLESNAKE,2024-08-02,2024-08-14,TIME,0.0032160633198354827,8
AVGO,RATTLESNAKE,2024-09-06,2024-09-10,PROFIT,0.08182477710683944,2
NVDA,RATTLESNAKE,2024-09-03,2024-09-11,PROFIT,0.08250000706727767,6
CHTR,RATTLESNAKE,2024-09-04,2024-09-16,TIME,0.03536961750886625,8
FDX,RATTLESNAKE,2024-09-26,2024-10-08,TIME,-0.018510889299255706,8
TSLA,RATTLESNAKE,2024-10-11,2024-10-23,TIME,-0.019054219913336,8
LMT,RATTLESNAKE,2024-10-25,2024-11-06,TIME,-0.018619960035571648,8
GE,RATTLESNAKE,2024-10-28,2024-11-07,TIME,0.019902023799579505,8
IBM,RATTLESNAKE,2024-10-28,2024-11-07,TIME,0.0036633972888371336,8
AVGO,RATTLESNAKE,2024-11-15,2024-11-27,TIME,-0.03136369889897528,8
TXN,RATTLESNAKE,2024-11-15,2024-11-27,TIME,-0.009596178886886797,8
GILD,RATTLESNAKE,2024-11-15,2024-11-27,PROFIT,0.045362113021840456,8
UNH,RATTLESNAKE,2024-12-06,2024-12-12,STOP,-0.05800688318314606,4
GM,RATTLESNAKE,2024-12-03,2024-12-13,TIME,-0.018853260680987582,8
ORCL,RATTLESNAKE,2024-12-13,2024-12-26,TIME,-0.009862308021751365,8
SCHW,RATTLESNAKE,2024-12-18,2024-12-31,TIME,0.0005408631371131012,8
SBUX,RATTLESNAKE,2024-12-18,2024-12-31,TIME,0.015016649607008326,8
CHTR,RATTLESNAKE,2024-12-19,2025-01-02,TIME,-0.009694653787637564,8
TSLA,RATTLESNAKE,2025-01-02,2025-01-03,PROFIT,0.08215567328200035,1
AVGO,RATTLESNAKE,2025-01-27,2025-01-30,PROFIT,0.06693717421655632,3
ORCL,RATTLESNAKE,2025-01-29,2025-01-30,PROFIT,0.051598477419482425,1
NVDA,RATTLESNAKE,2025-01-29,2025-02-03,STOP,-0.056911790435686616,3
GM,RATTLESNAKE,2025-01-30,2025-02-10,STOP,-0.05919203496343961,7
TSLA,RATTLESNAKE,2025-02-07,2025-02-11,STOP,-0.09158784238812501,2
CAT,RATTLESNAKE,2025-01-31,2025-02-12,STOP,-0.05222908768801304,8
TSLA,RATTLESNAKE,2025-02-11,2025-02-13,PROFIT,0.08353120986729445,2
PYPL,RATTLESNAKE,2025-02-04,2025-02-14,TIME,0.003152152492259974,8
GOOG,RATTLESNAKE,2025-02-07,2025-02-20,TIME,-0.0026718025257910227,8
TSLA,RATTLESNAKE,2025-02-25,2025-02-27,STOP,-0.0688572537202119,2
NVDA,RATTLESNAKE,2025-02-25,2025-02-27,STOP,-0.051172688614291584,2
AVGO,RATTLESNAKE,2025-02-24,2025-03-03,STOP,-0.09887947787704654,5
GS,RATTLESNAKE,2025-02-25,2025-03-04,STOP,-0.050232230240117026,5
META,RATTLESNAKE,2025-02-24,2025-03-06,STOP,-0.060167892324869965,8
TSLA,RATTLESNAKE,2025-02-27,2025-03-06,STOP,-0.06561446781004487,5
AVGO,RATTLESNAKE,2025-03-05,2025-03-06,STOP,-0.0633156979105195,1
AVGO,RATTLESNAKE,2025-03-06,2025-03-07,PROFIT,0.08643080741803066,1
COF,RATTLESNAKE,2025-03-06,2025-03-10,STOP,-0.06960768980907817,2
MS,RATTLESNAKE,2025-03-07,2025-03-10,STOP,-0.0637102533849262,1
GS,RATTLESNAKE,2025-03-07,2025-03-10,STOP,-0.05004740345185288,1
WFC,RATTLESNAKE,2025-03-07,2025-03-10,STOP,-0.060098488119054605,1
COF,RATTLESNAKE,2025-03-10,2025-03-12,PROFIT,0.04015367758645483,2
SBUX,RATTLESNAKE,2025-03-10,2025-03-13,STOP,-0.05033129083380761,3
WFC,RATTLESNAKE,2025-03-10,2025-03-14,PROFIT,0.060946287150758005,4
C,RATTLESNAKE,2025-03-06,2025-03-18,TIME,-0.005100585690225756,8
GS,RATTLESNAKE,2025-03-10,2025-03-19,PROFIT,0.048301595479967485,7
WFC,RATTLESNAKE,2025-04-03,2025-04-04,STOP,-0.07141770192602159,1
GE,RATTLESNAKE,2025-04-03,2025-04-04,STOP,-0.11096309714729347,1
BMY,RATTLESNAKE,2025-04-09,2025-04-10,STOP,-0.0610345605739,1
TMUS,RATTLESNAKE,2025-04-25,2025-04-30,PROFIT,0.06091847660237626,3
EXC,RATTLESNAKE,2025-05-14,2025-05-16,PROFIT,0.043550341789639235,2
CVS,RATTLESNAKE,2025-05-13,2025-05-20,PROFIT,0.05355372924620494,5
CHTR,RATTLESNAKE,2025-06-17,2025-06-23,PROFIT,0.050746725825343564,3
V,RATTLESNAKE,2025-06-18,2025-06-30,PROFIT,0.043098793193751206,7
MA,RATTLESNAKE,2025-06-18,2025-06-30,PROFIT,0.0430826590954676,7
TSLA,RATTLESNAKE,2025-06-30,2025-07-01,STOP,-0.05335897504131726,1
PM,RATTLESNAKE,2025-07-22,2025-08-01,TIME,-0.01397709953672055,8
IBM,RATTLESNAKE,2025-07-25,2025-08-06,TIME,-0.028646173054524104,8
AMZN,RATTLESNAKE,2025-08-04,2025-08-06,PROFIT,0.05036618931972692,2
TXN,RATTLESNAKE,2025-07-28,2025-08-07,TIME,-0.010548271004999776,8
AMT,RATTLESNAKE,2025-07-30,2025-08-11,TIME,-0.012743180803306275,8
EMR,RATTLESNAKE,2025-08-06,2025-08-18,TIME,-0.011796715527412238,8
INTU,RATTLESNAKE,2025-08-11,2025-08-21,TIME,-0.011797423029145881,8
TXN,RATTLESNAKE,2025-09-04,2025-09-16,STOP,-0.05157768401833718,8
ORCL,RATTLESNAKE,2025-09-29,2025-10-09,PROFIT,0.05204159459835633,8
F,RATTLESNAKE,2025-10-10,2025-10-17,PROFIT,0.04469758886251918,5
GM,RATTLESNAKE,2025-10-08,2025-10-20,TIME,0.028368809226357206,8
ORCL,RATTLESNAKE,2025-10-20,2025-10-30,STOP,-0.07320143932542988,8
ORCL,RATTLESNAKE,2025-10-30,2025-11-06,STOP,-0.05095568751124846,5
BA,RATTLESNAKE,2025-10-31,2025-11-12,TIME,-0.027459974903687567,8
ORCL,RATTLESNAKE,2025-11-07,2025-11-12,STOP,-0.051283080936565306,3
INTC,RATTLESNAKE,2025-11-04,2025-11-14,TIME,-0.040777703789108166,8
ORCL,RATTLESNAKE,2025-11-12,2025-11-20,STOP,-0.07180929954086457,6
TSLA,RATTLESNAKE,2025-11-13,2025-11-25,PROFIT,0.04330954522514041,8
COF,RATTLESNAKE,2025-11-17,2025-11-25,PROFIT,0.06686231033367074,6
INTC,RATTLESNAKE,2025-11-17,2025-11-26,PROFIT,0.06050136399334516,7
AMZN,RATTLESNAKE,2025-11-18,2025-11-28,PROFIT,0.04794427329872386,7
QCOM,RATTLESNAKE,2025-11-20,2025-11-28,PROFIT,0.053261475419288606,5
AMGN,RATTLESNAKE,2025-12-10,2025-12-22,PROFIT,0.05076420192578257,8
INTC,RATTLESNAKE,2025-12-12,2025-12-24,TIME,-0.04363928764743363,8
AVGO,RATTLESNAKE,2025-12-15,2025-12-26,TIME,0.03823836480415177,8
CAT,RATTLESNAKE,2025-12-17,2025-12-30,TIME,0.02758544624611181,8
TSLA,RATTLESNAKE,2026-01-02,2026-01-14,TIME,0.0025795075305763415,8
QCOM,RATTLESNAKE,2026-01-13,2026-01-20,STOP,-0.06788061236405996,4
COF,RATTLESNAKE,2026-01-13,2026-01-23,STOP,-0.06097407849242109,7
WFC,RATTLESNAKE,2026-01-20,2026-01-29,PROFIT,0.04592659017882372,7
GE,RATTLESNAKE,2026-01-23,2026-01-30,PROFIT,0.04396506496888941,5
COF,RATTLESNAKE,2026-01-23,2026-02-04,TIME,0.03755181793638962,8
CVS,RATTLESNAKE,2026-01-29,2026-02-06,PROFIT,0.052525468894127236,6
NVDA,RATTLESNAKE,2026-02-04,2026-02-06,PROFIT,0.0644124293211219,2
DHR,RATTLESNAKE,2026-01-29,2026-02-10,TIME,0.000591953764242259,8
TMO,RATTLESNAKE,2026-02-03,2026-02-10,STOP,-0.05313202763706515,5
C,RATTLESNAKE,2026-02-13,2026-02-18,PROFIT,0.04880025259723553,2
