date,symbol,action,shares,price,value_score,tech_score,reason,pnl_pct
2016-02-12 00:00:00-05:00,BAC,BUY,5209,9.598164558410645,75.0,100.0,,
2016-02-12 00:00:00-05:00,BRK-B,BUY,390,128.07000732421875,75.0,50.0,,
2016-02-12 00:00:00-05:00,PFE,BUY,2780,17.97937774658203,60.0,61.741167939709584,,
2016-02-19 00:00:00-05:00,CVX,BUY,877,57.106693267822266,60.0,57.24836919127338,,
2016-03-11 00:00:00-05:00,BAC,SELL_PARTIAL,2604,11.118184089660645,,,TAKE_PROFIT,
2016-03-18 00:00:00-04:00,BAC,SELL_PARTIAL,1302,11.118184089660645,,,TAKE_PROFIT,
2016-04-08 00:00:00-04:00,BAC,SELL,1303,10.384499549865723,,,TRAILING_STOP,0.08192555844086163
2016-04-08 00:00:00-04:00,BAC,BUY,4924,10.384499549865723,75.0,100.0,,
2016-04-22 00:00:00-04:00,CVX,SELL_PARTIAL,438,67.34626770019531,,,TAKE_PROFIT,
2016-04-22 00:00:00-04:00,BAC,SELL_PARTIAL,2462,12.182439804077148,,,TAKE_PROFIT,
2016-04-29 00:00:00-04:00,CVX,SELL_PARTIAL,219,67.4585189819336,,,TAKE_PROFIT,
2016-05-06 00:00:00-04:00,CVX,SELL_PARTIAL,110,67.24726867675781,,,TAKE_PROFIT,
2016-05-06 00:00:00-04:00,BAC,SELL,2462,11.376188278198242,,,TRAILING_STOP,0.09549701683460929
2016-05-06 00:00:00-04:00,BAC,BUY,4553,11.376188278198242,75.0,100.0,,
2016-05-13 00:00:00-04:00,CVX,SELL_PARTIAL,55,66.5078353881836,,,TAKE_PROFIT,
2016-05-20 00:00:00-04:00,PFE,SELL_PARTIAL,1390,20.84661865234375,,,TAKE_PROFIT,
2016-05-20 00:00:00-04:00,CVX,SELL_PARTIAL,27,66.57709503173828,,,TAKE_PROFIT,
2016-05-27 00:00:00-04:00,PFE,SELL_PARTIAL,695,21.384153366088867,,,TAKE_PROFIT,
2016-05-27 00:00:00-04:00,CVX,SELL_PARTIAL,14,68.06488037109375,,,TAKE_PROFIT,
2016-06-03 00:00:00-04:00,PFE,SELL_PARTIAL,347,21.43358039855957,,,TAKE_PROFIT,
2016-06-03 00:00:00-04:00,CVX,SELL_PARTIAL,7,67.15752410888672,,,TAKE_PROFIT,
2016-06-10 00:00:00-04:00,PFE,SELL_PARTIAL,174,21.80430030822754,,,TAKE_PROFIT,
2016-06-10 00:00:00-04:00,CVX,SELL_PARTIAL,3,68.0381851196289,,,TAKE_PROFIT,
2016-06-10 00:00:00-04:00,BAC,SELL,4553,11.188261985778809,,,TRAILING_STOP,-0.016519267071166768
2016-06-10 00:00:00-04:00,BAC,BUY,4628,11.188261985778809,75.0,100.0,,
2016-06-17 00:00:00-04:00,PFE,SELL_PARTIAL,87,21.143190383911133,,,TAKE_PROFIT,
2016-06-17 00:00:00-04:00,CVX,SELL_PARTIAL,2,67.76466369628906,,,TAKE_PROFIT,
2016-06-24 00:00:00-04:00,PFE,SELL_PARTIAL,43,20.988723754882812,,,TAKE_PROFIT,
2016-06-24 00:00:00-04:00,CVX,SELL_PARTIAL,1,67.98481750488281,,,TAKE_PROFIT,
2016-06-24 00:00:00-04:00,BAC,SELL,4628,10.516802787780762,,,TRAILING_STOP,-0.060014611639549215
2016-06-24 00:00:00-04:00,BAC,BUY,4903,10.516802787780762,75.0,100.0,,
2016-07-01 00:00:00-04:00,PFE,SELL_PARTIAL,22,21.97730255126953,,,TAKE_PROFIT,
2016-07-08 00:00:00-04:00,PFE,SELL_PARTIAL,11,22.317123413085938,,,TAKE_PROFIT,
2016-07-15 00:00:00-04:00,PFE,SELL_PARTIAL,5,22.718738555908203,,,TAKE_PROFIT,
2016-07-22 00:00:00-04:00,PFE,SELL_PARTIAL,3,22.700199127197266,,,TAKE_PROFIT,
2016-07-29 00:00:00-04:00,PFE,SELL_PARTIAL,1,22.792882919311523,,,TAKE_PROFIT,
2016-08-05 00:00:00-04:00,PFE,SELL_PARTIAL,1,22.078998565673828,,,TAKE_PROFIT,
2016-08-05 00:00:00-04:00,CVX,SELL,1,67.05746459960938,,,TRAILING_STOP,0.1742487747472859
2016-08-05 00:00:00-04:00,BAC,SELL_PARTIAL,2451,12.175222396850586,,,TAKE_PROFIT,
2016-08-05 00:00:00-04:00,CVX,BUY,776,67.05746459960938,60.0,57.24836919127338,,
2016-08-12 00:00:00-04:00,BRK-B,SELL_PARTIAL,195,147.72000122070312,,,TAKE_PROFIT,
2016-08-19 00:00:00-04:00,BRK-B,SELL_PARTIAL,97,148.75,,,TAKE_PROFIT,
2016-08-19 00:00:00-04:00,BAC,SELL_PARTIAL,1226,12.31274700164795,,,TAKE_PROFIT,
2016-08-26 00:00:00-04:00,BRK-B,SELL_PARTIAL,49,147.91000366210938,,,TAKE_PROFIT,
2016-08-26 00:00:00-04:00,BAC,SELL_PARTIAL,613,12.773870468139648,,,TAKE_PROFIT,
2016-09-02 00:00:00-04:00,BRK-B,SELL_PARTIAL,24,150.72000122070312,,,TAKE_PROFIT,
2016-09-02 00:00:00-04:00,BAC,SELL_PARTIAL,306,13.003996849060059,,,TAKE_PROFIT,
2016-09-09 00:00:00-04:00,PFE,SELL,1,21.244178771972656,,,TRAILING_STOP,0.18158587418362016
2016-09-09 00:00:00-04:00,BAC,SELL_PARTIAL,153,12.792682647705078,,,TAKE_PROFIT,
2016-09-09 00:00:00-04:00,PFE,BUY,2458,21.244178771972656,60.0,61.741167939709584,,
2016-09-16 00:00:00-04:00,BAC,SELL_PARTIAL,77,12.589495658874512,,,TAKE_PROFIT,
2016-09-23 00:00:00-04:00,BAC,SELL_PARTIAL,38,12.613879203796387,,,TAKE_PROFIT,
2016-09-30 00:00:00-04:00,BAC,SELL_PARTIAL,19,12.719536781311035,,,TAKE_PROFIT,
2016-10-07 00:00:00-04:00,BAC,SELL_PARTIAL,10,13.109658241271973,,,TAKE_PROFIT,
2016-10-14 00:00:00-04:00,BAC,SELL_PARTIAL,5,13.003996849060059,,,TAKE_PROFIT,
2016-10-21 00:00:00-04:00,BAC,SELL_PARTIAL,2,13.548541069030762,,,TAKE_PROFIT,
2016-10-21 00:00:00-04:00,PFE,SELL,2458,20.048030853271484,,,TRAILING_STOP,-0.05630473794916677
2016-10-21 00:00:00-04:00,PFE,BUY,2597,20.048030853271484,60.0,61.741167939709584,,
2016-10-28 00:00:00-04:00,BAC,SELL_PARTIAL,1,13.556670188903809,,,TAKE_PROFIT,
2016-11-04 00:00:00-04:00,BRK-B,SELL,25,142.9499969482422,,,TRAILING_STOP,0.116186372866784
2016-11-04 00:00:00-04:00,BAC,SELL_PARTIAL,1,13.451011657714844,,,TAKE_PROFIT,
2016-11-04 00:00:00-04:00,PFE,SELL,2597,18.689897537231445,,,TRAILING_STOP,-0.06774397575402852
2016-11-04 00:00:00-04:00,BRK-B,BUY,363,142.9499969482422,75.0,50.0,,
2016-11-04 00:00:00-04:00,PFE,BUY,2781,18.689897537231445,60.0,61.741167939709584,,
2016-12-09 00:00:00-05:00,CVX,SELL_PARTIAL,388,78.86094665527344,,,TAKE_PROFIT,
2016-12-09 00:00:00-05:00,BRK-B,SELL_PARTIAL,181,164.86000061035156,,,TAKE_PROFIT,
2016-12-16 00:00:00-05:00,CVX,SELL_PARTIAL,194,80.40672302246094,,,TAKE_PROFIT,
2016-12-16 00:00:00-05:00,BRK-B,SELL_PARTIAL,91,164.75999450683594,,,TAKE_PROFIT,
2016-12-23 00:00:00-05:00,CVX,SELL_PARTIAL,97,80.63822937011719,,,TAKE_PROFIT,
2016-12-23 00:00:00-05:00,BRK-B,SELL_PARTIAL,45,165.32000732421875,,,TAKE_PROFIT,
2016-12-30 00:00:00-05:00,CVX,SELL_PARTIAL,48,80.1479263305664,,,TAKE_PROFIT,
2017-01-06 00:00:00-05:00,CVX,SELL_PARTIAL,24,79.56232452392578,,,TAKE_PROFIT,
2017-01-13 00:00:00-05:00,CVX,SELL_PARTIAL,12,79.24909973144531,,,TAKE_PROFIT,
2017-01-20 00:00:00-05:00,CVX,SELL_PARTIAL,6,78.71794128417969,,,TAKE_PROFIT,
2017-01-20 00:00:00-05:00,PFE,SELL,2781,19.990005493164062,,,TRAILING_STOP,0.06956206974076347
2017-01-20 00:00:00-05:00,PFE,BUY,2645,19.990005493164062,60.0,61.741167939709584,,
2017-01-27 00:00:00-05:00,CVX,SELL_PARTIAL,3,77.48542785644531,,,TAKE_PROFIT,
2017-01-27 00:00:00-05:00,BRK-B,SELL_PARTIAL,23,164.39999389648438,,,TAKE_PROFIT,
2017-02-03 00:00:00-05:00,CVX,SELL_PARTIAL,2,77.33560180664062,,,TAKE_PROFIT,
2017-02-17 00:00:00-05:00,CVX,SELL,2,75.84847259521484,,,TRAILING_STOP,0.1310966355214193
2017-02-17 00:00:00-05:00,BRK-B,SELL_PARTIAL,11,168.57000732421875,,,TAKE_PROFIT,
2017-02-17 00:00:00-05:00,CVX,BUY,699,75.84847259521484,60.0,57.24836919127338,,
2017-02-24 00:00:00-05:00,BRK-B,SELL_PARTIAL,6,170.22000122070312,,,TAKE_PROFIT,
2017-03-03 00:00:00-05:00,BRK-B,SELL_PARTIAL,3,175.67999267578125,,,TAKE_PROFIT,
2017-03-10 00:00:00-05:00,BRK-B,SELL_PARTIAL,1,174.97999572753906,,,TAKE_PROFIT,
2017-03-17 00:00:00-04:00,BRK-B,SELL_PARTIAL,1,172.82000732421875,,,TAKE_PROFIT,
2017-03-17 00:00:00-04:00,CVX,SELL,699,74.02667999267578,,,TRAILING_STOP,-0.02401884362604813
2017-03-17 00:00:00-04:00,CVX,BUY,716,74.02667999267578,60.0,57.24836919127338,,
2017-03-24 00:00:00-04:00,BAC,SELL,1,18.91798210144043,,,TRAILING_STOP,0.7988339691432467
2017-03-24 00:00:00-04:00,BAC,BUY,2804,18.91798210144043,75.0,100.0,,
2017-03-31 00:00:00-04:00,BRK-B,SELL,1,166.67999267578125,,,TRAILING_STOP,0.1660020722919705
2017-03-31 00:00:00-04:00,BRK-B,BUY,318,166.67999267578125,75.0,50.0,,
2017-04-13 00:00:00-04:00,BAC,SELL,2804,18.27974510192871,,,TRAILING_STOP,-0.03373705483435904
2017-04-13 00:00:00-04:00,BAC,BUY,2890,18.27974510192871,75.0,100.0,,
2017-05-19 00:00:00-04:00,PFE,SELL,2645,20.831939697265625,,,TRAILING_STOP,0.04211775751584845
2017-05-19 00:00:00-04:00,PFE,BUY,2537,20.831939697265625,60.0,61.741167939709584,,
2017-06-02 00:00:00-04:00,BAC,SELL,2890,18.430091857910156,,,TRAILING_STOP,0.008224773110516847
2017-06-02 00:00:00-04:00,BAC,BUY,2863,18.430091857910156,75.0,100.0,,
2017-08-18 00:00:00-04:00,BAC,SELL,2863,19.390588760375977,,,TRAILING_STOP,0.05211568720714634
2017-08-18 00:00:00-04:00,BAC,BUY,2744,19.390588760375977,75.0,100.0,,
2017-10-20 00:00:00-04:00,BAC,SELL_PARTIAL,1372,22.419017791748047,,,TAKE_PROFIT,
2017-10-27 00:00:00-04:00,BAC,SELL_PARTIAL,686,22.938852310180664,,,TAKE_PROFIT,
2017-11-03 00:00:00-04:00,BAC,SELL_PARTIAL,343,22.95535659790039,,,TAKE_PROFIT,
2017-12-01 00:00:00-05:00,BRK-B,SELL_PARTIAL,159,194.55999755859375,,,TAKE_PROFIT,
2017-12-01 00:00:00-05:00,BAC,SELL_PARTIAL,171,23.285198211669922,,,TAKE_PROFIT,
2017-12-08 00:00:00-05:00,BRK-B,SELL_PARTIAL,79,196.44000244140625,,,TAKE_PROFIT,
2017-12-08 00:00:00-05:00,BAC,SELL_PARTIAL,86,24.072420120239258,,,TAKE_PROFIT,
2017-12-15 00:00:00-05:00,BRK-B,SELL_PARTIAL,40,197.77999877929688,,,TAKE_PROFIT,
2017-12-15 00:00:00-05:00,PFE,SELL_PARTIAL,1268,24.327425003051758,,,TAKE_PROFIT,
2017-12-15 00:00:00-05:00,BAC,SELL_PARTIAL,43,24.064132690429688,,,TAKE_PROFIT,
2017-12-22 00:00:00-05:00,CVX,SELL_PARTIAL,358,88.48661804199219,,,TAKE_PROFIT,
2017-12-22 00:00:00-05:00,BRK-B,SELL_PARTIAL,20,197.9199981689453,,,TAKE_PROFIT,
2017-12-22 00:00:00-05:00,BAC,SELL_PARTIAL,21,24.760202407836914,,,TAKE_PROFIT,
2017-12-29 00:00:00-05:00,CVX,SELL_PARTIAL,179,88.63528442382812,,,TAKE_PROFIT,
2017-12-29 00:00:00-05:00,BRK-B,SELL_PARTIAL,10,198.22000122070312,,,TAKE_PROFIT,
2017-12-29 00:00:00-05:00,BAC,SELL_PARTIAL,11,24.461885452270508,,,TAKE_PROFIT,
2018-01-05 00:00:00-05:00,CVX,SELL_PARTIAL,89,90.55399322509766,,,TAKE_PROFIT,
2018-01-05 00:00:00-05:00,BRK-B,SELL_PARTIAL,5,201.4199981689453,,,TAKE_PROFIT,
2018-01-05 00:00:00-05:00,PFE,SELL_PARTIAL,634,24.10508155822754,,,TAKE_PROFIT,
2018-01-05 00:00:00-05:00,BAC,SELL_PARTIAL,5,25.133094787597656,,,TAKE_PROFIT,
2018-01-12 00:00:00-05:00,CVX,SELL_PARTIAL,45,94.5896224975586,,,TAKE_PROFIT,
2018-01-12 00:00:00-05:00,BRK-B,SELL_PARTIAL,2,210.16000366210938,,,TAKE_PROFIT,
2018-01-12 00:00:00-05:00,BAC,SELL_PARTIAL,3,25.845745086669922,,,TAKE_PROFIT,
2018-01-19 00:00:00-05:00,CVX,SELL_PARTIAL,22,92.96119689941406,,,TAKE_PROFIT,
2018-01-19 00:00:00-05:00,BRK-B,SELL_PARTIAL,1,213.25,,,TAKE_PROFIT,
2018-01-19 00:00:00-05:00,PFE,SELL_PARTIAL,317,24.15740203857422,,,TAKE_PROFIT,
2018-01-19 00:00:00-05:00,BAC,SELL_PARTIAL,1,26.28492546081543,,,TAKE_PROFIT,
2018-01-26 00:00:00-05:00,CVX,SELL_PARTIAL,11,92.8833236694336,,,TAKE_PROFIT,
2018-01-26 00:00:00-05:00,BRK-B,SELL_PARTIAL,1,217.19000244140625,,,TAKE_PROFIT,
2018-01-26 00:00:00-05:00,PFE,SELL_PARTIAL,159,25.51110076904297,,,TAKE_PROFIT,
2018-01-26 00:00:00-05:00,BAC,SELL_PARTIAL,1,26.68267822265625,,,TAKE_PROFIT,
2018-02-02 00:00:00-05:00,CVX,SELL,12,83.95537567138672,,,TRAILING_STOP,0.1341232063857691
2018-02-02 00:00:00-05:00,PFE,SELL,159,24.16339683532715,,,TRAILING_STOP,0.1599206404432328
2018-02-02 00:00:00-05:00,PFE,BUY,2271,24.16339683532715,60.0,61.741167939709584,,
2018-02-02 00:00:00-05:00,CVX,BUY,653,83.95537567138672,60.0,57.24836919127338,,
2018-02-09 00:00:00-05:00,BRK-B,SELL,1,196.02000427246094,,,TRAILING_STOP,0.17602599523597662
2018-02-09 00:00:00-05:00,BAC,SELL,1,25.133094787597656,,,TRAILING_STOP,0.29614913183844627
2018-02-09 00:00:00-05:00,PFE,SELL,2271,22.546335220336914,,,TRAILING_STOP,-0.06692194917835693
2018-02-09 00:00:00-05:00,BAC,BUY,2171,25.133094787597656,75.0,100.0,,
2018-02-09 00:00:00-05:00,BRK-B,BUY,278,196.02000427246094,75.0,50.0,,
2018-02-09 00:00:00-05:00,PFE,BUY,2420,22.546335220336914,60.0,61.741167939709584,,
2018-03-23 00:00:00-04:00,BAC,SELL,2171,24.262556076049805,,,TRAILING_STOP,-0.03463714751027929
2018-03-23 00:00:00-04:00,BRK-B,SELL,278,192.4600067138672,,,TRAILING_STOP,-0.018161399250075917
2018-03-23 00:00:00-04:00,PFE,SELL,2420,22.76414680480957,,,TRAILING_STOP,0.009660620333374137
2018-03-23 00:00:00-04:00,BAC,BUY,2244,24.262556076049805,75.0,100.0,,
2018-03-23 00:00:00-04:00,BRK-B,BUY,283,192.4600067138672,75.0,50.0,,
2018-03-23 00:00:00-04:00,PFE,BUY,2392,22.76414680480957,60.0,61.741167939709584,,
2018-05-04 00:00:00-04:00,PFE,SELL,2392,22.995153427124023,,,TRAILING_STOP,0.010147826944502327
2018-05-04 00:00:00-04:00,PFE,BUY,2384,22.995153427124023,60.0,61.741167939709584,,
2018-05-25 00:00:00-04:00,CVX,SELL,653,88.13436126708984,,,TRAILING_STOP,0.04977627176680465
2018-05-25 00:00:00-04:00,CVX,BUY,623,88.13436126708984,60.0,57.24836919127338,,
2018-06-22 00:00:00-04:00,BAC,SELL,2244,24.21135711669922,,,TRAILING_STOP,-0.002110204678769429
2018-06-22 00:00:00-04:00,BRK-B,SELL,283,188.91000366210938,,,TRAILING_STOP,-0.01844540646325368
2018-06-22 00:00:00-04:00,BAC,BUY,2266,24.21135711669922,75.0,100.0,,
2018-06-22 00:00:00-04:00,BRK-B,BUY,290,188.91000366210938,75.0,50.0,,
2018-08-03 00:00:00-04:00,PFE,SELL_PARTIAL,1192,27.248531341552734,,,TAKE_PROFIT,
2018-08-10 00:00:00-04:00,PFE,SELL_PARTIAL,596,27.510669708251953,,,TAKE_PROFIT,
2018-08-17 00:00:00-04:00,PFE,SELL_PARTIAL,298,28.290342330932617,,,TAKE_PROFIT,
2018-08-17 00:00:00-04:00,CVX,SELL,623,85.78253173828125,,,TRAILING_STOP,-0.02668459264918719
2018-08-17 00:00:00-04:00,CVX,BUY,647,85.78253173828125,60.0,57.24836919127338,,
2018-08-24 00:00:00-04:00,PFE,SELL_PARTIAL,149,28.498714447021484,,,TAKE_PROFIT,
2018-08-31 00:00:00-04:00,PFE,SELL_PARTIAL,74,27.907222747802734,,,TAKE_PROFIT,
2018-09-07 00:00:00-04:00,PFE,SELL_PARTIAL,37,28.364280700683594,,,TAKE_PROFIT,
2018-09-14 00:00:00-04:00,PFE,SELL_PARTIAL,19,28.875118255615234,,,TAKE_PROFIT,
2018-09-21 00:00:00-04:00,PFE,SELL_PARTIAL,9,29.61446189880371,,,TAKE_PROFIT,
2018-09-21 00:00:00-04:00,BRK-B,SELL_PARTIAL,145,220.52000427246094,,,TAKE_PROFIT,
2018-09-28 00:00:00-04:00,PFE,SELL_PARTIAL,5,29.621191024780273,,,TAKE_PROFIT,
2018-09-28 00:00:00-04:00,BAC,SELL,2266,24.722820281982422,,,TRAILING_STOP,0.021124927562628588
2018-09-28 00:00:00-04:00,BAC,BUY,2252,24.722820281982422,75.0,100.0,,
2018-10-05 00:00:00-04:00,PFE,SELL_PARTIAL,2,30.18578338623047,,,TAKE_PROFIT,
2018-10-05 00:00:00-04:00,BRK-B,SELL_PARTIAL,72,219.4600067138672,,,TAKE_PROFIT,
2018-10-12 00:00:00-04:00,PFE,SELL_PARTIAL,1,29.426259994506836,,,TAKE_PROFIT,
2018-10-12 00:00:00-04:00,BRK-B,SELL,73,206.8000030517578,,,TRAILING_STOP,0.09470117538956316
2018-10-12 00:00:00-04:00,CVX,SELL,647,85.76067352294922,,,TRAILING_STOP,-0.0002548096318574475
2018-10-12 00:00:00-04:00,BAC,SELL,2252,23.883625030517578,,,TRAILING_STOP,-0.03394415531453081
2018-10-12 00:00:00-04:00,BAC,BUY,2322,23.883625030517578,75.0,100.0,,
2018-10-12 00:00:00-04:00,BRK-B,BUY,268,206.8000030517578,75.0,50.0,,
2018-10-12 00:00:00-04:00,CVX,BUY,646,85.76067352294922,60.0,57.24836919127338,,
2018-10-19 00:00:00-04:00,PFE,SELL_PARTIAL,1,29.910207748413086,,,TAKE_PROFIT,
2018-10-26 00:00:00-04:00,PFE,SELL,1,28.633146286010742,,,TRAILING_STOP,0.24518178914328975
2018-10-26 00:00:00-04:00,BAC,SELL,2322,22.14647674560547,,,TRAILING_STOP,-0.07273386191134922
2018-10-26 00:00:00-04:00,BRK-B,SELL,268,198.49000549316406,,,TRAILING_STOP,-0.04018374001916203
2018-10-26 00:00:00-04:00,CVX,SELL,646,81.2166748046875,,,TRAILING_STOP,-0.05298464356213064
2018-10-26 00:00:00-04:00,BAC,BUY,2483,22.14647674560547,75.0,100.0,,
2018-10-26 00:00:00-04:00,BRK-B,BUY,277,198.49000549316406,75.0,50.0,,
2018-10-26 00:00:00-04:00,PFE,BUY,1920,28.633146286010742,60.0,61.741167939709584,,
2018-11-02 00:00:00-04:00,CVX,BUY,661,83.54692840576172,60.0,57.24836919127338,,
2018-11-23 00:00:00-05:00,BAC,SELL,2483,22.633214950561523,,,TRAILING_STOP,0.021978132709196657
2018-11-23 00:00:00-05:00,BRK-B,SELL,277,207.07000732421875,,,TRAILING_STOP,0.04322636703917155
2018-11-23 00:00:00-05:00,BAC,BUY,2439,22.633214950561523,75.0,100.0,,
2018-11-23 00:00:00-05:00,BRK-B,BUY,266,207.07000732421875,75.0,50.0,,
2018-12-07 00:00:00-05:00,BAC,SELL,2439,21.460115432739258,,,TRAILING_STOP,-0.051830883079788066
2018-12-07 00:00:00-05:00,BRK-B,SELL,266,204.8800048828125,,,TRAILING_STOP,-0.010576145090762785
2018-12-07 00:00:00-05:00,BAC,BUY,2568,21.460115432739258,75.0,100.0,,
2018-12-07 00:00:00-05:00,BRK-B,BUY,269,204.8800048828125,75.0,50.0,,
2018-12-14 00:00:00-05:00,PFE,SELL,1920,29.66688346862793,,,TRAILING_STOP,0.03610281497853553
2018-12-14 00:00:00-05:00,PFE,BUY,1850,29.66688346862793,60.0,61.741167939709584,,
2018-12-21 00:00:00-05:00,CVX,SELL,661,76.62786102294922,,,TRAILING_STOP,-0.08281653814020211
2018-12-21 00:00:00-05:00,BAC,SELL,2568,19.721704483032227,,,TRAILING_STOP,-0.08100659827089911
2018-12-21 00:00:00-05:00,BRK-B,SELL,269,192.10000610351562,,,TRAILING_STOP,-0.06237796990783358
2018-12-21 00:00:00-05:00,BAC,BUY,2753,19.721704483032227,75.0,100.0,,
2018-12-21 00:00:00-05:00,BRK-B,BUY,282,192.10000610351562,75.0,50.0,,
2018-12-21 00:00:00-05:00,CVX,BUY,708,76.62786102294922,60.0,57.24836919127338,,
2019-01-18 00:00:00-05:00,BAC,SELL_PARTIAL,1376,24.725969314575195,,,TAKE_PROFIT,
2019-01-25 00:00:00-05:00,PFE,SELL,1850,27.526533126831055,,,TRAILING_STOP,-0.07214611349588668
2019-01-25 00:00:00-05:00,BAC,SELL_PARTIAL,688,24.96225357055664,,,TAKE_PROFIT,
2019-01-25 00:00:00-05:00,PFE,BUY,2009,27.526533126831055,60.0,61.741167939709584,,
2019-02-01 00:00:00-05:00,BAC,SELL_PARTIAL,344,23.949588775634766,,,TAKE_PROFIT,
2019-02-08 00:00:00-05:00,BAC,SELL_PARTIAL,172,23.873641967773438,,,TAKE_PROFIT,
2019-02-15 00:00:00-05:00,BAC,SELL_PARTIAL,86,24.565629959106445,,,TAKE_PROFIT,
2019-02-15 00:00:00-05:00,CVX,SELL_PARTIAL,354,88.64286041259766,,,TAKE_PROFIT,
2019-02-22 00:00:00-05:00,BAC,SELL_PARTIAL,43,24.540313720703125,,,TAKE_PROFIT,
2019-02-22 00:00:00-05:00,CVX,SELL_PARTIAL,177,88.67255401611328,,,TAKE_PROFIT,
2019-03-01 00:00:00-05:00,BAC,SELL_PARTIAL,22,24.860685348510742,,,TAKE_PROFIT,
2019-03-01 00:00:00-05:00,CVX,SELL_PARTIAL,88,90.63330078125,,,TAKE_PROFIT,
2019-03-08 00:00:00-05:00,BAC,SELL_PARTIAL,11,24.30087661743164,,,TAKE_PROFIT,
2019-03-08 00:00:00-05:00,BRK-B,SELL,282,198.6999969482422,,,TRAILING_STOP,0.034357056923621704
2019-03-08 00:00:00-05:00,CVX,SELL_PARTIAL,44,90.32879638671875,,,TAKE_PROFIT,
2019-03-08 00:00:00-05:00,PFE,SELL,2009,27.937755584716797,,,TRAILING_STOP,0.014939130038315998
2019-03-08 00:00:00-05:00,BRK-B,BUY,279,198.6999969482422,75.0,50.0,,
2019-03-08 00:00:00-05:00,PFE,BUY,1984,27.937755584716797,60.0,61.741167939709584,,
2019-03-15 00:00:00-04:00,BAC,SELL_PARTIAL,5,24.85220718383789,,,TAKE_PROFIT,
2019-03-15 00:00:00-04:00,CVX,SELL_PARTIAL,22,93.06940460205078,,,TAKE_PROFIT,
2019-03-22 00:00:00-04:00,BAC,SELL,6,22.909833908081055,,,TRAILING_STOP,0.1616558765390572
2019-03-22 00:00:00-04:00,CVX,SELL_PARTIAL,11,91.42056274414062,,,TAKE_PROFIT,
2019-03-22 00:00:00-04:00,BAC,BUY,2424,22.909833908081055,75.0,100.0,,
2019-03-29 00:00:00-04:00,CVX,SELL_PARTIAL,6,91.4874267578125,,,TAKE_PROFIT,
2019-04-05 00:00:00-04:00,CVX,SELL_PARTIAL,3,93.89382934570312,,,TAKE_PROFIT,
2019-04-12 00:00:00-04:00,CVX,SELL,3,88.94735717773438,,,TRAILING_STOP,0.1607704559454635
2019-04-12 00:00:00-04:00,CVX,BUY,629,88.94735717773438,60.0,57.24836919127338,,
2019-04-18 00:00:00-04:00,PFE,SELL,1984,26.906057357788086,,,TRAILING_STOP,-0.036928457756753234
2019-04-18 00:00:00-04:00,PFE,BUY,2074,26.906057357788086,60.0,61.741167939709584,,
2019-05-17 00:00:00-04:00,BRK-B,SELL,279,203.27000427246094,,,TRAILING_STOP,0.022999533942666118
2019-05-17 00:00:00-04:00,BAC,SELL,2424,24.08882713317871,,,TRAILING_STOP,0.051462320932924195
2019-05-17 00:00:00-04:00,BAC,BUY,2314,24.08882713317871,75.0,100.0,,
2019-05-17 00:00:00-04:00,BRK-B,BUY,274,203.27000427246094,75.0,50.0,,
2019-05-31 00:00:00-04:00,CVX,SELL,629,85.38986206054688,,,TRAILING_STOP,-0.03999551229025189
2019-05-31 00:00:00-04:00,BAC,SELL,2314,22.562074661254883,,,TRAILING_STOP,-0.06338010827521602
2019-05-31 00:00:00-04:00,BAC,BUY,2452,22.562074661254883,75.0,100.0,,
2019-05-31 00:00:00-04:00,CVX,BUY,648,85.38986206054688,60.0,57.24836919127338,,
2019-07-26 00:00:00-04:00,BAC,SELL_PARTIAL,1226,26.24008560180664,,,TAKE_PROFIT,
2019-08-02 00:00:00-04:00,PFE,SELL,2074,26.43851089477539,,,TRAILING_STOP,-0.01737699644341841
2019-08-02 00:00:00-04:00,BRK-B,SELL,274,202.6699981689453,,,TRAILING_STOP,-0.0029517690308668624
2019-08-02 00:00:00-04:00,BRK-B,BUY,274,202.6699981689453,75.0,50.0,,
2019-08-02 00:00:00-04:00,PFE,BUY,2107,26.43851089477539,60.0,61.741167939709584,,
2019-08-09 00:00:00-04:00,BAC,SELL,1226,24.159297943115234,,,TRAILING_STOP,0.07079239413222983
2019-08-09 00:00:00-04:00,BAC,BUY,2298,24.159297943115234,75.0,100.0,,
2019-08-16 00:00:00-04:00,CVX,SELL,648,87.75279998779297,,,TRAILING_STOP,0.027672347398460716
2019-08-16 00:00:00-04:00,PFE,SELL,2107,24.107742309570312,,,TRAILING_STOP,-0.08815808857319833
2019-08-16 00:00:00-04:00,PFE,BUY,2287,24.107742309570312,60.0,61.741167939709584,,
2019-08-16 00:00:00-04:00,CVX,BUY,628,87.75279998779297,60.0,57.24836919127338,,
2019-08-23 00:00:00-04:00,BAC,SELL,2298,22.573122024536133,,,TRAILING_STOP,-0.06565488460442287
2019-08-23 00:00:00-04:00,BAC,BUY,2436,22.573122024536133,75.0,100.0,,
2019-10-04 00:00:00-04:00,CVX,SELL,628,86.26766204833984,,,TRAILING_STOP,-0.016924108856466325
2019-10-04 00:00:00-04:00,BAC,SELL,2436,24.352872848510742,,,TRAILING_STOP,0.07884380468240447
2019-10-04 00:00:00-04:00,BAC,BUY,2277,24.352872848510742,75.0,100.0,,
2019-10-04 00:00:00-04:00,CVX,BUY,642,86.26766204833984,60.0,57.24836919127338,,
2019-11-08 00:00:00-05:00,BAC,SELL_PARTIAL,1138,28.550451278686523,,,TAKE_PROFIT,
2019-11-15 00:00:00-05:00,BAC,SELL_PARTIAL,569,28.267175674438477,,,TAKE_PROFIT,
2019-11-22 00:00:00-05:00,BAC,SELL_PARTIAL,285,28.481781005859375,,,TAKE_PROFIT,
2019-11-29 00:00:00-05:00,BAC,SELL_PARTIAL,142,28.601959228515625,,,TAKE_PROFIT,
2019-12-06 00:00:00-05:00,BAC,SELL_PARTIAL,71,29.060190200805664,,,TAKE_PROFIT,
2019-12-13 00:00:00-05:00,BAC,SELL_PARTIAL,36,29.724760055541992,,,TAKE_PROFIT,
2019-12-20 00:00:00-05:00,BAC,SELL_PARTIAL,18,30.173580169677734,,,TAKE_PROFIT,
2019-12-27 00:00:00-05:00,BAC,SELL_PARTIAL,9,30.510183334350586,,,TAKE_PROFIT,
2020-01-03 00:00:00-05:00,BAC,SELL_PARTIAL,4,30.121793746948242,,,TAKE_PROFIT,
2020-01-10 00:00:00-05:00,PFE,SELL_PARTIAL,1143,27.740713119506836,,,TAKE_PROFIT,
2020-01-10 00:00:00-05:00,BAC,SELL_PARTIAL,2,29.98370361328125,,,TAKE_PROFIT,
2020-01-17 00:00:00-05:00,PFE,SELL_PARTIAL,572,28.457229614257812,,,TAKE_PROFIT,
2020-01-17 00:00:00-05:00,BAC,SELL_PARTIAL,1,29.957805633544922,,,TAKE_PROFIT,
2020-01-24 00:00:00-05:00,PFE,SELL_PARTIAL,286,27.972522735595703,,,TAKE_PROFIT,
2020-01-24 00:00:00-05:00,BAC,SELL,2,28.9479923248291,,,TRAILING_STOP,0.1886890103234521
2020-01-24 00:00:00-05:00,CVX,SELL,642,85.5873031616211,,,TRAILING_STOP,-0.007886603978412128
2020-01-24 00:00:00-05:00,BAC,BUY,1951,28.9479923248291,75.0,100.0,,
2020-01-24 00:00:00-05:00,CVX,BUY,660,85.5873031616211,60.0,57.24836919127338,,
2020-01-31 00:00:00-05:00,PFE,SELL,286,26.427364349365234,,,TRAILING_STOP,0.0962189660901625
2020-01-31 00:00:00-05:00,PFE,BUY,2128,26.427364349365234,60.0,61.741167939709584,,
2020-02-21 00:00:00-05:00,PFE,SELL,2128,25.348703384399414,,,TRAILING_STOP,-0.04081606287733074
2020-02-21 00:00:00-05:00,PFE,BUY,2225,25.348703384399414,60.0,61.741167939709584,,
2020-02-28 00:00:00-05:00,BRK-B,SELL,274,206.33999633789062,,,TRAILING_STOP,0.018108245927381958
2020-02-28 00:00:00-05:00,BAC,SELL,1951,24.598026275634766,,,TRAILING_STOP,-0.15026831568776217
2020-02-28 00:00:00-05:00,CVX,SELL,660,72.25828552246094,,,TRAILING_STOP,-0.15573592281544316
2020-02-28 00:00:00-05:00,PFE,SELL,2225,23.716506958007812,,,TRAILING_STOP,-0.06438974024194544
2020-02-28 00:00:00-05:00,BAC,BUY,2236,24.598026275634766,75.0,100.0,,
2020-02-28 00:00:00-05:00,BRK-B,BUY,266,206.33999633789062,75.0,50.0,,
2020-02-28 00:00:00-05:00,PFE,BUY,2319,23.716506958007812,60.0,61.741167939709584,,
2020-03-06 00:00:00-05:00,BAC,SELL,2236,22.33159637451172,,,TRAILING_STOP,-0.09213868932923401
2020-03-06 00:00:00-05:00,BAC,BUY,2456,22.33159637451172,75.0,100.0,,
2020-03-06 00:00:00-05:00,CVX,BUY,743,73.79109191894531,60.0,57.24836919127338,,
2020-03-13 00:00:00-04:00,PFE,SELL,2319,23.21265411376953,,,TRAILING_STOP,-0.021244816748537107
2020-03-13 00:00:00-04:00,BAC,SELL,2456,20.98526954650879,,,TRAILING_STOP,-0.060287979660046453
2020-03-13 00:00:00-04:00,CVX,SELL,743,64.57881164550781,,,TRAILING_STOP,-0.12484271520953487
2020-03-13 00:00:00-04:00,BAC,BUY,2574,20.98526954650879,75.0,100.0,,
2020-03-13 00:00:00-04:00,PFE,BUY,2327,23.21265411376953,60.0,61.741167939709584,,
2020-03-13 00:00:00-04:00,CVX,BUY,836,64.57881164550781,60.0,57.24836919127338,,
2020-03-20 00:00:00-04:00,BRK-B,SELL,266,170.05999755859375,,,TRAILING_STOP,-0.17582630330130866
2020-03-20 00:00:00-04:00,BAC,SELL,2574,17.08527946472168,,,TRAILING_STOP,-0.18584417384507365
2020-03-20 00:00:00-04:00,PFE,SELL,2327,20.586956024169922,,,TRAILING_STOP,-0.11311494483700894
2020-03-20 00:00:00-04:00,CVX,SELL,836,45.976219177246094,,,TRAILING_STOP,-0.2880603094769976
2020-03-20 00:00:00-04:00,BAC,BUY,3048,17.08527946472168,75.0,100.0,,
2020-03-20 00:00:00-04:00,BRK-B,BUY,306,170.05999755859375,75.0,50.0,,
2020-03-20 00:00:00-04:00,PFE,BUY,2529,20.586956024169922,60.0,61.741167939709584,,
2020-03-27 00:00:00-04:00,CVX,BUY,988,53.24538803100586,60.0,57.24836919127338,,
2020-04-03 00:00:00-04:00,BAC,SELL,3048,17.397968292236328,,,TRAILING_STOP,0.01830165132272492
2020-04-03 00:00:00-04:00,PFE,SELL_PARTIAL,1264,23.872629165649414,,,TAKE_PROFIT,
2020-04-03 00:00:00-04:00,BAC,BUY,3040,17.397968292236328,75.0,100.0,,
2020-04-09 00:00:00-04:00,PFE,SELL_PARTIAL,632,25.11451530456543,,,TAKE_PROFIT,
2020-04-09 00:00:00-04:00,CVX,SELL_PARTIAL,494,65.26780700683594,,,TAKE_PROFIT,
2020-04-09 00:00:00-04:00,BAC,SELL_PARTIAL,1520,21.593284606933594,,,TAKE_PROFIT,
2020-04-17 00:00:00-04:00,PFE,SELL_PARTIAL,316,26.19318389892578,,,TAKE_PROFIT,
2020-04-17 00:00:00-04:00,CVX,SELL_PARTIAL,247,67.48184204101562,,,TAKE_PROFIT,
2020-04-17 00:00:00-04:00,BAC,SELL,1520,20.22090721130371,,,TRAILING_STOP,0.16225681479871942
2020-04-17 00:00:00-04:00,BAC,BUY,2677,20.22090721130371,75.0,100.0,,
2020-04-24 00:00:00-04:00,PFE,SELL_PARTIAL,158,26.52672004699707,,,TAKE_PROFIT,
2020-04-24 00:00:00-04:00,CVX,SELL_PARTIAL,123,67.35799407958984,,,TAKE_PROFIT,
2020-05-01 00:00:00-04:00,BRK-B,SELL,306,182.6699981689453,,,TRAILING_STOP,0.07415030454770422
2020-05-01 00:00:00-04:00,PFE,SELL_PARTIAL,79,26.711227416992188,,,TAKE_PROFIT,
2020-05-01 00:00:00-04:00,CVX,SELL_PARTIAL,62,69.23914337158203,,,TAKE_PROFIT,
2020-05-01 00:00:00-04:00,BRK-B,BUY,295,182.6699981689453,75.0,50.0,,
2020-05-08 00:00:00-04:00,PFE,SELL_PARTIAL,40,26.676401138305664,,,TAKE_PROFIT,
2020-05-08 00:00:00-04:00,CVX,SELL_PARTIAL,31,73.90721130371094,,,TAKE_PROFIT,
2020-05-15 00:00:00-04:00,PFE,SELL_PARTIAL,20,27.063444137573242,,,TAKE_PROFIT,
2020-05-15 00:00:00-04:00,CVX,SELL,31,69.02238464355469,,,TRAILING_STOP,0.2963072896259403
2020-05-15 00:00:00-04:00,BAC,SELL,2677,18.622692108154297,,,TRAILING_STOP,-0.07903775465899938
2020-05-15 00:00:00-04:00,BRK-B,SELL,295,169.25,,,TRAILING_STOP,-0.07346580338022235
2020-05-15 00:00:00-04:00,BAC,BUY,2878,18.622692108154297,75.0,100.0,,
2020-05-15 00:00:00-04:00,BRK-B,BUY,316,169.25,75.0,50.0,,
2020-05-15 00:00:00-04:00,CVX,BUY,776,69.02238464355469,60.0,57.24836919127338,,
2020-05-22 00:00:00-04:00,PFE,SELL_PARTIAL,10,26.87708854675293,,,TAKE_PROFIT,
2020-05-29 00:00:00-04:00,PFE,SELL_PARTIAL,5,27.37162971496582,,,TAKE_PROFIT,
2020-06-05 00:00:00-04:00,PFE,SELL,5,25.79483985900879,,,TRAILING_STOP,0.25297007623296036
2020-06-05 00:00:00-04:00,BAC,SELL_PARTIAL,1439,24.58650016784668,,,TAKE_PROFIT,
2020-06-05 00:00:00-04:00,BRK-B,SELL_PARTIAL,158,200.66000366210938,,,TAKE_PROFIT,
2020-06-05 00:00:00-04:00,PFE,BUY,2145,25.79483985900879,60.0,61.741167939709584,,
2020-06-12 00:00:00-04:00,BAC,SELL,1439,21.673912048339844,,,TRAILING_STOP,0.16384419193879668
2020-06-12 00:00:00-04:00,BRK-B,SELL,158,181.2100067138672,,,TRAILING_STOP,0.07066473686184453
2020-06-12 00:00:00-04:00,CVX,SELL,776,72.57286071777344,,,TRAILING_STOP,0.051439487241046716
2020-06-12 00:00:00-04:00,PFE,SELL,2145,24.189382553100586,,,TRAILING_STOP,-0.06223947559602704
2020-06-12 00:00:00-04:00,BAC,BUY,2516,21.673912048339844,75.0,100.0,,
2020-06-12 00:00:00-04:00,BRK-B,BUY,300,181.2100067138672,75.0,50.0,,
2020-06-12 00:00:00-04:00,PFE,BUY,2254,24.189382553100586,60.0,61.741167939709584,,
2020-06-19 00:00:00-04:00,CVX,BUY,765,71.19037628173828,60.0,57.24836919127338,,
2020-06-26 00:00:00-04:00,BAC,SELL,2516,20.24822425842285,,,TRAILING_STOP,-0.06577897828215075
2020-06-26 00:00:00-04:00,PFE,SELL,2254,22.963783264160156,,,TRAILING_STOP,-0.050666828152805946
2020-06-26 00:00:00-04:00,BAC,BUY,2666,20.24822425842285,75.0,100.0,,
2020-06-26 00:00:00-04:00,PFE,BUY,2351,22.963783264160156,60.0,61.741167939709584,,
2020-07-10 00:00:00-04:00,CVX,SELL,765,66.94864654541016,,,TRAILING_STOP,-0.059582909346360784
2020-07-10 00:00:00-04:00,CVX,BUY,811,66.94864654541016,60.0,57.24836919127338,,
2020-07-24 00:00:00-04:00,PFE,SELL_PARTIAL,1175,26.991762161254883,,,TAKE_PROFIT,
2020-07-31 00:00:00-04:00,PFE,SELL_PARTIAL,588,27.849029541015625,,,TAKE_PROFIT,
2020-07-31 00:00:00-04:00,CVX,SELL,811,65.93534088134766,,,TRAILING_STOP,-0.015135566084598762
2020-07-31 00:00:00-04:00,CVX,BUY,833,65.93534088134766,60.0,57.24836919127338,,
2020-08-07 00:00:00-04:00,BRK-B,SELL_PARTIAL,150,209.47999572753906,,,TAKE_PROFIT,
2020-08-07 00:00:00-04:00,PFE,SELL_PARTIAL,294,27.82731819152832,,,TAKE_PROFIT,
2020-08-14 00:00:00-04:00,BRK-B,SELL_PARTIAL,75,210.9600067138672,,,TAKE_PROFIT,
2020-08-14 00:00:00-04:00,PFE,SELL_PARTIAL,147,27.54506492614746,,,TAKE_PROFIT,
2020-08-21 00:00:00-04:00,BAC,SELL,2666,21.84883689880371,,,TRAILING_STOP,0.0790495314528649
2020-08-21 00:00:00-04:00,PFE,SELL_PARTIAL,73,28.13852882385254,,,TAKE_PROFIT,
2020-08-21 00:00:00-04:00,BAC,BUY,2526,21.84883689880371,75.0,100.0,,
2020-08-28 00:00:00-04:00,BRK-B,SELL_PARTIAL,37,218.5500030517578,,,TAKE_PROFIT,
2020-08-28 00:00:00-04:00,PFE,SELL_PARTIAL,37,27.436506271362305,,,TAKE_PROFIT,
2020-09-04 00:00:00-04:00,BRK-B,SELL_PARTIAL,19,218.32000732421875,,,TAKE_PROFIT,
2020-09-04 00:00:00-04:00,PFE,SELL,37,26.31473159790039,,,TRAILING_STOP,0.14592318239521526
2020-09-04 00:00:00-04:00,CVX,SELL,833,65.28428649902344,,,TRAILING_STOP,-0.00987413386541533
2020-09-04 00:00:00-04:00,PFE,BUY,2102,26.31473159790039,60.0,61.741167939709584,,
2020-09-04 00:00:00-04:00,CVX,BUY,847,65.28428649902344,60.0,57.24836919127338,,
2020-09-11 00:00:00-04:00,BRK-B,SELL_PARTIAL,9,217.92999267578125,,,TAKE_PROFIT,
2020-09-11 00:00:00-04:00,CVX,SELL,847,61.90571975708008,,,TRAILING_STOP,-0.05175160705775498
2020-09-11 00:00:00-04:00,CVX,BUY,889,61.90571975708008,60.0,57.24836919127338,,
2020-09-18 00:00:00-04:00,BRK-B,SELL_PARTIAL,5,218.2100067138672,,,TAKE_PROFIT,
2020-09-18 00:00:00-04:00,BAC,SELL,2526,22.2036075592041,,,TRAILING_STOP,0.016237507838223433
2020-09-18 00:00:00-04:00,BAC,BUY,2479,22.2036075592041,75.0,100.0,,
2020-09-25 00:00:00-04:00,BRK-B,SELL_PARTIAL,2,210.4499969482422,,,TAKE_PROFIT,
2020-09-25 00:00:00-04:00,CVX,SELL,889,57.236297607421875,,,TRAILING_STOP,-0.0754279599361926
2020-09-25 00:00:00-04:00,BAC,SELL,2479,20.688724517822266,,,TRAILING_STOP,-0.06822688778580348
2020-09-25 00:00:00-04:00,BAC,BUY,2638,20.688724517822266,75.0,100.0,,
2020-09-25 00:00:00-04:00,CVX,BUY,953,57.236297607421875,60.0,57.24836919127338,,
2020-10-02 00:00:00-04:00,BRK-B,SELL_PARTIAL,1,211.17999267578125,,,TAKE_PROFIT,
2020-10-09 00:00:00-04:00,BRK-B,SELL_PARTIAL,1,215.67999267578125,,,TAKE_PROFIT,
2020-10-30 00:00:00-04:00,BRK-B,SELL,1,201.89999389648438,,,TRAILING_STOP,0.1141768468409525
2020-10-30 00:00:00-04:00,PFE,SELL,2102,25.6778507232666,,,TRAILING_STOP,-0.024202446156988536
2020-10-30 00:00:00-04:00,BAC,SELL,2638,20.873682022094727,,,TRAILING_STOP,0.00894001484301894
2020-10-30 00:00:00-04:00,CVX,SELL,953,55.37968063354492,,,TRAILING_STOP,-0.03243775456287033
2020-10-30 00:00:00-04:00,BAC,BUY,2609,20.873682022094727,75.0,100.0,,
2020-10-30 00:00:00-04:00,BRK-B,BUY,269,201.89999389648438,75.0,50.0,,
2020-10-30 00:00:00-04:00,PFE,BUY,2121,25.6778507232666,60.0,61.741167939709584,,
2020-11-06 00:00:00-05:00,CVX,BUY,965,56.694454193115234,60.0,57.24836919127338,,
2020-11-13 00:00:00-05:00,CVX,SELL_PARTIAL,482,66.1607894897461,,,TAKE_PROFIT,
2020-11-20 00:00:00-05:00,CVX,SELL_PARTIAL,241,69.36589813232422,,,TAKE_PROFIT,
2020-11-27 00:00:00-05:00,BAC,SELL_PARTIAL,1304,25.53282928466797,,,TAKE_PROFIT,
2020-11-27 00:00:00-05:00,CVX,SELL_PARTIAL,121,73.82914733886719,,,TAKE_PROFIT,
2020-12-04 00:00:00-05:00,BAC,SELL_PARTIAL,652,25.957839965820312,,,TAKE_PROFIT,
2020-12-04 00:00:00-05:00,PFE,SELL_PARTIAL,1060,31.08816146850586,,,TAKE_PROFIT,
2020-12-04 00:00:00-05:00,CVX,SELL_PARTIAL,60,75.42198944091797,,,TAKE_PROFIT,
2020-12-11 00:00:00-05:00,BAC,SELL_PARTIAL,326,25.319747924804688,,,TAKE_PROFIT,
2020-12-11 00:00:00-05:00,PFE,SELL_PARTIAL,530,31.689273834228516,,,TAKE_PROFIT,
2020-12-11 00:00:00-05:00,CVX,SELL_PARTIAL,30,74.75088500976562,,,TAKE_PROFIT,
2020-12-18 00:00:00-05:00,BAC,SELL_PARTIAL,163,25.408370971679688,,,TAKE_PROFIT,
2020-12-18 00:00:00-05:00,PFE,SELL,531,29.038230895996094,,,TRAILING_STOP,0.13086687857736726
2020-12-18 00:00:00-05:00,CVX,SELL,31,70.49789428710938,,,TRAILING_STOP,0.24347072902362255
2020-12-18 00:00:00-05:00,PFE,BUY,1945,29.038230895996094,60.0,61.741167939709584,,
2020-12-18 00:00:00-05:00,CVX,BUY,801,70.49789428710938,60.0,57.24836919127338,,
2020-12-24 00:00:00-05:00,BAC,SELL_PARTIAL,82,26.551612854003906,,,TAKE_PROFIT,
2020-12-31 00:00:00-05:00,BAC,SELL_PARTIAL,41,26.861799240112305,,,TAKE_PROFIT,
2021-01-08 00:00:00-05:00,BAC,SELL_PARTIAL,20,28.829238891601562,,,TAKE_PROFIT,
2021-01-08 00:00:00-05:00,BRK-B,SELL_PARTIAL,134,234.02999877929688,,,TAKE_PROFIT,
2021-01-15 00:00:00-05:00,BAC,SELL_PARTIAL,10,29.25463104248047,,,TAKE_PROFIT,
2021-01-15 00:00:00-05:00,BRK-B,SELL_PARTIAL,67,233.49000549316406,,,TAKE_PROFIT,
2021-01-22 00:00:00-05:00,BAC,SELL_PARTIAL,5,27.960729598999023,,,TAKE_PROFIT,
2021-01-22 00:00:00-05:00,BRK-B,SELL_PARTIAL,34,232.9199981689453,,,TAKE_PROFIT,
2021-01-29 00:00:00-05:00,BAC,SELL,6,26.276878356933594,,,TRAILING_STOP,0.25885209562546757
2021-01-29 00:00:00-05:00,CVX,SELL,801,68.88885498046875,,,TRAILING_STOP,-0.022823934287847798
2021-01-29 00:00:00-05:00,BAC,BUY,2148,26.276878356933594,75.0,100.0,,
2021-01-29 00:00:00-05:00,CVX,BUY,819,68.88885498046875,60.0,57.24836919127338,,
2021-02-05 00:00:00-05:00,BRK-B,SELL_PARTIAL,17,235.16000366210938,,,TAKE_PROFIT,
2021-02-05 00:00:00-05:00,PFE,SELL,1945,27.2039794921875,,,TRAILING_STOP,-0.06316677522050793
2021-02-05 00:00:00-05:00,PFE,BUY,2086,27.2039794921875,60.0,61.741167939709584,,
2021-02-12 00:00:00-05:00,BRK-B,SELL_PARTIAL,8,242.4600067138672,,,TAKE_PROFIT,
2021-02-19 00:00:00-05:00,BRK-B,SELL_PARTIAL,4,241.85000610351562,,,TAKE_PROFIT,
2021-02-19 00:00:00-05:00,BAC,SELL_PARTIAL,1074,30.610580444335938,,,TAKE_PROFIT,
2021-02-26 00:00:00-05:00,BRK-B,SELL_PARTIAL,2,240.50999450683594,,,TAKE_PROFIT,
2021-02-26 00:00:00-05:00,BAC,SELL_PARTIAL,537,30.761232376098633,,,TAKE_PROFIT,
2021-02-26 00:00:00-05:00,CVX,SELL_PARTIAL,409,81.99840545654297,,,TAKE_PROFIT,
2021-03-05 00:00:00-05:00,BRK-B,SELL_PARTIAL,1,253.14999389648438,,,TAKE_PROFIT,
2021-03-05 00:00:00-05:00,BAC,SELL_PARTIAL,268,32.891239166259766,,,TAKE_PROFIT,
2021-03-05 00:00:00-05:00,CVX,SELL_PARTIAL,205,89.37825775146484,,,TAKE_PROFIT,
2021-03-12 00:00:00-05:00,BRK-B,SELL_PARTIAL,1,260.0199890136719,,,TAKE_PROFIT,
2021-03-12 00:00:00-05:00,BAC,SELL_PARTIAL,134,33.79077911376953,,,TAKE_PROFIT,
2021-03-12 00:00:00-05:00,CVX,SELL_PARTIAL,102,91.47742462158203,,,TAKE_PROFIT,
2021-03-19 00:00:00-04:00,BAC,SELL_PARTIAL,67,34.316253662109375,,,TAKE_PROFIT,
2021-03-19 00:00:00-04:00,CVX,SELL,103,84.76995849609375,,,TRAILING_STOP,0.23053226127981927
2021-03-19 00:00:00-04:00,CVX,BUY,679,84.76995849609375,60.0,57.24836919127338,,
2021-03-26 00:00:00-04:00,BAC,SELL_PARTIAL,34,34.44984817504883,,,TAKE_PROFIT,
2021-04-01 00:00:00-04:00,BAC,SELL_PARTIAL,17,35.1712760925293,,,TAKE_PROFIT,
2021-04-09 00:00:00-04:00,BAC,SELL_PARTIAL,8,35.61658477783203,,,TAKE_PROFIT,
2021-04-16 00:00:00-04:00,BAC,SELL_PARTIAL,4,34.86845779418945,,,TAKE_PROFIT,
2021-04-23 00:00:00-04:00,BAC,SELL_PARTIAL,2,34.89516830444336,,,TAKE_PROFIT,
2021-04-23 00:00:00-04:00,CVX,SELL,679,83.26939392089844,,,TRAILING_STOP,-0.017701607996710996
2021-04-23 00:00:00-04:00,CVX,BUY,694,83.26939392089844,60.0,57.24836919127338,,
2021-04-30 00:00:00-04:00,BAC,SELL_PARTIAL,1,36.09752655029297,,,TAKE_PROFIT,
2021-05-07 00:00:00-04:00,BAC,SELL_PARTIAL,1,37.56708908081055,,,TAKE_PROFIT,
2021-05-14 00:00:00-04:00,PFE,SELL_PARTIAL,1043,31.48426628112793,,,TAKE_PROFIT,
2021-05-21 00:00:00-04:00,PFE,SELL_PARTIAL,521,31.42919921875,,,TAKE_PROFIT,
2021-06-11 00:00:00-04:00,PFE,SELL_PARTIAL,261,31.5865421295166,,,TAKE_PROFIT,
2021-06-18 00:00:00-04:00,BRK-B,SELL,1,274.0400085449219,,,TRAILING_STOP,0.3573056801845384
2021-06-18 00:00:00-04:00,BAC,SELL,1,34.68430709838867,,,TRAILING_STOP,0.3199553853868124
2021-06-18 00:00:00-04:00,CVX,SELL,694,85.51708984375,,,TRAILING_STOP,0.02699306212060047
2021-06-18 00:00:00-04:00,BAC,BUY,1673,34.68430709838867,75.0,100.0,,
2021-06-18 00:00:00-04:00,BRK-B,BUY,211,274.0400085449219,75.0,50.0,,
2021-06-18 00:00:00-04:00,CVX,BUY,678,85.51708984375,60.0,57.24836919127338,,
2021-07-16 00:00:00-04:00,PFE,SELL_PARTIAL,130,31.743886947631836,,,TAKE_PROFIT,
2021-07-16 00:00:00-04:00,BAC,SELL,1673,33.91512680053711,,,TRAILING_STOP,-0.022176608449165077
2021-07-16 00:00:00-04:00,CVX,SELL,678,81.85669708251953,,,TRAILING_STOP,-0.04280305571574578
2021-07-16 00:00:00-04:00,BAC,BUY,1707,33.91512680053711,75.0,100.0,,
2021-07-16 00:00:00-04:00,CVX,BUY,707,81.85669708251953,60.0,57.24836919127338,,
2021-07-23 00:00:00-04:00,PFE,SELL_PARTIAL,65,32.79021072387695,,,TAKE_PROFIT,
2021-07-30 00:00:00-04:00,PFE,SELL_PARTIAL,33,33.9842414855957,,,TAKE_PROFIT,
2021-08-06 00:00:00-04:00,PFE,SELL_PARTIAL,16,35.7783203125,,,TAKE_PROFIT,
2021-08-13 00:00:00-04:00,PFE,SELL_PARTIAL,8,38.48530960083008,,,TAKE_PROFIT,
2021-08-20 00:00:00-04:00,PFE,SELL_PARTIAL,4,38.67583084106445,,,TAKE_PROFIT,
2021-08-20 00:00:00-04:00,CVX,SELL,707,79.3262710571289,,,TRAILING_STOP,-0.03091287720587735
2021-08-20 00:00:00-04:00,CVX,BUY,732,79.3262710571289,60.0,57.24836919127338,,
2021-08-27 00:00:00-04:00,PFE,SELL_PARTIAL,2,36.992889404296875,,,TAKE_PROFIT,
2021-09-03 00:00:00-04:00,PFE,SELL_PARTIAL,1,37.183406829833984,,,TAKE_PROFIT,
2021-09-10 00:00:00-04:00,PFE,SELL,2,36.19111251831055,,,TRAILING_STOP,0.3303609690157277
2021-09-10 00:00:00-04:00,PFE,BUY,1604,36.19111251831055,60.0,61.741167939709584,,
2021-10-01 00:00:00-04:00,PFE,SELL,1604,34.079498291015625,,,TRAILING_STOP,-0.058346209341494294
2021-10-01 00:00:00-04:00,PFE,BUY,1711,34.079498291015625,60.0,61.741167939709584,,
2021-10-08 00:00:00-04:00,BAC,SELL_PARTIAL,853,39.86031723022461,,,TAKE_PROFIT,
2021-10-15 00:00:00-04:00,BAC,SELL_PARTIAL,427,41.68523025512695,,,TAKE_PROFIT,
2021-10-15 00:00:00-04:00,CVX,SELL_PARTIAL,366,92.20524597167969,,,TAKE_PROFIT,
2021-10-22 00:00:00-04:00,BAC,SELL_PARTIAL,213,42.76399230957031,,,TAKE_PROFIT,
2021-10-22 00:00:00-04:00,CVX,SELL_PARTIAL,183,94.8886947631836,,,TAKE_PROFIT,
2021-10-29 00:00:00-04:00,BAC,SELL_PARTIAL,107,42.95277786254883,,,TAKE_PROFIT,
2021-10-29 00:00:00-04:00,CVX,SELL_PARTIAL,91,96.31035614013672,,,TAKE_PROFIT,
2021-11-05 00:00:00-04:00,BAC,SELL_PARTIAL,53,42.224605560302734,,,TAKE_PROFIT,
2021-11-05 00:00:00-04:00,CVX,SELL_PARTIAL,46,96.52066040039062,,,TAKE_PROFIT,
2021-11-12 00:00:00-05:00,BAC,SELL_PARTIAL,27,42.17067337036133,,,TAKE_PROFIT,
2021-11-12 00:00:00-05:00,CVX,SELL_PARTIAL,23,96.09164428710938,,,TAKE_PROFIT,
2021-11-12 00:00:00-05:00,PFE,SELL_PARTIAL,855,39.82413101196289,,,TAKE_PROFIT,
2021-11-19 00:00:00-05:00,BAC,SELL_PARTIAL,13,40.813228607177734,,,TAKE_PROFIT,
2021-11-19 00:00:00-05:00,CVX,SELL_PARTIAL,11,95.22806549072266,,,TAKE_PROFIT,
2021-11-19 00:00:00-05:00,PFE,SELL_PARTIAL,428,40.68099594116211,,,TAKE_PROFIT,
2021-11-26 00:00:00-05:00,BAC,SELL_PARTIAL,7,41.13685989379883,,,TAKE_PROFIT,
2021-11-26 00:00:00-05:00,CVX,SELL_PARTIAL,6,97.44049072265625,,,TAKE_PROFIT,
2021-11-26 00:00:00-05:00,PFE,SELL_PARTIAL,214,43.24358367919922,,,TAKE_PROFIT,
2021-12-03 00:00:00-05:00,BAC,SELL,7,39.627620697021484,,,TRAILING_STOP,0.16843498566527274
2021-12-03 00:00:00-05:00,CVX,SELL_PARTIAL,3,97.35541534423828,,,TAKE_PROFIT,
2021-12-03 00:00:00-05:00,PFE,SELL_PARTIAL,107,43.45979690551758,,,TAKE_PROFIT,
2021-12-03 00:00:00-05:00,BAC,BUY,1497,39.627620697021484,75.0,100.0,,
2021-12-10 00:00:00-05:00,CVX,SELL_PARTIAL,1,100.6995849609375,,,TAKE_PROFIT,
2021-12-10 00:00:00-05:00,PFE,SELL_PARTIAL,53,42.266597747802734,,,TAKE_PROFIT,
2021-12-17 00:00:00-05:00,CVX,SELL_PARTIAL,1,96.66612243652344,,,TAKE_PROFIT,
2021-12-17 00:00:00-05:00,PFE,SELL_PARTIAL,27,47.63199996948242,,,TAKE_PROFIT,
2021-12-23 00:00:00-05:00,PFE,SELL_PARTIAL,13,47.015380859375,,,TAKE_PROFIT,
2021-12-31 00:00:00-05:00,PFE,SELL_PARTIAL,7,47.287654876708984,,,TAKE_PROFIT,
2022-01-07 00:00:00-05:00,BRK-B,SELL_PARTIAL,105,319.7799987792969,,,TAKE_PROFIT,
2022-01-07 00:00:00-05:00,PFE,SELL,7,44.620967864990234,,,TRAILING_STOP,0.30931997542797324
2022-01-07 00:00:00-05:00,PFE,BUY,1347,44.620967864990234,60.0,61.741167939709584,,
2022-01-14 00:00:00-05:00,BRK-B,SELL_PARTIAL,53,324.1300048828125,,,TAKE_PROFIT,
2022-01-21 00:00:00-05:00,BRK-B,SELL,53,305.2200012207031,,,TRAILING_STOP,0.1137789800888511
2022-01-21 00:00:00-05:00,BAC,SELL,1497,40.57608413696289,,,TRAILING_STOP,0.023934402905312336
2022-01-21 00:00:00-05:00,PFE,SELL,1347,42.274600982666016,,,TRAILING_STOP,-0.05258440133848343
2022-01-21 00:00:00-05:00,BAC,BUY,1470,40.57608413696289,75.0,100.0,,
2022-01-21 00:00:00-05:00,BRK-B,BUY,195,305.2200012207031,75.0,50.0,,
2022-01-21 00:00:00-05:00,PFE,BUY,1411,42.274600982666016,60.0,61.741167939709584,,
2022-02-11 00:00:00-05:00,PFE,SELL,1411,40.974159240722656,,,TRAILING_STOP,-0.03076177448668489
2022-02-11 00:00:00-05:00,PFE,BUY,1461,40.974159240722656,60.0,61.741167939709584,,
2022-02-25 00:00:00-05:00,BAC,SELL,1470,40.66642379760742,,,TRAILING_STOP,0.0022264262943558935
2022-02-25 00:00:00-05:00,PFE,SELL,1461,38.50505828857422,,,TRAILING_STOP,-0.06025995402718336
2022-02-25 00:00:00-05:00,BAC,BUY,1463,40.66642379760742,75.0,100.0,,
2022-02-25 00:00:00-05:00,PFE,BUY,1545,38.50505828857422,60.0,61.741167939709584,,
2022-03-04 00:00:00-05:00,BAC,SELL,1463,37.170860290527344,,,TRAILING_STOP,-0.08595699303378963
2022-03-04 00:00:00-05:00,BAC,BUY,1597,37.170860290527344,75.0,100.0,,
2022-03-18 00:00:00-04:00,CVX,SELL,1,139.06651306152344,,,TRAILING_STOP,0.7530953013204291
2022-03-18 00:00:00-04:00,CVX,BUY,431,139.06651306152344,60.0,57.24836919127338,,
2022-03-25 00:00:00-04:00,BRK-B,SELL_PARTIAL,97,358.760009765625,,,TAKE_PROFIT,
2022-04-01 00:00:00-04:00,BRK-B,SELL_PARTIAL,49,351.8800048828125,,,TAKE_PROFIT,
2022-04-01 00:00:00-04:00,PFE,SELL,1545,41.61160659790039,,,TRAILING_STOP,0.0806789665410789
2022-04-01 00:00:00-04:00,BAC,SELL,1597,37.12547302246094,,,TRAILING_STOP,-0.0012210443264336495
2022-04-01 00:00:00-04:00,BAC,BUY,1612,37.12547302246094,75.0,100.0,,
2022-04-01 00:00:00-04:00,PFE,BUY,1438,41.61160659790039,60.0,61.741167939709584,,
2022-04-08 00:00:00-04:00,BRK-B,SELL_PARTIAL,24,353.1000061035156,,,TAKE_PROFIT,
2022-04-14 00:00:00-04:00,BAC,SELL,1612,34.102783203125,,,TRAILING_STOP,-0.08141821701523394
2022-04-14 00:00:00-04:00,BAC,BUY,1754,34.102783203125,75.0,100.0,,
2022-04-22 00:00:00-04:00,BRK-B,SELL,25,335.55999755859375,,,TRAILING_STOP,0.099403696404391
2022-04-22 00:00:00-04:00,CVX,SELL,431,138.3958282470703,,,TRAILING_STOP,-0.004822762861368445
2022-04-22 00:00:00-04:00,PFE,SELL,1438,38.83589172363281,,,TRAILING_STOP,-0.06670530414962716
2022-04-22 00:00:00-04:00,BRK-B,BUY,176,335.55999755859375,75.0,50.0,,
2022-04-22 00:00:00-04:00,PFE,BUY,1527,38.83589172363281,60.0,61.741167939709584,,
2022-04-22 00:00:00-04:00,CVX,BUY,428,138.3958282470703,60.0,57.24836919127338,,
2022-04-29 00:00:00-04:00,BAC,SELL,1754,32.38720703125,,,TRAILING_STOP,-0.050306045745785156
2022-04-29 00:00:00-04:00,BAC,BUY,1822,32.38720703125,75.0,100.0,,
2022-05-13 00:00:00-04:00,BRK-B,SELL,176,310.3599853515625,,,TRAILING_STOP,-0.07509837999277895
2022-05-13 00:00:00-04:00,BAC,SELL,1822,31.92428207397461,,,TRAILING_STOP,-0.014293451016900601
2022-05-13 00:00:00-04:00,BAC,BUY,1853,31.92428207397461,75.0,100.0,,
2022-05-13 00:00:00-04:00,BRK-B,BUY,190,310.3599853515625,75.0,50.0,,
2022-06-10 00:00:00-04:00,PFE,SELL,1527,40.64939498901367,,,TRAILING_STOP,0.04669657847143723
2022-06-10 00:00:00-04:00,BAC,SELL,1853,30.282262802124023,,,TRAILING_STOP,-0.05143480652268753
2022-06-10 00:00:00-04:00,BRK-B,SELL,190,291.7099914550781,,,TRAILING_STOP,-0.060091489807742
2022-06-10 00:00:00-04:00,BAC,BUY,1948,30.282262802124023,75.0,100.0,,
2022-06-10 00:00:00-04:00,BRK-B,BUY,202,291.7099914550781,75.0,50.0,,
2022-06-10 00:00:00-04:00,PFE,BUY,1451,40.64939498901367,60.0,61.741167939709584,,
2022-06-17 00:00:00-04:00,CVX,SELL,428,128.6368865966797,,,TRAILING_STOP,-0.07051470968451834
2022-06-17 00:00:00-04:00,BRK-B,SELL,202,268.0799865722656,,,TRAILING_STOP,-0.08100512692398265
2022-06-17 00:00:00-04:00,PFE,SELL,1451,37.85102462768555,,,TRAILING_STOP,-0.0688416238934046
2022-06-17 00:00:00-04:00,BRK-B,BUY,216,268.0799865722656,75.0,50.0,,
2022-06-17 00:00:00-04:00,PFE,BUY,1530,37.85102462768555,60.0,61.741167939709584,,
2022-06-17 00:00:00-04:00,CVX,BUY,450,128.6368865966797,60.0,57.24836919127338,,
2022-07-15 00:00:00-04:00,CVX,SELL,450,119.33457946777344,,,TRAILING_STOP,-0.07231446107734356
2022-07-15 00:00:00-04:00,CVX,BUY,487,119.33457946777344,60.0,57.24836919127338,,
2022-07-29 00:00:00-04:00,CVX,SELL_PARTIAL,243,141.98780822753906,,,TAKE_PROFIT,
2022-08-05 00:00:00-04:00,PFE,SELL,1530,40.390953063964844,,,TRAILING_STOP,0.06710329406569104
2022-08-05 00:00:00-04:00,CVX,SELL,244,133.19699096679688,,,TRAILING_STOP,0.11616424644766953
2022-08-05 00:00:00-04:00,PFE,BUY,1454,40.390953063964844,60.0,61.741167939709584,,
2022-08-05 00:00:00-04:00,CVX,BUY,441,133.19699096679688,60.0,57.24836919127338,,
2022-08-26 00:00:00-04:00,BAC,SELL,1948,31.067394256591797,,,TRAILING_STOP,0.0259271065573311
2022-08-26 00:00:00-04:00,PFE,SELL,1454,38.38248062133789,,,TRAILING_STOP,-0.049725799721691395
2022-08-26 00:00:00-04:00,BAC,BUY,1892,31.067394256591797,75.0,100.0,,
2022-08-26 00:00:00-04:00,PFE,BUY,1532,38.38248062133789,60.0,61.741167939709584,,
2022-09-02 00:00:00-04:00,BRK-B,SELL,216,277.6700134277344,,,TRAILING_STOP,0.035773005579749204
2022-09-02 00:00:00-04:00,BRK-B,BUY,210,277.6700134277344,75.0,50.0,,
2022-09-23 00:00:00-04:00,CVX,SELL,441,126.64759826660156,,,TRAILING_STOP,-0.04917072564971032
2022-09-23 00:00:00-04:00,BAC,SELL,1892,29.158493041992188,,,TRAILING_STOP,-0.06144387903387114
2022-09-23 00:00:00-04:00,PFE,SELL,1532,36.136260986328125,,,TRAILING_STOP,-0.058522002711857805
2022-09-23 00:00:00-04:00,BRK-B,SELL,210,267.7699890136719,,,TRAILING_STOP,-0.03565391988803664
2022-09-23 00:00:00-04:00,BAC,BUY,1983,29.158493041992188,75.0,100.0,,
2022-09-23 00:00:00-04:00,BRK-B,BUY,216,267.7699890136719,75.0,50.0,,
2022-09-23 00:00:00-04:00,PFE,BUY,1600,36.136260986328125,60.0,61.741167939709584,,
2022-09-30 00:00:00-04:00,CVX,BUY,458,125.68533325195312,60.0,57.24836919127338,,
2022-10-21 00:00:00-04:00,CVX,SELL_PARTIAL,229,151.50997924804688,,,TAKE_PROFIT,
2022-10-28 00:00:00-04:00,CVX,SELL_PARTIAL,114,157.44998168945312,,,TAKE_PROFIT,
2022-11-04 00:00:00-04:00,BAC,SELL_PARTIAL,991,33.808414459228516,,,TAKE_PROFIT,
2022-11-04 00:00:00-04:00,CVX,SELL_PARTIAL,57,160.4593963623047,,,TAKE_PROFIT,
2022-11-11 00:00:00-05:00,BAC,SELL_PARTIAL,496,35.297122955322266,,,TAKE_PROFIT,
2022-11-11 00:00:00-05:00,BRK-B,SELL_PARTIAL,108,309.7200012207031,,,TAKE_PROFIT,
2022-11-11 00:00:00-05:00,CVX,SELL_PARTIAL,29,163.1188201904297,,,TAKE_PROFIT,
2022-11-18 00:00:00-05:00,BAC,SELL_PARTIAL,248,34.17599868774414,,,TAKE_PROFIT,
2022-11-18 00:00:00-05:00,BRK-B,SELL_PARTIAL,54,310.760009765625,,,TAKE_PROFIT,
2022-11-18 00:00:00-05:00,CVX,SELL_PARTIAL,14,161.321533203125,,,TAKE_PROFIT,
2022-11-25 00:00:00-05:00,BAC,SELL_PARTIAL,124,34.6446647644043,,,TAKE_PROFIT,
2022-11-25 00:00:00-05:00,BRK-B,SELL_PARTIAL,27,317.42999267578125,,,TAKE_PROFIT,
2022-11-25 00:00:00-05:00,CVX,SELL_PARTIAL,7,161.9474334716797,,,TAKE_PROFIT,
2022-12-02 00:00:00-05:00,BAC,SELL,124,33.34979248046875,,,TRAILING_STOP,0.1437419770781886
2022-12-02 00:00:00-05:00,BRK-B,SELL_PARTIAL,13,316.1499938964844,,,TAKE_PROFIT,
2022-12-02 00:00:00-05:00,PFE,SELL_PARTIAL,800,42.09311294555664,,,TAKE_PROFIT,
2022-12-02 00:00:00-05:00,CVX,SELL_PARTIAL,4,159.59359741210938,,,TAKE_PROFIT,
2022-12-02 00:00:00-05:00,BAC,BUY,1797,33.34979248046875,75.0,100.0,,
2022-12-09 00:00:00-05:00,PFE,SELL_PARTIAL,400,42.76283264160156,,,TAKE_PROFIT,
2022-12-09 00:00:00-05:00,CVX,SELL,4,148.10655212402344,,,TRAILING_STOP,0.1783916889262168
2022-12-09 00:00:00-05:00,BAC,SELL,1797,29.92978286743164,,,TRAILING_STOP,-0.10254965199678626
2022-12-09 00:00:00-05:00,BAC,BUY,1993,29.92978286743164,75.0,100.0,,
2022-12-09 00:00:00-05:00,CVX,BUY,402,148.10655212402344,60.0,57.24836919127338,,
2022-12-16 00:00:00-05:00,BRK-B,SELL,14,300.0,,,TRAILING_STOP,0.1203645378821094
2022-12-16 00:00:00-05:00,PFE,SELL_PARTIAL,200,42.498252868652344,,,TAKE_PROFIT,
2022-12-16 00:00:00-05:00,BRK-B,BUY,198,300.0,75.0,50.0,,
2022-12-23 00:00:00-05:00,PFE,SELL_PARTIAL,100,42.85378646850586,,,TAKE_PROFIT,
2022-12-30 00:00:00-05:00,PFE,SELL_PARTIAL,50,42.365966796875,,,TAKE_PROFIT,
2023-01-06 00:00:00-05:00,PFE,SELL_PARTIAL,25,42.10137939453125,,,TAKE_PROFIT,
2023-01-13 00:00:00-05:00,PFE,SELL,25,39.56306838989258,,,TRAILING_STOP,0.09483015979049297
2023-01-13 00:00:00-05:00,PFE,BUY,1522,39.56306838989258,60.0,61.741167939709584,,
2023-01-20 00:00:00-05:00,PFE,SELL,1522,37.29759216308594,,,TRAILING_STOP,-0.05726239948025406
2023-01-20 00:00:00-05:00,PFE,BUY,1606,37.29759216308594,60.0,61.741167939709584,,
2023-02-03 00:00:00-05:00,CVX,SELL,402,149.38485717773438,,,TRAILING_STOP,0.008630982460792778
2023-02-03 00:00:00-05:00,CVX,BUY,400,149.38485717773438,60.0,57.24836919127338,,
2023-02-24 00:00:00-05:00,BAC,SELL,1993,31.621294021606445,,,TRAILING_STOP,0.05651598481910263
2023-02-24 00:00:00-05:00,PFE,SELL,1606,34.836402893066406,,,TRAILING_STOP,-0.06598788627581735
2023-02-24 00:00:00-05:00,BAC,BUY,1877,31.621294021606445,75.0,100.0,,
2023-02-24 00:00:00-05:00,PFE,BUY,1704,34.836402893066406,60.0,61.741167939709584,,
2023-03-10 00:00:00-05:00,CVX,SELL,400,142.00730895996094,,,TRAILING_STOP,-0.04938618516732131
2023-03-10 00:00:00-05:00,BAC,SELL,1877,28.160913467407227,,,TRAILING_STOP,-0.10943197175405861
2023-03-10 00:00:00-05:00,PFE,SELL,1704,32.86720275878906,,,TRAILING_STOP,-0.05652708002953082
2023-03-10 00:00:00-05:00,BAC,BUY,2088,28.160913467407227,75.0,100.0,,
2023-03-10 00:00:00-05:00,PFE,BUY,1789,32.86720275878906,60.0,61.741167939709584,,
2023-03-10 00:00:00-05:00,CVX,BUY,414,142.00730895996094,60.0,57.24836919127338,,
2023-03-17 00:00:00-04:00,BRK-B,SELL,198,293.510009765625,,,TRAILING_STOP,-0.02163330078125
2023-03-17 00:00:00-04:00,BAC,SELL,2088,25.88161849975586,,,TRAILING_STOP,-0.0809382469176424
2023-03-17 00:00:00-04:00,BAC,BUY,2255,25.88161849975586,75.0,100.0,,
2023-03-17 00:00:00-04:00,BRK-B,BUY,198,293.510009765625,75.0,50.0,,
2023-04-28 00:00:00-04:00,PFE,SELL,1789,32.45000076293945,,,TRAILING_STOP,-0.012693565646928832
2023-04-28 00:00:00-04:00,PFE,BUY,1820,32.45000076293945,60.0,61.741167939709584,,
2023-05-05 00:00:00-04:00,CVX,SELL,414,142.48757934570312,,,TRAILING_STOP,0.0033820117377028817
2023-05-05 00:00:00-04:00,BAC,SELL,2255,25.77928352355957,,,TRAILING_STOP,-0.003953963551284646
2023-05-05 00:00:00-04:00,BAC,BUY,2276,25.77928352355957,75.0,100.0,,
2023-05-05 00:00:00-04:00,CVX,BUY,411,142.48757934570312,60.0,57.24836919127338,,
2023-06-16 00:00:00-04:00,BRK-B,SELL_PARTIAL,99,338.30999755859375,,,TAKE_PROFIT,
2023-06-23 00:00:00-04:00,BAC,SELL,2276,26.022502899169922,,,TRAILING_STOP,0.009434683294750007
2023-06-23 00:00:00-04:00,BAC,BUY,2255,26.022502899169922,75.0,100.0,,
2023-06-30 00:00:00-04:00,BRK-B,SELL_PARTIAL,49,341.0,,,TAKE_PROFIT,
2023-06-30 00:00:00-04:00,PFE,SELL,1820,30.937149047851562,,,TRAILING_STOP,-0.046621007073001076
2023-06-30 00:00:00-04:00,PFE,BUY,1900,30.937149047851562,60.0,61.741167939709584,,
2023-07-07 00:00:00-04:00,BRK-B,SELL_PARTIAL,25,340.8999938964844,,,TAKE_PROFIT,
2023-07-14 00:00:00-04:00,BRK-B,SELL_PARTIAL,12,341.0899963378906,,,TAKE_PROFIT,
2023-07-21 00:00:00-04:00,BRK-B,SELL_PARTIAL,6,345.760009765625,,,TAKE_PROFIT,
2023-07-21 00:00:00-04:00,BAC,SELL_PARTIAL,1127,29.989177703857422,,,TAKE_PROFIT,
2023-07-28 00:00:00-04:00,BRK-B,SELL_PARTIAL,3,349.80999755859375,,,TAKE_PROFIT,
2023-08-04 00:00:00-04:00,BRK-B,SELL_PARTIAL,2,349.989990234375,,,TAKE_PROFIT,
2023-08-04 00:00:00-04:00,PFE,SELL,1900,29.866127014160156,,,TRAILING_STOP,-0.0346192867363059
2023-08-04 00:00:00-04:00,PFE,BUY,1977,29.866127014160156,60.0,61.741167939709584,,
2023-08-11 00:00:00-04:00,BRK-B,SELL_PARTIAL,1,358.3500061035156,,,TAKE_PROFIT,
2023-08-18 00:00:00-04:00,BAC,SELL,1128,27.29784393310547,,,TRAILING_STOP,0.049009160989515285
2023-08-18 00:00:00-04:00,BAC,BUY,2165,27.29784393310547,75.0,100.0,,
2023-09-08 00:00:00-04:00,PFE,SELL,1977,29.209449768066406,,,TRAILING_STOP,-0.021987358648223976
2023-09-08 00:00:00-04:00,PFE,BUY,2019,29.209449768066406,60.0,61.741167939709584,,
2023-09-29 00:00:00-04:00,BAC,SELL,2165,25.88949966430664,,,TRAILING_STOP,-0.051591776707714934
2023-09-29 00:00:00-04:00,BAC,BUY,2271,25.88949966430664,75.0,100.0,,
2023-10-06 00:00:00-04:00,BRK-B,SELL,1,346.3399963378906,,,TRAILING_STOP,0.17999381559235977
2023-10-06 00:00:00-04:00,BRK-B,BUY,169,346.3399963378906,75.0,50.0,,
2023-10-13 00:00:00-04:00,PFE,SELL,2019,27.38439178466797,,,TRAILING_STOP,-0.06248176524686558
2023-10-13 00:00:00-04:00,PFE,BUY,2138,27.38439178466797,60.0,61.741167939709584,,
2023-10-27 00:00:00-04:00,CVX,SELL,411,130.8850555419922,,,TRAILING_STOP,-0.08142831716974372
2023-10-27 00:00:00-04:00,BAC,SELL,2271,23.799802780151367,,,TRAILING_STOP,-0.0807160011298441
2023-10-27 00:00:00-04:00,PFE,SELL,2138,25.678730010986328,,,TRAILING_STOP,-0.06228591042276171
2023-10-27 00:00:00-04:00,BAC,BUY,2424,23.799802780151367,75.0,100.0,,
2023-10-27 00:00:00-04:00,PFE,BUY,2247,25.678730010986328,60.0,61.741167939709584,,
2023-10-27 00:00:00-04:00,CVX,BUY,440,130.8850555419922,60.0,57.24836919127338,,
2023-11-17 00:00:00-05:00,BAC,SELL_PARTIAL,1212,28.347963333129883,,,TAKE_PROFIT,
2023-11-24 00:00:00-05:00,BAC,SELL_PARTIAL,606,28.111570358276367,,,TAKE_PROFIT,
2023-12-01 00:00:00-05:00,BAC,SELL_PARTIAL,303,29.508264541625977,,,TAKE_PROFIT,
2023-12-01 00:00:00-05:00,PFE,SELL,2247,24.987747192382812,,,TRAILING_STOP,-0.0269087613876499
2023-12-01 00:00:00-05:00,PFE,BUY,2338,24.987747192382812,60.0,61.741167939709584,,
2023-12-08 00:00:00-05:00,BAC,SELL_PARTIAL,151,29.508264541625977,,,TAKE_PROFIT,
2023-12-15 00:00:00-05:00,BAC,SELL_PARTIAL,76,32.02447509765625,,,TAKE_PROFIT,
2023-12-15 00:00:00-05:00,PFE,SELL,2338,23.017074584960938,,,TRAILING_STOP,-0.07886555727691245
2023-12-15 00:00:00-05:00,PFE,BUY,2533,23.017074584960938,60.0,61.741167939709584,,
2023-12-22 00:00:00-05:00,BAC,SELL_PARTIAL,38,31.86244010925293,,,TAKE_PROFIT,
2023-12-29 00:00:00-05:00,BAC,SELL_PARTIAL,19,32.091190338134766,,,TAKE_PROFIT,
2024-01-05 00:00:00-05:00,BAC,SELL_PARTIAL,9,32.815555572509766,,,TAKE_PROFIT,
2024-01-12 00:00:00-05:00,BAC,SELL_PARTIAL,5,31.261985778808594,,,TAKE_PROFIT,
2024-01-19 00:00:00-05:00,BAC,SELL,5,30.709186553955078,,,TRAILING_STOP,0.29031264828656567
2024-01-19 00:00:00-05:00,CVX,SELL,440,130.32383728027344,,,TRAILING_STOP,-0.004287871211841239
2024-01-19 00:00:00-05:00,BAC,BUY,1902,30.709186553955078,75.0,100.0,,
2024-01-19 00:00:00-05:00,CVX,BUY,448,130.32383728027344,60.0,57.24836919127338,,
2024-01-26 00:00:00-05:00,PFE,SELL,2533,24.10041046142578,,,TRAILING_STOP,0.04706661884706589
2024-01-26 00:00:00-05:00,PFE,BUY,2439,24.10041046142578,60.0,61.741167939709584,,
2024-02-09 00:00:00-05:00,BRK-B,SELL_PARTIAL,84,398.3599853515625,,,TAKE_PROFIT,
2024-02-16 00:00:00-05:00,BRK-B,SELL_PARTIAL,42,405.989990234375,,,TAKE_PROFIT,
2024-02-23 00:00:00-05:00,BRK-B,SELL_PARTIAL,21,417.2200012207031,,,TAKE_PROFIT,
2024-03-01 00:00:00-05:00,BRK-B,SELL_PARTIAL,11,407.1099853515625,,,TAKE_PROFIT,
2024-03-08 00:00:00-05:00,BRK-B,SELL_PARTIAL,5,403.1499938964844,,,TAKE_PROFIT,
2024-03-15 00:00:00-04:00,BRK-B,SELL_PARTIAL,3,408.1300048828125,,,TAKE_PROFIT,
2024-03-22 00:00:00-04:00,BRK-B,SELL_PARTIAL,1,411.6000061035156,,,TAKE_PROFIT,
2024-03-22 00:00:00-04:00,BAC,SELL_PARTIAL,951,35.56145095825195,,,TAKE_PROFIT,
2024-03-28 00:00:00-04:00,BRK-B,SELL_PARTIAL,1,420.5199890136719,,,TAKE_PROFIT,
2024-03-28 00:00:00-04:00,BAC,SELL_PARTIAL,475,36.39649963378906,,,TAKE_PROFIT,
2024-04-05 00:00:00-04:00,BAC,SELL_PARTIAL,238,35.61904525756836,,,TAKE_PROFIT,
2024-04-12 00:00:00-04:00,BAC,SELL,238,34.35207748413086,,,TRAILING_STOP,0.11862544531341904
2024-04-12 00:00:00-04:00,PFE,SELL,2439,22.687898635864258,,,TRAILING_STOP,-0.05860945098102529
2024-04-12 00:00:00-04:00,BAC,BUY,1727,34.35207748413086,75.0,100.0,,
2024-04-12 00:00:00-04:00,PFE,BUY,2616,22.687898635864258,60.0,61.741167939709584,,
2024-04-26 00:00:00-04:00,CVX,SELL_PARTIAL,224,153.6510467529297,,,TAKE_PROFIT,
2024-05-10 00:00:00-04:00,CVX,SELL_PARTIAL,112,153.5862274169922,,,TAKE_PROFIT,
2024-05-17 00:00:00-04:00,CVX,SELL_PARTIAL,56,152.19004821777344,,,TAKE_PROFIT,
2024-05-31 00:00:00-04:00,CVX,SELL_PARTIAL,28,151.84390258789062,,,TAKE_PROFIT,
2024-06-14 00:00:00-04:00,CVX,SELL,28,142.74075317382812,,,TRAILING_STOP,0.09527739631277864
2024-06-14 00:00:00-04:00,CVX,BUY,420,142.74075317382812,60.0,57.24836919127338,,
2024-07-12 00:00:00-04:00,BAC,SELL_PARTIAL,863,40.161842346191406,,,TAKE_PROFIT,
2024-07-19 00:00:00-04:00,BAC,SELL_PARTIAL,432,41.42686462402344,,,TAKE_PROFIT,
2024-07-19 00:00:00-04:00,PFE,SELL_PARTIAL,1308,26.69028091430664,,,TAKE_PROFIT,
2024-07-26 00:00:00-04:00,BAC,SELL_PARTIAL,216,40.23910140991211,,,TAKE_PROFIT,
2024-07-26 00:00:00-04:00,PFE,SELL_PARTIAL,654,27.789461135864258,,,TAKE_PROFIT,
2024-08-02 00:00:00-04:00,BAC,SELL,216,36.28954315185547,,,TRAILING_STOP,0.05640024736843449
2024-08-02 00:00:00-04:00,PFE,SELL_PARTIAL,327,27.482398986816406,,,TAKE_PROFIT,
2024-08-02 00:00:00-04:00,CVX,SELL,420,138.97972106933594,,,TRAILING_STOP,-0.026348691742659112
2024-08-02 00:00:00-04:00,BAC,BUY,1665,36.28954315185547,75.0,100.0,,
2024-08-02 00:00:00-04:00,CVX,BUY,434,138.97972106933594,60.0,57.24836919127338,,
2024-08-09 00:00:00-04:00,PFE,SELL,327,25.784503936767578,,,TRAILING_STOP,0.13648709166957895
2024-08-09 00:00:00-04:00,PFE,BUY,2342,25.784503936767578,60.0,61.741167939709584,,
2024-09-06 00:00:00-04:00,CVX,SELL,434,131.0841827392578,,,TRAILING_STOP,-0.05681072223579367
2024-09-06 00:00:00-04:00,CVX,BUY,460,131.0841827392578,60.0,57.24836919127338,,
2024-09-13 00:00:00-04:00,BRK-B,SELL,1,447.6099853515625,,,TRAILING_STOP,0.29240050264039524
2024-09-13 00:00:00-04:00,BRK-B,BUY,135,447.6099853515625,75.0,50.0,,
2024-11-08 00:00:00-05:00,BAC,SELL_PARTIAL,832,43.864410400390625,,,TAKE_PROFIT,
2024-11-08 00:00:00-05:00,PFE,SELL,2342,24.506593704223633,,,TRAILING_STOP,-0.0495611719224003
2024-11-08 00:00:00-05:00,PFE,BUY,2497,24.506593704223633,60.0,61.741167939709584,,
2024-11-15 00:00:00-05:00,BAC,SELL_PARTIAL,416,45.43898391723633,,,TAKE_PROFIT,
2024-11-15 00:00:00-05:00,CVX,SELL_PARTIAL,230,152.7108154296875,,,TAKE_PROFIT,
2024-11-15 00:00:00-05:00,PFE,SELL,2497,22.745641708374023,,,TRAILING_STOP,-0.07185625293759675
2024-11-15 00:00:00-05:00,PFE,BUY,2690,22.745641708374023,60.0,61.741167939709584,,
2024-11-22 00:00:00-05:00,BAC,SELL_PARTIAL,208,45.681968688964844,,,TAKE_PROFIT,
2024-11-22 00:00:00-05:00,CVX,SELL_PARTIAL,115,155.1669464111328,,,TAKE_PROFIT,
2024-11-29 00:00:00-05:00,BAC,SELL_PARTIAL,104,46.17766571044922,,,TAKE_PROFIT,
2024-11-29 00:00:00-05:00,CVX,SELL_PARTIAL,57,154.75599670410156,,,TAKE_PROFIT,
2024-12-06 00:00:00-05:00,BAC,SELL_PARTIAL,52,45.691741943359375,,,TAKE_PROFIT,
2024-12-13 00:00:00-05:00,BAC,SELL_PARTIAL,26,44.63618850708008,,,TAKE_PROFIT,
2024-12-13 00:00:00-05:00,CVX,SELL,58,147.05308532714844,,,TRAILING_STOP,0.1218217351185283
2024-12-13 00:00:00-05:00,BRK-B,SELL,135,457.8999938964844,,,TRAILING_STOP,0.02298878238125068
2024-12-13 00:00:00-05:00,BRK-B,BUY,133,457.8999938964844,75.0,50.0,,
2024-12-13 00:00:00-05:00,CVX,BUY,416,147.05308532714844,60.0,57.24836919127338,,
2024-12-20 00:00:00-05:00,BAC,SELL,27,43.170143127441406,,,TRAILING_STOP,0.1896028270952244
2024-12-20 00:00:00-05:00,CVX,SELL,416,136.5213165283203,,,TRAILING_STOP,-0.07161882238239435
2024-12-20 00:00:00-05:00,BAC,BUY,1414,43.170143127441406,75.0,100.0,,
2024-12-20 00:00:00-05:00,CVX,BUY,447,136.5213165283203,60.0,57.24836919127338,,
2025-01-31 00:00:00-05:00,CVX,SELL,447,142.58041381835938,,,TRAILING_STOP,0.04438206020949226
2025-01-31 00:00:00-05:00,CVX,BUY,431,142.58041381835938,60.0,57.24836919127338,,
2025-02-21 00:00:00-05:00,BAC,SELL,1414,43.795658111572266,,,TRAILING_STOP,0.01448952768778861
2025-02-21 00:00:00-05:00,BAC,BUY,1406,43.795658111572266,75.0,100.0,,
2025-03-07 00:00:00-05:00,BAC,SELL,1406,40.718196868896484,,,TRAILING_STOP,-0.07026863792834784
2025-03-07 00:00:00-05:00,BAC,BUY,1511,40.718196868896484,75.0,100.0,,
2025-03-28 00:00:00-04:00,PFE,SELL,2690,23.50392723083496,,,TRAILING_STOP,0.033337618352696004
2025-03-28 00:00:00-04:00,PFE,BUY,2627,23.50392723083496,60.0,61.741167939709584,,
2025-04-04 00:00:00-04:00,BRK-B,SELL,133,493.5400085449219,,,TRAILING_STOP,0.07783362114762224
2025-04-04 00:00:00-04:00,CVX,SELL,431,138.4510498046875,,,TRAILING_STOP,-0.02896164980228271
2025-04-04 00:00:00-04:00,BAC,SELL,1511,33.82364273071289,,,TRAILING_STOP,-0.16932366038659621
2025-04-04 00:00:00-04:00,PFE,SELL,2627,21.41551971435547,,,TRAILING_STOP,-0.08885355608741403
2025-04-04 00:00:00-04:00,BAC,BUY,1781,33.82364273071289,75.0,100.0,,
2025-04-04 00:00:00-04:00,BRK-B,BUY,122,493.5400085449219,75.0,50.0,,
2025-04-04 00:00:00-04:00,PFE,BUY,2814,21.41551971435547,60.0,61.741167939709584,,
2025-04-11 00:00:00-04:00,CVX,BUY,461,131.0588836669922,60.0,57.24836919127338,,
2025-04-25 00:00:00-04:00,BAC,SELL_PARTIAL,890,39.036354064941406,,,TAKE_PROFIT,
2025-05-02 00:00:00-04:00,BAC,SELL_PARTIAL,445,40.39363098144531,,,TAKE_PROFIT,
2025-05-09 00:00:00-04:00,BAC,SELL_PARTIAL,223,41.101776123046875,,,TAKE_PROFIT,
2025-05-09 00:00:00-04:00,PFE,SELL,2814,21.16849136352539,,,TRAILING_STOP,-0.011535015452577953
2025-05-09 00:00:00-04:00,PFE,BUY,2878,21.16849136352539,60.0,61.741167939709584,,
2025-05-16 00:00:00-04:00,BAC,SELL_PARTIAL,111,43.954017639160156,,,TAKE_PROFIT,
2025-05-23 00:00:00-04:00,BAC,SELL_PARTIAL,56,42.488555908203125,,,TAKE_PROFIT,
2025-05-23 00:00:00-04:00,BRK-B,SELL,122,503.4599914550781,,,TRAILING_STOP,0.02009965299348844
2025-05-23 00:00:00-04:00,BRK-B,BUY,121,503.4599914550781,75.0,50.0,,
2025-05-30 00:00:00-04:00,BAC,SELL_PARTIAL,28,43.40324020385742,,,TAKE_PROFIT,
2025-06-06 00:00:00-04:00,BAC,SELL_PARTIAL,14,44.490047454833984,,,TAKE_PROFIT,
2025-06-13 00:00:00-04:00,BAC,SELL_PARTIAL,7,43.619441986083984,,,TAKE_PROFIT,
2025-06-20 00:00:00-04:00,BAC,SELL_PARTIAL,3,45.0143928527832,,,TAKE_PROFIT,
2025-06-27 00:00:00-04:00,BAC,SELL_PARTIAL,2,46.617103576660156,,,TAKE_PROFIT,
2025-07-03 00:00:00-04:00,BAC,SELL_PARTIAL,1,48.40778732299805,,,TAKE_PROFIT,
2025-07-11 00:00:00-04:00,CVX,SELL_PARTIAL,230,151.90357971191406,,,TAKE_PROFIT,
2025-07-11 00:00:00-04:00,PFE,SELL_PARTIAL,1439,24.370365142822266,,,TAKE_PROFIT,
2025-07-11 00:00:00-04:00,BRK-B,SELL,121,475.8599853515625,,,TRAILING_STOP,-0.05482065421672791
2025-07-11 00:00:00-04:00,BRK-B,BUY,129,475.8599853515625,75.0,50.0,,
2025-07-25 00:00:00-04:00,CVX,SELL_PARTIAL,115,151.4438934326172,,,TAKE_PROFIT,
2025-08-01 00:00:00-04:00,BAC,SELL,1,45.17268371582031,,,TRAILING_STOP,0.3355357397623571
2025-08-01 00:00:00-04:00,PFE,SELL,1439,22.703229904174805,,,TRAILING_STOP,0.07250108258984685
2025-08-01 00:00:00-04:00,BAC,BUY,1359,45.17268371582031,75.0,100.0,,
2025-08-01 00:00:00-04:00,PFE,BUY,2705,22.703229904174805,60.0,61.741167939709584,,
2025-08-08 00:00:00-04:00,CVX,SELL_PARTIAL,58,151.6101531982422,,,TAKE_PROFIT,
2025-08-15 00:00:00-04:00,CVX,SELL_PARTIAL,29,153.11639404296875,,,TAKE_PROFIT,
2025-08-22 00:00:00-04:00,CVX,SELL_PARTIAL,14,156.43287658691406,,,TAKE_PROFIT,
2025-08-29 00:00:00-04:00,CVX,SELL_PARTIAL,7,158.82615661621094,,,TAKE_PROFIT,
2025-09-05 00:00:00-04:00,CVX,SELL_PARTIAL,4,151.9628143310547,,,TAKE_PROFIT,
2025-09-12 00:00:00-04:00,CVX,SELL_PARTIAL,2,155.3747100830078,,,TAKE_PROFIT,
2025-09-12 00:00:00-04:00,PFE,SELL,2705,23.07050323486328,,,TRAILING_STOP,0.016177140091460738
2025-09-12 00:00:00-04:00,PFE,BUY,2686,23.07050323486328,60.0,61.741167939709584,,
2025-09-19 00:00:00-04:00,CVX,SELL_PARTIAL,1,154.48464965820312,,,TAKE_PROFIT,
2025-09-19 00:00:00-04:00,BAC,SELL_PARTIAL,679,51.97987365722656,,,TAKE_PROFIT,
2025-10-10 00:00:00-04:00,CVX,SELL,1,147.25538635253906,,,TRAILING_STOP,0.12358187581316964
2025-10-10 00:00:00-04:00,BAC,SELL,680,48.39848709106445,,,TRAILING_STOP,0.07141048770840251
2025-10-10 00:00:00-04:00,PFE,SELL,2686,23.950023651123047,,,TRAILING_STOP,0.03812315697260853
2025-10-10 00:00:00-04:00,BAC,BUY,1282,48.39848709106445,75.0,100.0,,
2025-10-10 00:00:00-04:00,PFE,BUY,2590,23.950023651123047,60.0,61.741167939709584,,
2025-10-10 00:00:00-04:00,CVX,BUY,421,147.25538635253906,60.0,57.24836919127338,,
2025-10-31 00:00:00-04:00,BRK-B,SELL,129,477.5400085449219,,,TRAILING_STOP,0.003530498980951685
2025-10-31 00:00:00-04:00,BRK-B,BUY,130,477.5400085449219,75.0,50.0,,
2025-12-19 00:00:00-05:00,CVX,SELL,421,147.75,,,TRAILING_STOP,0.0033588832280593115
2025-12-19 00:00:00-05:00,CVX,BUY,423,147.75,60.0,57.24836919127338,,
2025-12-26 00:00:00-05:00,BAC,SELL_PARTIAL,641,56.16999816894531,,,TAKE_PROFIT,
2026-01-02 00:00:00-05:00,BAC,SELL_PARTIAL,320,55.95000076293945,,,TAKE_PROFIT,
2026-01-09 00:00:00-05:00,BAC,SELL_PARTIAL,160,55.849998474121094,,,TAKE_PROFIT,
2026-01-16 00:00:00-05:00,BAC,SELL,161,52.970001220703125,,,TRAILING_STOP,0.09445572381295955
2026-01-16 00:00:00-05:00,BAC,BUY,1190,52.970001220703125,75.0,100.0,,
2026-01-23 00:00:00-05:00,BRK-B,SELL,130,478.9700012207031,,,TRAILING_STOP,0.0029944981576276275
2026-01-23 00:00:00-05:00,BRK-B,BUY,131,478.9700012207031,75.0,50.0,,
2026-01-30 00:00:00-05:00,CVX,SELL_PARTIAL,211,176.89999389648438,,,TAKE_PROFIT,
2026-02-06 00:00:00-05:00,CVX,SELL_PARTIAL,106,180.86000061035156,,,TAKE_PROFIT,
