date,symbol,action,shares,price,score,pnl_pct,reason
2016-02-12 00:00:00-05:00,BAC,BUY,24744,9.598163604736328,88.0,,
2016-02-12 00:00:00-05:00,WFC,BUY,6638,35.77353286743164,83.19999999999999,,
2016-02-12 00:00:00-05:00,BRK-B,BUY,1854,128.07000732421875,79.0849466385969,,
2016-02-12 00:00:00-05:00,VZ,BUY,8026,29.59049415588379,77.27042873633857,,
2016-04-08 00:00:00-04:00,BAC,SELL,24744,10.384498596191406,,0.08192556658099177,STOP_LOSS
2016-04-08 00:00:00-04:00,WFC,SELL,6638,35.592063903808594,,-0.005072715750371329,STOP_LOSS
2016-04-08 00:00:00-04:00,BAC,BUY,11776,10.384498596191406,88.0,,
2016-04-08 00:00:00-04:00,WFC,BUY,3436,35.592063903808594,83.19999999999999,,
2016-04-08 00:00:00-04:00,JPM,BUY,2749,44.47941589355469,70.24459860016623,,
2016-04-08 00:00:00-04:00,PFE,BUY,6144,19.90224266052246,63.69646717588384,,
2016-04-22 00:00:00-04:00,VZ,SELL,8026,30.1654109954834,,0.019429105731419243,STOP_LOSS
2016-04-22 00:00:00-04:00,VZ,BUY,1981,30.1654109954834,77.27042873633857,,
2016-04-22 00:00:00-04:00,XOM,BUY,1048,56.9962158203125,62.272203422129294,,
2016-04-22 00:00:00-04:00,CVX,BUY,887,67.3462905883789,58.89934767609792,,
2016-05-06 00:00:00-04:00,BAC,SELL,11776,11.376187324523926,,0.09549702560470555,STOP_LOSS
2016-05-06 00:00:00-04:00,BAC,BUY,4272,11.376187324523926,88.0,,
2016-06-10 00:00:00-04:00,BAC,SELL,4272,11.188261985778809,,-0.01651918462523924,STOP_LOSS
2016-06-10 00:00:00-04:00,BAC,BUY,4314,11.188261985778809,88.0,,
2016-06-17 00:00:00-04:00,WFC,SELL,3436,35.50652313232422,,-0.002403366427851956,STOP_LOSS
2016-06-17 00:00:00-04:00,WFC,BUY,1882,35.50652313232422,83.19999999999999,,
2016-06-24 00:00:00-04:00,JPM,SELL,2749,45.9122428894043,,0.03221326015787977,STOP_LOSS
2016-06-24 00:00:00-04:00,BAC,SELL,4314,10.516803741455078,,-0.06001452640072323,STOP_LOSS
2016-06-24 00:00:00-04:00,BAC,BUY,8853,10.516803741455078,88.0,,
2016-06-24 00:00:00-04:00,JPM,BUY,2028,45.9122428894043,70.24459860016623,,
2016-07-29 00:00:00-04:00,XOM,SELL,1048,58.407649993896484,,0.02476364708200457,STOP_LOSS
2016-07-29 00:00:00-04:00,XOM,BUY,1048,58.407649993896484,62.272203422129294,,
2016-08-05 00:00:00-04:00,CVX,SELL,887,67.05744934082031,,-0.004288896166887555,STOP_LOSS
2016-08-05 00:00:00-04:00,CVX,BUY,906,67.05744934082031,58.89934767609792,,
2016-08-19 00:00:00-04:00,VZ,SELL,1981,31.615211486816406,,0.04806168533722558,STOP_LOSS
2016-08-19 00:00:00-04:00,VZ,BUY,1933,31.615211486816406,77.27042873633857,,
2016-08-26 00:00:00-04:00,BAC,SELL_30,2655,12.773872375488281,,,TP_20%
2016-09-09 00:00:00-04:00,PFE,SELL,6144,21.244176864624023,,0.06742628089664418,STOP_LOSS
2016-09-09 00:00:00-04:00,PFE,BUY,4093,21.244176864624023,63.69646717588384,,
2016-09-16 00:00:00-04:00,WFC,SELL,1882,34.89302444458008,,-0.017278478251947664,STOP_LOSS
2016-09-16 00:00:00-04:00,WFC,BUY,2343,34.89302444458008,83.19999999999999,,
2016-09-23 00:00:00-04:00,XOM,SELL,1048,55.26343536376953,,-0.05383223996266789,STOP_LOSS
2016-09-23 00:00:00-04:00,XOM,BUY,1370,55.26343536376953,62.272203422129294,,
2016-10-21 00:00:00-04:00,VZ,SELL,1933,29.38478660583496,,-0.07054910519613433,STOP_LOSS
2016-10-21 00:00:00-04:00,PFE,SELL,4093,20.048025131225586,,-0.056304922568700656,STOP_LOSS
2016-10-21 00:00:00-04:00,VZ,BUY,3113,29.38478660583496,77.27042873633857,,
2016-10-21 00:00:00-04:00,PFE,BUY,4563,20.048025131225586,63.69646717588384,,
2016-11-04 00:00:00-04:00,BRK-B,SELL,1854,142.9499969482422,,0.116186372866784,STOP_LOSS
2016-11-04 00:00:00-04:00,PFE,SELL,4563,18.689891815185547,,-0.06774399508930648,STOP_LOSS
2016-11-04 00:00:00-04:00,BRK-B,BUY,932,142.9499969482422,79.0849466385969,,
2016-11-04 00:00:00-04:00,PFE,BUY,7134,18.689891815185547,63.69646717588384,,
2016-11-11 00:00:00-05:00,BAC,SELL_40,2479,15.458502769470215,,,TP_35%
2016-11-11 00:00:00-05:00,JPM,SELL_30,608,59.97003936767578,,,TP_20%
2016-11-11 00:00:00-05:00,DIS,BUY_FORZADO,165,90.68930053710938,72.0,,
2016-11-11 00:00:00-05:00,UNH,BUY_FORZADO,118,126.40885925292969,62.0,,
2016-11-18 00:00:00-05:00,BAC,SELL_ALL,3719,16.25499725341797,,,TP_50%
2016-11-18 00:00:00-05:00,BAC,BUY,5659,16.25499725341797,88.0,,
2016-12-02 00:00:00-05:00,JPM,SELL_40,568,63.80957794189453,,,TP_35%
2016-12-09 00:00:00-05:00,WFC,SELL_30,702,44.25266647338867,,,TP_20%
2016-12-23 00:00:00-05:00,CVX,SELL_30,271,80.63823699951172,,,TP_20%
2017-01-13 00:00:00-05:00,XOM,SELL,1370,57.690250396728516,,0.04391357535022142,STOP_LOSS
2017-01-13 00:00:00-05:00,XOM,BUY,1912,57.690250396728516,62.272203422129294,,
2017-01-20 00:00:00-05:00,PFE,SELL,7134,19.990001678466797,,0.0695621930901125,STOP_LOSS
2017-01-20 00:00:00-05:00,PFE,BUY,5925,19.990001678466797,63.69646717588384,,
2017-01-27 00:00:00-05:00,VZ,SELL,3113,30.561569213867188,,0.040047342314153536,STOP_LOSS
2017-01-27 00:00:00-05:00,VZ,BUY,3682,30.561569213867188,77.27042873633857,,
2017-02-17 00:00:00-05:00,JPM,SELL_ALL,852,70.94847106933594,,,TP_50%
2017-02-17 00:00:00-05:00,CVX,SELL,635,75.84844970703125,,0.13109655157819336,STOP_LOSS
2017-02-17 00:00:00-05:00,BAC,SELL_30,1697,20.002561569213867,,,TP_20%
2017-02-17 00:00:00-05:00,JPM,BUY,1687,70.94847106933594,70.24459860016623,,
2017-02-17 00:00:00-05:00,CVX,BUY,1578,75.84844970703125,58.89934767609792,,
2017-02-24 00:00:00-05:00,XOM,SELL,1912,54.66472625732422,,-0.05244428856866025,STOP_LOSS
2017-02-24 00:00:00-05:00,XOM,BUY,1571,54.66472625732422,62.272203422129294,,
2017-03-03 00:00:00-05:00,BRK-B,SELL_30,279,175.67999267578125,,,TP_20%
2017-03-17 00:00:00-04:00,CVX,SELL,1578,74.02668762207031,,-0.02401844852462499,STOP_LOSS
2017-03-17 00:00:00-04:00,CVX,BUY,1428,74.02668762207031,58.89934767609792,,
2017-03-24 00:00:00-04:00,WFC,SELL,1641,43.53179168701172,,0.24757863154431994,STOP_LOSS
2017-03-24 00:00:00-04:00,BAC,SELL,3962,18.917987823486328,,0.16382596247491873,STOP_LOSS
2017-03-24 00:00:00-04:00,JPM,SELL,1687,68.63671875,,-0.032583539637897584,STOP_LOSS
2017-03-24 00:00:00-04:00,BAC,BUY,7666,18.917987823486328,88.0,,
2017-03-24 00:00:00-04:00,WFC,BUY,3331,43.53179168701172,83.19999999999999,,
2017-03-24 00:00:00-04:00,JPM,BUY,2112,68.63671875,70.24459860016623,,
2017-03-31 00:00:00-04:00,BRK-B,SELL,653,166.67999267578125,,0.1660020722919705,STOP_LOSS
2017-03-31 00:00:00-04:00,BRK-B,BUY,380,166.67999267578125,79.0849466385969,,
2017-04-13 00:00:00-04:00,BAC,SELL,7666,18.27974510192871,,-0.03373734709593432,STOP_LOSS
2017-04-13 00:00:00-04:00,WFC,SELL,3331,40.038639068603516,,-0.0802437134571337,STOP_LOSS
2017-04-13 00:00:00-04:00,BAC,BUY,6353,18.27974510192871,88.0,,
2017-04-13 00:00:00-04:00,WFC,BUY,2900,40.038639068603516,83.19999999999999,,
2017-04-21 00:00:00-04:00,VZ,SELL,3682,29.46097183227539,,-0.036012463034535716,STOP_LOSS
2017-04-21 00:00:00-04:00,VZ,BUY,2889,29.46097183227539,77.27042873633857,,
2017-04-28 00:00:00-04:00,UNH,SELL_30,35,152.14544677734375,,,TP_20%
2017-05-12 00:00:00-04:00,DIS,SELL,165,102.62461853027344,,0.1316066826238253,STOP_LOSS
2017-05-19 00:00:00-04:00,PFE,SELL,5925,20.831939697265625,,0.042117956383453566,STOP_LOSS
2017-05-19 00:00:00-04:00,PFE,BUY,4809,20.831939697265625,63.69646717588384,,
2017-05-19 00:00:00-04:00,DIS,BUY_FORZADO,149,100.5943832397461,72.0,,
2017-06-02 00:00:00-04:00,JPM,SELL,2112,65.35375213623047,,-0.04783105418729725,STOP_LOSS
2017-06-02 00:00:00-04:00,BAC,SELL,6353,18.430091857910156,,0.008224773110516847,STOP_LOSS
2017-06-02 00:00:00-04:00,WFC,SELL,2900,40.680747985839844,,0.016037231338860387,STOP_LOSS
2017-06-02 00:00:00-04:00,BAC,BUY,8936,18.430091857910156,88.0,,
2017-06-02 00:00:00-04:00,WFC,BUY,4048,40.680747985839844,83.19999999999999,,
2017-06-02 00:00:00-04:00,JPM,BUY,2520,65.35375213623047,70.24459860016623,,
2017-06-30 00:00:00-04:00,VZ,SELL,2889,27.846073150634766,,-0.054814847617194164,STOP_LOSS
2017-06-30 00:00:00-04:00,VZ,BUY,2175,27.846073150634766,77.27042873633857,,
2017-08-11 00:00:00-04:00,XOM,SELL,1571,53.74362564086914,,-0.016849999616190617,STOP_LOSS
2017-08-11 00:00:00-04:00,DIS,SELL,149,96.13044738769531,,-0.0443755974069835,STOP_LOSS
2017-08-11 00:00:00-04:00,WFC,SELL,4048,41.07906723022461,,0.009791345147424836,STOP_LOSS
2017-08-11 00:00:00-04:00,WFC,BUY,2717,41.07906723022461,83.19999999999999,,
2017-08-11 00:00:00-04:00,XOM,BUY,2077,53.74362564086914,62.272203422129294,,
2017-08-18 00:00:00-04:00,BAC,SELL,8936,19.390586853027344,,0.052115583716146545,STOP_LOSS
2017-08-18 00:00:00-04:00,BAC,BUY,5114,19.390586853027344,88.0,,
2017-09-01 00:00:00-04:00,UNH,SELL_40,33,174.4999542236328,,,TP_35%
2017-09-08 00:00:00-04:00,JPM,SELL,2520,70.30935668945312,,0.07582739156112499,STOP_LOSS
2017-09-08 00:00:00-04:00,VZ,SELL,2175,29.127220153808594,,0.046008174877778904,STOP_LOSS
2017-09-08 00:00:00-04:00,VZ,BUY,4665,29.127220153808594,77.27042873633857,,
2017-09-08 00:00:00-04:00,JPM,BUY,1932,70.30935668945312,70.24459860016623,,
2017-11-10 00:00:00-05:00,VZ,SELL,4665,28.690349578857422,,-0.01499870473887457,STOP_LOSS
2017-11-10 00:00:00-05:00,VZ,BUY,3506,28.690349578857422,77.27042873633857,,
2017-12-01 00:00:00-05:00,UNH,SELL_ALL,50,199.5364227294922,,,TP_50%
2017-12-01 00:00:00-05:00,BAC,SELL_30,1534,23.285194396972656,,,TP_20%
2017-12-01 00:00:00-05:00,DIS,BUY_FORZADO,151,99.2031478881836,72.0,,
2017-12-01 00:00:00-05:00,UNH,BUY_FORZADO,75,199.5364227294922,62.0,,
2017-12-08 00:00:00-05:00,JPM,SELL_30,579,84.72526550292969,,,TP_20%
2018-01-05 00:00:00-05:00,CVX,SELL_30,428,90.55400085449219,,,TP_20%
2018-01-05 00:00:00-05:00,BRK-B,SELL_30,114,201.4199981689453,,,TP_20%
2018-01-05 00:00:00-05:00,WFC,SELL_30,815,49.97538375854492,,,TP_20%
2018-01-19 00:00:00-05:00,BAC,SELL_40,1432,26.284929275512695,,,TP_35%
2018-01-26 00:00:00-05:00,PFE,SELL_30,1442,25.511106491088867,,,TP_20%
2018-01-26 00:00:00-05:00,VZ,SELL_30,1051,35.37917709350586,,,TP_20%
2018-02-02 00:00:00-05:00,CVX,SELL,1000,83.95537567138672,,0.13412308949990445,STOP_LOSS
2018-02-02 00:00:00-05:00,PFE,SELL,3367,24.163393020629883,,0.15992045732551446,STOP_LOSS
2018-02-02 00:00:00-05:00,XOM,SELL,2077,58.624107360839844,,0.09081042936298214,STOP_LOSS
2018-02-02 00:00:00-05:00,UNH,SELL,75,204.02377319335938,,0.022488878985019216,STOP_LOSS
2018-02-02 00:00:00-05:00,PFE,BUY,9071,24.163393020629883,63.69646717588384,,
2018-02-02 00:00:00-05:00,XOM,BUY,3739,58.624107360839844,62.272203422129294,,
2018-02-02 00:00:00-05:00,CVX,BUY,2611,83.95537567138672,58.89934767609792,,
2018-02-09 00:00:00-05:00,BRK-B,SELL,266,196.02000427246094,,0.17602599523597662,STOP_LOSS
2018-02-09 00:00:00-05:00,WFC,SELL,1902,44.96969985961914,,0.09471083185968579,STOP_LOSS
2018-02-09 00:00:00-05:00,BAC,SELL,2148,25.133094787597656,,0.29614925933372493,STOP_LOSS
2018-02-09 00:00:00-05:00,JPM,SELL,1353,88.47100830078125,,0.258310592878067,STOP_LOSS
2018-02-09 00:00:00-05:00,VZ,SELL,2455,32.2498893737793,,0.12406749472111632,STOP_LOSS
2018-02-09 00:00:00-05:00,DIS,SELL,151,97.94889068603516,,-0.01264332058859834,STOP_LOSS
2018-02-09 00:00:00-05:00,PFE,SELL,9071,22.546342849731445,,-0.06692148613060488,STOP_LOSS
2018-02-09 00:00:00-05:00,XOM,SELL,3739,53.093143463134766,,-0.09434623650064634,STOP_LOSS
2018-02-09 00:00:00-05:00,BAC,BUY,10244,25.133094787597656,88.0,,
2018-02-09 00:00:00-05:00,WFC,BUY,5725,44.96969985961914,83.19999999999999,,
2018-02-09 00:00:00-05:00,BRK-B,BUY,1313,196.02000427246094,79.0849466385969,,
2018-02-09 00:00:00-05:00,VZ,BUY,7983,32.2498893737793,77.27042873633857,,
2018-03-16 00:00:00-04:00,WFC,SELL,5725,44.78542709350586,,-0.004097709495249496,STOP_LOSS
2018-03-16 00:00:00-04:00,WFC,BUY,1417,44.78542709350586,83.19999999999999,,
2018-03-16 00:00:00-04:00,JPM,BUY,683,92.81255340576172,70.24459860016623,,
2018-03-16 00:00:00-04:00,PFE,BUY,2614,24.27560043334961,63.69646717588384,,
2018-03-16 00:00:00-04:00,XOM,BUY,1206,52.6307258605957,62.272203422129294,,
2018-03-23 00:00:00-04:00,BAC,SELL,10244,24.26255989074707,,-0.03463699573043292,STOP_LOSS
2018-03-23 00:00:00-04:00,BRK-B,SELL,1313,192.4600067138672,,-0.018161399250075917,STOP_LOSS
2018-03-23 00:00:00-04:00,VZ,SELL,7983,29.92876625061035,,-0.07197305690778988,STOP_LOSS
2018-03-23 00:00:00-04:00,WFC,SELL,1417,40.84366226196289,,-0.08801445218582156,STOP_LOSS
2018-03-23 00:00:00-04:00,JPM,SELL,683,86.0349349975586,,-0.07302480278257678,STOP_LOSS
2018-03-23 00:00:00-04:00,PFE,SELL,2614,22.76414680480957,,-0.062262255168099453,STOP_LOSS
2018-03-23 00:00:00-04:00,BAC,BUY,9470,24.26255989074707,88.0,,
2018-03-23 00:00:00-04:00,WFC,BUY,5625,40.84366226196289,83.19999999999999,,
2018-03-23 00:00:00-04:00,BRK-B,BUY,1193,192.4600067138672,79.0849466385969,,
2018-03-23 00:00:00-04:00,VZ,BUY,7677,29.92876625061035,77.27042873633857,,
2018-05-04 00:00:00-04:00,VZ,SELL,7677,31.549251556396484,,0.054144741290599825,STOP_LOSS
2018-05-04 00:00:00-04:00,VZ,BUY,1891,31.549251556396484,77.27042873633857,,
2018-05-04 00:00:00-04:00,JPM,BUY,681,87.61866760253906,70.24459860016623,,
2018-05-04 00:00:00-04:00,PFE,BUY,2595,22.995153427124023,63.69646717588384,,
2018-05-25 00:00:00-04:00,CVX,SELL,2611,88.13435363769531,,0.04977618089240298,STOP_LOSS
2018-05-25 00:00:00-04:00,CVX,BUY,818,88.13435363769531,58.89934767609792,,
2018-06-15 00:00:00-04:00,JPM,SELL,681,87.19039154052734,,-0.004887954516205265,STOP_LOSS
2018-06-15 00:00:00-04:00,JPM,BUY,791,87.19039154052734,70.24459860016623,,
2018-06-22 00:00:00-04:00,BAC,SELL,9470,24.21135902404785,,-0.0021102829598267183,STOP_LOSS
2018-06-22 00:00:00-04:00,BRK-B,SELL,1193,188.91000366210938,,-0.01844540646325368,STOP_LOSS
2018-06-22 00:00:00-04:00,BAC,BUY,6832,24.21135902404785,88.0,,
2018-06-22 00:00:00-04:00,BRK-B,BUY,875,188.91000366210938,79.0849466385969,,
2018-06-22 00:00:00-04:00,DIS,BUY_FORZADO,148,101.03681945800781,72.0,,
2018-06-22 00:00:00-04:00,UNH,BUY_FORZADO,66,225.3473358154297,62.0,,
2018-08-17 00:00:00-04:00,XOM,SELL,1206,55.957740783691406,,0.06321430815733094,STOP_LOSS
2018-08-17 00:00:00-04:00,PFE,SELL_30,778,28.290346145629883,,,TP_20%
2018-08-17 00:00:00-04:00,CVX,SELL,818,85.78251647949219,,-0.02668468152465394,STOP_LOSS
2018-08-17 00:00:00-04:00,XOM,BUY,2040,55.957740783691406,62.272203422129294,,
2018-08-17 00:00:00-04:00,CVX,BUY,1331,85.78251647949219,58.89934767609792,,
2018-09-14 00:00:00-04:00,WFC,SELL,5625,44.5014762878418,,0.08955646539280528,STOP_LOSS
2018-09-14 00:00:00-04:00,WFC,BUY,2689,44.5014762878418,83.19999999999999,,
2018-09-28 00:00:00-04:00,BAC,SELL,6832,24.722824096679688,,0.02112500467750798,STOP_LOSS
2018-09-28 00:00:00-04:00,BAC,BUY,5337,24.722824096679688,88.0,,
2018-10-12 00:00:00-04:00,JPM,SELL,791,87.5008544921875,,0.0035607473045450038,STOP_LOSS
2018-10-12 00:00:00-04:00,BRK-B,SELL,875,206.8000030517578,,0.09470117538956316,STOP_LOSS
2018-10-12 00:00:00-04:00,CVX,SELL,1331,85.76065826416016,,-0.000254809677182376,STOP_LOSS
2018-10-12 00:00:00-04:00,WFC,SELL,2689,42.37113952636719,,-0.047871148087207084,STOP_LOSS
2018-10-12 00:00:00-04:00,BAC,SELL,5337,23.883625030517578,,-0.03394430437559984,STOP_LOSS
2018-10-12 00:00:00-04:00,BAC,BUY,10489,23.883625030517578,88.0,,
2018-10-12 00:00:00-04:00,WFC,BUY,5912,42.37113952636719,83.19999999999999,,
2018-10-12 00:00:00-04:00,BRK-B,BUY,1211,206.8000030517578,79.0849466385969,,
2018-10-12 00:00:00-04:00,JPM,BUY,2863,87.5008544921875,70.24459860016623,,
2018-10-26 00:00:00-04:00,PFE,SELL,1817,28.633142471313477,,0.24518162325193016,STOP_LOSS
2018-10-26 00:00:00-04:00,XOM,SELL,2040,55.4357795715332,,-0.009327774939590234,STOP_LOSS
2018-10-26 00:00:00-04:00,BAC,SELL,10489,22.146484375,,-0.07273354247095767,STOP_LOSS
2018-10-26 00:00:00-04:00,BRK-B,SELL,1211,198.49000549316406,,-0.04018374001916203,STOP_LOSS
2018-10-26 00:00:00-04:00,BAC,BUY,7209,22.146484375,88.0,,
2018-10-26 00:00:00-04:00,BRK-B,BUY,804,198.49000549316406,79.0849466385969,,
2018-10-26 00:00:00-04:00,PFE,BUY,5576,28.633142471313477,63.69646717588384,,
2018-10-26 00:00:00-04:00,XOM,BUY,2880,55.4357795715332,62.272203422129294,,
2018-11-02 00:00:00-04:00,VZ,SELL_30,567,37.92021942138672,,,TP_20%
2018-11-23 00:00:00-05:00,DIS,SELL,148,107.34657287597656,,0.06245004001329598,STOP_LOSS
2018-11-23 00:00:00-05:00,UNH,SELL,66,232.55213928222656,,0.031971993104449016,STOP_LOSS
2018-11-23 00:00:00-05:00,BAC,SELL,7209,22.633214950561523,,0.021977780640929534,STOP_LOSS
2018-11-23 00:00:00-05:00,BRK-B,SELL,804,207.07000732421875,,0.04322636703917155,STOP_LOSS
2018-11-23 00:00:00-05:00,XOM,SELL,2880,54.5242919921875,,-0.016442225335165317,STOP_LOSS
2018-11-23 00:00:00-05:00,BAC,BUY,5932,22.633214950561523,88.0,,
2018-11-23 00:00:00-05:00,BRK-B,BUY,648,207.07000732421875,79.0849466385969,,
2018-11-23 00:00:00-05:00,XOM,BUY,2462,54.5242919921875,62.272203422129294,,
2018-11-23 00:00:00-05:00,CVX,BUY,1607,83.53253173828125,58.89934767609792,,
2018-12-07 00:00:00-05:00,WFC,SELL,5912,41.19750213623047,,-0.027698981034162996,STOP_LOSS
2018-12-07 00:00:00-05:00,JPM,SELL,2863,84.50643157958984,,-0.034221641948251065,STOP_LOSS
2018-12-07 00:00:00-05:00,BAC,SELL,5932,21.460113525390625,,-0.05183096735189157,STOP_LOSS
2018-12-07 00:00:00-05:00,BRK-B,SELL,648,204.8800048828125,,-0.010576145090762785,STOP_LOSS
2018-12-07 00:00:00-05:00,BAC,BUY,8682,21.460113525390625,88.0,,
2018-12-07 00:00:00-05:00,WFC,BUY,4522,41.19750213623047,83.19999999999999,,
2018-12-07 00:00:00-05:00,BRK-B,BUY,909,204.8800048828125,79.0849466385969,,
2018-12-07 00:00:00-05:00,JPM,BUY,2204,84.50643157958984,70.24459860016623,,
2018-12-14 00:00:00-05:00,VZ,SELL,1324,38.22154235839844,,0.21148808522683235,STOP_LOSS
2018-12-14 00:00:00-05:00,PFE,SELL,5576,29.66688346862793,,0.0361029530150287,STOP_LOSS
2018-12-14 00:00:00-05:00,WFC,SELL,4522,38.148277282714844,,-0.07401479933012818,STOP_LOSS
2018-12-14 00:00:00-05:00,WFC,BUY,2552,38.148277282714844,83.19999999999999,,
2018-12-14 00:00:00-05:00,VZ,BUY,2547,38.22154235839844,77.27042873633857,,
2018-12-14 00:00:00-05:00,PFE,BUY,3282,29.66688346862793,63.69646717588384,,
2018-12-21 00:00:00-05:00,XOM,SELL,2462,49.201148986816406,,-0.09762883314713777,STOP_LOSS
2018-12-21 00:00:00-05:00,CVX,SELL,1607,76.62786102294922,,-0.08265846337526679,STOP_LOSS
2018-12-21 00:00:00-05:00,BAC,SELL,8682,19.721704483032227,,-0.08100651659189,STOP_LOSS
2018-12-21 00:00:00-05:00,BRK-B,SELL,909,192.10000610351562,,-0.06237796990783358,STOP_LOSS
2018-12-21 00:00:00-05:00,JPM,SELL,2204,77.044921875,,-0.08829516955241974,STOP_LOSS
2018-12-21 00:00:00-05:00,BAC,BUY,10894,19.721704483032227,88.0,,
2018-12-21 00:00:00-05:00,BRK-B,BUY,1118,192.10000610351562,79.0849466385969,,
2018-12-21 00:00:00-05:00,JPM,BUY,2788,77.044921875,70.24459860016623,,
2018-12-21 00:00:00-05:00,XOM,BUY,4366,49.201148986816406,62.272203422129294,,
2019-01-18 00:00:00-05:00,BAC,SELL_30,3268,24.725971221923828,,,TP_20%
2019-01-25 00:00:00-05:00,PFE,SELL,3282,27.526538848876953,,-0.07214592061934458,STOP_LOSS
2019-01-25 00:00:00-05:00,PFE,BUY,1495,27.526538848876953,63.69646717588384,,
2019-01-25 00:00:00-05:00,CVX,BUY,494,83.25312042236328,58.89934767609792,,
2019-02-01 00:00:00-05:00,VZ,SELL,2547,36.90864181518555,,-0.03434975310263497,STOP_LOSS
2019-02-01 00:00:00-05:00,VZ,BUY,1189,36.90864181518555,77.27042873633857,,
2019-03-08 00:00:00-05:00,BRK-B,SELL,1118,198.6999969482422,,0.034357056923621704,STOP_LOSS
2019-03-08 00:00:00-05:00,PFE,SELL,1495,27.937753677368164,,0.014938849767811908,STOP_LOSS
2019-03-08 00:00:00-05:00,BRK-B,BUY,497,198.6999969482422,79.0849466385969,,
2019-03-08 00:00:00-05:00,PFE,BUY,3535,27.937753677368164,63.69646717588384,,
2019-03-22 00:00:00-04:00,BAC,SELL,7626,22.909832000732422,,0.16165577982588342,STOP_LOSS
2019-03-22 00:00:00-04:00,JPM,SELL,2788,82.28121948242188,,0.06796421464243162,STOP_LOSS
2019-03-22 00:00:00-04:00,BAC,BUY,6565,22.909832000732422,88.0,,
2019-03-22 00:00:00-04:00,JPM,BUY,1827,82.28121948242188,70.24459860016623,,
2019-04-05 00:00:00-04:00,XOM,SELL_30,1309,60.24164581298828,,,TP_20%
2019-04-05 00:00:00-04:00,DIS,BUY_FORZADO,135,110.99760437011719,72.0,,
2019-04-05 00:00:00-04:00,UNH,BUY_FORZADO,67,222.6921844482422,62.0,,
2019-04-12 00:00:00-04:00,WFC,SELL,2552,38.45273971557617,,0.007981027048874928,STOP_LOSS
2019-04-12 00:00:00-04:00,CVX,SELL,494,88.94734191894531,,0.06839649334095664,STOP_LOSS
2019-04-12 00:00:00-04:00,UNH,SELL,67,199.81243896484375,,-0.10274157371120546,STOP_LOSS
2019-04-12 00:00:00-04:00,WFC,BUY,3269,38.45273971557617,83.19999999999999,,
2019-04-12 00:00:00-04:00,CVX,BUY,1413,88.94734191894531,58.89934767609792,,
2019-04-18 00:00:00-04:00,PFE,SELL,3535,26.906057357788086,,-0.03692839200654258,STOP_LOSS
2019-04-18 00:00:00-04:00,PFE,BUY,3217,26.906057357788086,63.69646717588384,,
2019-04-26 00:00:00-04:00,DIS,SELL_30,40,135.05030822753906,,,TP_20%
2019-05-03 00:00:00-04:00,XOM,SELL,3057,56.57562255859375,,0.14988417391946185,STOP_LOSS
2019-05-03 00:00:00-04:00,XOM,BUY,1932,56.57562255859375,62.272203422129294,,
2019-05-17 00:00:00-04:00,BRK-B,SELL,497,203.27000427246094,,0.022999533942666118,STOP_LOSS
2019-05-17 00:00:00-04:00,BAC,SELL,6565,24.08882713317871,,0.05146240847198691,STOP_LOSS
2019-05-17 00:00:00-04:00,WFC,SELL,3269,38.16472625732422,,-0.007490063396842608,STOP_LOSS
2019-05-17 00:00:00-04:00,BAC,BUY,7399,24.08882713317871,88.0,,
2019-05-17 00:00:00-04:00,WFC,BUY,4670,38.16472625732422,83.19999999999999,,
2019-05-17 00:00:00-04:00,BRK-B,BUY,876,203.27000427246094,79.0849466385969,,
2019-05-24 00:00:00-04:00,JPM,SELL,1827,91.1802749633789,,0.10815415154193453,STOP_LOSS
2019-05-24 00:00:00-04:00,DIS,SELL,95,128.16845703125,,0.1546957049980761,STOP_LOSS
2019-05-24 00:00:00-04:00,JPM,BUY,978,91.1802749633789,70.24459860016623,,
2019-05-31 00:00:00-04:00,VZ,SELL,1189,37.15219497680664,,0.006598811271372419,STOP_LOSS
2019-05-31 00:00:00-04:00,CVX,SELL,1413,85.38986206054688,,-0.03999534760285752,STOP_LOSS
2019-05-31 00:00:00-04:00,XOM,SELL,1932,52.27505874633789,,-0.07601443197203687,STOP_LOSS
2019-05-31 00:00:00-04:00,BAC,SELL,7399,22.562070846557617,,-0.06338026663482582,STOP_LOSS
2019-05-31 00:00:00-04:00,BAC,BUY,7776,22.562070846557617,88.0,,
2019-05-31 00:00:00-04:00,VZ,BUY,4722,37.15219497680664,77.27042873633857,,
2019-05-31 00:00:00-04:00,XOM,BUY,3356,52.27505874633789,62.272203422129294,,
2019-05-31 00:00:00-04:00,CVX,BUY,2054,85.38986206054688,58.89934767609792,,
2019-08-02 00:00:00-04:00,PFE,SELL,3217,26.43851661682129,,-0.01737678377584611,STOP_LOSS
2019-08-02 00:00:00-04:00,BRK-B,SELL,876,202.6699981689453,,-0.0029517690308668624,STOP_LOSS
2019-08-02 00:00:00-04:00,XOM,SELL,3356,52.99896240234375,,0.013847974031336162,STOP_LOSS
2019-08-02 00:00:00-04:00,BRK-B,BUY,538,202.6699981689453,79.0849466385969,,
2019-08-02 00:00:00-04:00,PFE,BUY,4130,26.43851661682129,63.69646717588384,,
2019-08-02 00:00:00-04:00,XOM,BUY,2060,52.99896240234375,62.272203422129294,,
2019-08-09 00:00:00-04:00,WFC,SELL,4670,39.10110092163086,,0.024535081373128945,STOP_LOSS
2019-08-09 00:00:00-04:00,JPM,SELL,978,91.85090637207031,,0.007355005333782494,STOP_LOSS
2019-08-09 00:00:00-04:00,BAC,SELL,7776,24.1592960357666,,0.07079249063933682,STOP_LOSS
2019-08-09 00:00:00-04:00,BAC,BUY,5896,24.1592960357666,88.0,,
2019-08-09 00:00:00-04:00,WFC,BUY,3643,39.10110092163086,83.19999999999999,,
2019-08-09 00:00:00-04:00,JPM,BUY,1550,91.85090637207031,70.24459860016623,,
2019-08-16 00:00:00-04:00,CVX,SELL,2054,87.7528076171875,,0.027672436746239797,STOP_LOSS
2019-08-16 00:00:00-04:00,PFE,SELL,4130,24.107746124267578,,-0.08815814163608474,STOP_LOSS
2019-08-16 00:00:00-04:00,PFE,BUY,4387,24.107746124267578,63.69646717588384,,
2019-08-16 00:00:00-04:00,CVX,BUY,1205,87.7528076171875,58.89934767609792,,
2019-08-23 00:00:00-04:00,BAC,SELL,5896,22.573122024536133,,-0.06565481083895074,STOP_LOSS
2019-08-23 00:00:00-04:00,BAC,BUY,3819,22.573122024536133,88.0,,
2019-10-04 00:00:00-04:00,XOM,SELL,2060,51.57893753051758,,-0.026793446653653255,STOP_LOSS
2019-10-04 00:00:00-04:00,CVX,SELL,1205,86.26766204833984,,-0.016924194326937658,STOP_LOSS
2019-10-04 00:00:00-04:00,BAC,SELL,3819,24.352869033813477,,0.07884363568950833,STOP_LOSS
2019-10-04 00:00:00-04:00,BAC,BUY,5734,24.352869033813477,88.0,,
2019-10-04 00:00:00-04:00,XOM,BUY,2707,51.57893753051758,62.272203422129294,,
2019-10-04 00:00:00-04:00,CVX,BUY,1618,86.26766204833984,58.89934767609792,,
2019-11-22 00:00:00-05:00,JPM,SELL_30,465,110.34638977050781,,,TP_20%
2019-12-13 00:00:00-05:00,BAC,SELL_30,1720,29.724763870239258,,,TP_20%
2020-01-17 00:00:00-05:00,WFC,SELL,3643,41.93079376220703,,0.0723686232325693,STOP_LOSS
2020-01-17 00:00:00-05:00,WFC,BUY,2321,41.93079376220703,83.19999999999999,,
2020-01-24 00:00:00-05:00,BAC,SELL,4014,28.9479923248291,,0.18868919652281574,STOP_LOSS
2020-01-24 00:00:00-05:00,XOM,SELL,2707,50.195274353027344,,-0.026826127945570145,STOP_LOSS
2020-01-24 00:00:00-05:00,CVX,SELL,1618,85.58729553222656,,-0.007886692417050084,STOP_LOSS
2020-01-24 00:00:00-05:00,BAC,BUY,5901,28.9479923248291,88.0,,
2020-01-24 00:00:00-05:00,XOM,BUY,3403,50.195274353027344,62.272203422129294,,
2020-01-24 00:00:00-05:00,CVX,BUY,1996,85.58729553222656,58.89934767609792,,
2020-01-31 00:00:00-05:00,PFE,SELL,4387,26.4273738861084,,0.0962191882179236,STOP_LOSS
2020-01-31 00:00:00-05:00,XOM,SELL,3403,47.01643753051758,,-0.06332940428122286,STOP_LOSS
2020-01-31 00:00:00-05:00,PFE,BUY,4236,26.4273738861084,63.69646717588384,,
2020-01-31 00:00:00-05:00,XOM,BUY,2381,47.01643753051758,62.272203422129294,,
2020-02-21 00:00:00-05:00,VZ,SELL,4722,41.04377746582031,,0.10474704096065139,STOP_LOSS
2020-02-21 00:00:00-05:00,PFE,SELL,4236,25.34869384765625,,-0.04081676988038371,STOP_LOSS
2020-02-21 00:00:00-05:00,VZ,BUY,3193,41.04377746582031,77.27042873633857,,
2020-02-21 00:00:00-05:00,PFE,BUY,5170,25.34869384765625,63.69646717588384,,
2020-02-28 00:00:00-05:00,BRK-B,SELL,538,206.33999633789062,,0.018108245927381958,STOP_LOSS
2020-02-28 00:00:00-05:00,JPM,SELL,1085,98.58992767333984,,0.07336913229762868,STOP_LOSS
2020-02-28 00:00:00-05:00,WFC,SELL,2321,35.20024490356445,,-0.16051565579254407,STOP_LOSS
2020-02-28 00:00:00-05:00,BAC,SELL,5901,24.5980224609375,,-0.15026844746537296,STOP_LOSS
2020-02-28 00:00:00-05:00,CVX,SELL,1996,72.25828552246094,,-0.15573584755633263,STOP_LOSS
2020-02-28 00:00:00-05:00,XOM,SELL,2381,39.4920654296875,,-0.16003705291252948,STOP_LOSS
2020-02-28 00:00:00-05:00,VZ,SELL,3193,38.194698333740234,,-0.06941561688498779,STOP_LOSS
2020-02-28 00:00:00-05:00,PFE,SELL,5170,23.716510772705078,,-0.06438923775562046,STOP_LOSS
2020-02-28 00:00:00-05:00,BAC,BUY,12146,24.5980224609375,88.0,,
2020-02-28 00:00:00-05:00,WFC,BUY,8487,35.20024490356445,83.19999999999999,,
2020-02-28 00:00:00-05:00,BRK-B,BUY,1447,206.33999633789062,79.0849466385969,,
2020-02-28 00:00:00-05:00,VZ,BUY,7822,38.194698333740234,77.27042873633857,,
2020-03-06 00:00:00-05:00,BAC,SELL,12146,22.33159065246582,,-0.09213878115896718,STOP_LOSS
2020-03-06 00:00:00-05:00,WFC,SELL,8487,31.960290908813477,,-0.09204350718659039,STOP_LOSS
2020-03-06 00:00:00-05:00,BAC,BUY,6080,22.33159065246582,88.0,,
2020-03-06 00:00:00-05:00,WFC,BUY,4248,31.960290908813477,83.19999999999999,,
2020-03-06 00:00:00-05:00,JPM,BUY,1479,91.77156829833984,70.24459860016623,,
2020-03-06 00:00:00-05:00,PFE,BUY,5463,24.85194969177246,63.69646717588384,,
2020-03-13 00:00:00-04:00,BAC,SELL,6080,20.985267639160156,,-0.06028782428702655,STOP_LOSS
2020-03-13 00:00:00-04:00,WFC,SELL,4248,26.617769241333008,,-0.16716123400513846,STOP_LOSS
2020-03-13 00:00:00-04:00,PFE,SELL,5463,23.21265411376953,,-0.06596245358349645,STOP_LOSS
2020-03-13 00:00:00-04:00,BAC,BUY,4412,20.985267639160156,88.0,,
2020-03-13 00:00:00-04:00,WFC,BUY,3478,26.617769241333008,83.19999999999999,,
2020-03-13 00:00:00-04:00,PFE,BUY,3989,23.21265411376953,63.69646717588384,,
2020-03-13 00:00:00-04:00,XOM,BUY,3164,29.265897750854492,62.272203422129294,,
2020-03-20 00:00:00-04:00,BRK-B,SELL,1447,170.05999755859375,,-0.17582630330130866,STOP_LOSS
2020-03-20 00:00:00-04:00,VZ,SELL,7822,36.53037643432617,,-0.04357468371320641,STOP_LOSS
2020-03-20 00:00:00-04:00,JPM,SELL,1479,70.90050506591797,,-0.2274240662922117,STOP_LOSS
2020-03-20 00:00:00-04:00,BAC,SELL,4412,17.085277557373047,,-0.18584419073642985,STOP_LOSS
2020-03-20 00:00:00-04:00,WFC,SELL,3478,22.834928512573242,,-0.14211712087749404,STOP_LOSS
2020-03-20 00:00:00-04:00,PFE,SELL,3989,20.58695411682129,,-0.11311502700549445,STOP_LOSS
2020-03-20 00:00:00-04:00,XOM,SELL,3164,25.135499954223633,,-0.14113347322517253,STOP_LOSS
2020-03-20 00:00:00-04:00,BAC,BUY,14024,17.085277557373047,88.0,,
2020-03-20 00:00:00-04:00,WFC,BUY,10493,22.834928512573242,83.19999999999999,,
2020-03-20 00:00:00-04:00,BRK-B,BUY,1408,170.05999755859375,79.0849466385969,,
2020-03-20 00:00:00-04:00,VZ,BUY,6559,36.53037643432617,77.27042873633857,,
2020-04-03 00:00:00-04:00,BAC,SELL,14024,17.397972106933594,,0.018301988276778414,STOP_LOSS
2020-04-03 00:00:00-04:00,WFC,SELL,10493,22.602266311645508,,-0.010188873628381504,STOP_LOSS
2020-04-03 00:00:00-04:00,BAC,BUY,6877,17.397972106933594,88.0,,
2020-04-03 00:00:00-04:00,WFC,BUY,5294,22.602266311645508,83.19999999999999,,
2020-04-03 00:00:00-04:00,JPM,BUY,1659,72.10911560058594,70.24459860016623,,
2020-04-03 00:00:00-04:00,PFE,BUY,5012,23.872631072998047,63.69646717588384,,
2020-04-09 00:00:00-04:00,BAC,SELL_30,2063,21.59328842163086,,,TP_20%
2020-04-09 00:00:00-04:00,WFC,SELL_30,1588,28.6082820892334,,,TP_20%
2020-04-09 00:00:00-04:00,JPM,SELL_30,497,88.16101837158203,,,TP_20%
2020-04-09 00:00:00-04:00,XOM,BUY,956,33.112220764160156,62.272203422129294,,
2020-04-09 00:00:00-04:00,CVX,BUY,485,65.2677993774414,58.89934767609792,,
2020-04-17 00:00:00-04:00,BAC,SELL,4814,20.220903396606445,,0.1622563407000654,STOP_LOSS
2020-04-17 00:00:00-04:00,WFC,SELL,3706,24.454914093017578,,0.08196734592130343,STOP_LOSS
2020-04-17 00:00:00-04:00,JPM,SELL,1162,81.65789031982422,,0.1324211875254325,STOP_LOSS
2020-04-17 00:00:00-04:00,BAC,BUY,4290,20.220903396606445,88.0,,
2020-04-17 00:00:00-04:00,WFC,BUY,3547,24.454914093017578,83.19999999999999,,
2020-04-17 00:00:00-04:00,JPM,BUY,1062,81.65789031982422,70.24459860016623,,
2020-04-24 00:00:00-04:00,WFC,SELL,3547,23.196834564208984,,-0.05144485578740199,STOP_LOSS
2020-04-24 00:00:00-04:00,WFC,BUY,1829,23.196834564208984,83.19999999999999,,
2020-05-01 00:00:00-04:00,BRK-B,SELL,1408,182.6699981689453,,0.07415030454770422,STOP_LOSS
2020-05-01 00:00:00-04:00,BRK-B,BUY,526,182.6699981689453,79.0849466385969,,
2020-05-01 00:00:00-04:00,DIS,BUY_FORZADO,145,103.07270812988281,72.0,,
2020-05-01 00:00:00-04:00,UNH,BUY_FORZADO,57,259.1151428222656,62.0,,
2020-05-08 00:00:00-04:00,WFC,SELL,1829,22.358152389526367,,-0.0361550267714821,STOP_LOSS
2020-05-08 00:00:00-04:00,WFC,BUY,3346,22.358152389526367,83.19999999999999,,
2020-05-15 00:00:00-04:00,VZ,SELL,6559,38.99751281738281,,0.0675365715842547,STOP_LOSS
2020-05-15 00:00:00-04:00,XOM,SELL,956,32.86989974975586,,-0.00731817464404499,STOP_LOSS
2020-05-15 00:00:00-04:00,CVX,SELL,485,69.02239227294922,,0.05752596121396913,STOP_LOSS
2020-05-15 00:00:00-04:00,BAC,SELL,4290,18.62268829345703,,-0.07903776956956499,STOP_LOSS
2020-05-15 00:00:00-04:00,JPM,SELL,1062,73.69630432128906,,-0.09749928595206811,STOP_LOSS
2020-05-15 00:00:00-04:00,BRK-B,SELL,526,169.25,,-0.07346580338022235,STOP_LOSS
2020-05-15 00:00:00-04:00,WFC,SELL,3346,20.538198471069336,,-0.08140001404183939,STOP_LOSS
2020-05-15 00:00:00-04:00,BAC,BUY,11574,18.62268829345703,88.0,,
2020-05-15 00:00:00-04:00,WFC,BUY,10495,20.538198471069336,83.19999999999999,,
2020-05-15 00:00:00-04:00,BRK-B,BUY,1273,169.25,79.0849466385969,,
2020-05-15 00:00:00-04:00,VZ,BUY,5527,38.99751281738281,77.27042873633857,,
2020-06-05 00:00:00-04:00,PFE,SELL,5012,25.794837951660156,,0.08051927216503114,STOP_LOSS
2020-06-05 00:00:00-04:00,BAC,SELL_30,3472,24.586509704589844,,,TP_20%
2020-06-05 00:00:00-04:00,WFC,SELL_30,3148,27.844385147094727,,,TP_20%
2020-06-05 00:00:00-04:00,JPM,BUY,763,95.42767333984375,70.24459860016623,,
2020-06-05 00:00:00-04:00,PFE,BUY,2826,25.794837951660156,63.69646717588384,,
2020-06-05 00:00:00-04:00,XOM,BUY,1755,41.541282653808594,62.272203422129294,,
2020-06-05 00:00:00-04:00,CVX,BUY,920,79.18682098388672,58.89934767609792,,
2020-06-12 00:00:00-04:00,DIS,SELL,145,112.83285522460938,,0.09469186627392885,STOP_LOSS
2020-06-12 00:00:00-04:00,UNH,SELL,57,259.6980285644531,,0.0022495240372243227,STOP_LOSS
2020-06-12 00:00:00-04:00,BAC,SELL,8102,21.673906326293945,,0.16384412308017532,STOP_LOSS
2020-06-12 00:00:00-04:00,WFC,SELL,7347,24.591325759887695,,0.19734580394320878,STOP_LOSS
2020-06-12 00:00:00-04:00,BRK-B,SELL,1273,181.2100067138672,,0.07066473686184453,STOP_LOSS
2020-06-12 00:00:00-04:00,JPM,SELL,763,85.68159484863281,,-0.1021305261892168,STOP_LOSS
2020-06-12 00:00:00-04:00,PFE,SELL,2826,24.189376831054688,,-0.062239628084274946,STOP_LOSS
2020-06-12 00:00:00-04:00,XOM,SELL,1755,36.916015625,,-0.11134145922633276,STOP_LOSS
2020-06-12 00:00:00-04:00,CVX,SELL,920,72.57286834716797,,-0.08352340142641394,STOP_LOSS
2020-06-12 00:00:00-04:00,BAC,BUY,10239,21.673906326293945,88.0,,
2020-06-12 00:00:00-04:00,WFC,BUY,9024,24.591325759887695,83.19999999999999,,
2020-06-12 00:00:00-04:00,BRK-B,BUY,1224,181.2100067138672,79.0849466385969,,
2020-06-12 00:00:00-04:00,JPM,BUY,2590,85.68159484863281,70.24459860016623,,
2020-06-26 00:00:00-04:00,VZ,SELL,5527,37.89265823364258,,-0.028331411516268667,STOP_LOSS
2020-06-26 00:00:00-04:00,BAC,SELL,10239,20.248226165771484,,-0.06577864363992757,STOP_LOSS
2020-06-26 00:00:00-04:00,WFC,SELL,9024,22.279024124145508,,-0.09402915720444457,STOP_LOSS
2020-06-26 00:00:00-04:00,JPM,SELL,2590,79.43585205078125,,-0.07289480090660595,STOP_LOSS
2020-06-26 00:00:00-04:00,BAC,BUY,10194,20.248226165771484,88.0,,
2020-06-26 00:00:00-04:00,WFC,BUY,9265,22.279024124145508,83.19999999999999,,
2020-06-26 00:00:00-04:00,VZ,BUY,5447,37.89265823364258,77.27042873633857,,
2020-06-26 00:00:00-04:00,JPM,BUY,2598,79.43585205078125,70.24459860016623,,
2020-07-31 00:00:00-04:00,WFC,SELL,9265,21.32948112487793,,-0.04262049333832736,STOP_LOSS
2020-07-31 00:00:00-04:00,WFC,BUY,2269,21.32948112487793,83.19999999999999,,
2020-07-31 00:00:00-04:00,PFE,BUY,1738,27.849027633666992,63.69646717588384,,
2020-07-31 00:00:00-04:00,XOM,BUY,1470,32.9325065612793,62.272203422129294,,
2020-07-31 00:00:00-04:00,CVX,BUY,734,65.9353256225586,58.89934767609792,,
2020-08-21 00:00:00-04:00,BAC,SELL,10194,21.848833084106445,,0.07904924141161061,STOP_LOSS
2020-08-21 00:00:00-04:00,WFC,SELL,2269,20.869911193847656,,-0.02154623116894521,STOP_LOSS
2020-08-21 00:00:00-04:00,XOM,SELL,1470,32.72826385498047,,-0.006201857302260995,STOP_LOSS
2020-08-21 00:00:00-04:00,BAC,BUY,3622,21.848833084106445,88.0,,
2020-08-21 00:00:00-04:00,WFC,BUY,3792,20.869911193847656,83.19999999999999,,
2020-08-21 00:00:00-04:00,XOM,BUY,2418,32.72826385498047,62.272203422129294,,
2020-08-28 00:00:00-04:00,BRK-B,SELL_30,367,218.5500030517578,,,TP_20%
2020-09-04 00:00:00-04:00,PFE,SELL,1738,26.314727783203125,,-0.055093480126000356,STOP_LOSS
2020-09-04 00:00:00-04:00,CVX,SELL,734,65.2842788696289,,-0.009874020440219735,STOP_LOSS
2020-09-04 00:00:00-04:00,PFE,BUY,2384,26.314727783203125,63.69646717588384,,
2020-09-04 00:00:00-04:00,CVX,BUY,961,65.2842788696289,58.89934767609792,,
2020-09-11 00:00:00-04:00,XOM,SELL,2418,29.448266983032227,,-0.10021909156202015,STOP_LOSS
2020-09-11 00:00:00-04:00,CVX,SELL,961,61.90573501586914,,-0.05175126251308733,STOP_LOSS
2020-09-11 00:00:00-04:00,XOM,BUY,2182,29.448266983032227,62.272203422129294,,
2020-09-11 00:00:00-04:00,CVX,BUY,1038,61.90573501586914,58.89934767609792,,
2020-09-18 00:00:00-04:00,BAC,SELL,3622,22.2036075592041,,0.016237685268222897,STOP_LOSS
2020-09-18 00:00:00-04:00,BAC,BUY,2350,22.2036075592041,88.0,,
2020-09-25 00:00:00-04:00,JPM,SELL,2598,80.97225189208984,,0.01934139058930738,STOP_LOSS
2020-09-25 00:00:00-04:00,WFC,SELL,3792,20.869911193847656,,0.0,STOP_LOSS
2020-09-25 00:00:00-04:00,XOM,SELL,2182,27.644657135009766,,-0.061246722907724295,STOP_LOSS
2020-09-25 00:00:00-04:00,CVX,SELL,1038,57.236297607421875,,-0.0754281878286444,STOP_LOSS
2020-09-25 00:00:00-04:00,BAC,SELL,2350,20.688730239868164,,-0.06822663007786646,STOP_LOSS
2020-09-25 00:00:00-04:00,BAC,BUY,7442,20.688730239868164,88.0,,
2020-09-25 00:00:00-04:00,WFC,BUY,7378,20.869911193847656,83.19999999999999,,
2020-09-25 00:00:00-04:00,JPM,BUY,1901,80.97225189208984,70.24459860016623,,
2020-09-25 00:00:00-04:00,XOM,BUY,5570,27.644657135009766,62.272203422129294,,
2020-10-16 00:00:00-04:00,WFC,SELL,7378,20.18130874633789,,-0.03299498695101118,STOP_LOSS
2020-10-16 00:00:00-04:00,WFC,BUY,1828,20.18130874633789,83.19999999999999,,
2020-10-16 00:00:00-04:00,CVX,BUY,635,58.08094024658203,58.89934767609792,,
2020-10-30 00:00:00-04:00,BRK-B,SELL,857,201.89999389648438,,0.1141768468409525,STOP_LOSS
2020-10-30 00:00:00-04:00,PFE,SELL,2384,25.677846908569336,,-0.02420244966548028,STOP_LOSS
2020-10-30 00:00:00-04:00,BAC,SELL,7442,20.873682022094727,,0.008939735792492071,STOP_LOSS
2020-10-30 00:00:00-04:00,JPM,SELL,1901,85.71931457519531,,0.058625795530940494,STOP_LOSS
2020-10-30 00:00:00-04:00,XOM,SELL,5570,26.032581329345703,,-0.05831419061524537,STOP_LOSS
2020-10-30 00:00:00-04:00,WFC,SELL,1828,18.936527252197266,,-0.06167991926522127,STOP_LOSS
2020-10-30 00:00:00-04:00,BAC,BUY,9665,20.873682022094727,88.0,,
2020-10-30 00:00:00-04:00,WFC,BUY,10654,18.936527252197266,83.19999999999999,,
2020-10-30 00:00:00-04:00,BRK-B,BUY,999,201.89999389648438,79.0849466385969,,
2020-10-30 00:00:00-04:00,JPM,BUY,2353,85.71931457519531,70.24459860016623,,
2020-11-27 00:00:00-05:00,CVX,SELL_30,190,73.82914733886719,,,TP_20%
2020-11-27 00:00:00-05:00,BAC,SELL_30,2899,25.532825469970703,,,TP_20%
2020-11-27 00:00:00-05:00,WFC,SELL_30,3196,25.240468978881836,,,TP_20%
2020-11-27 00:00:00-05:00,JPM,SELL_30,705,105.98628997802734,,,TP_20%
2020-11-27 00:00:00-05:00,PFE,BUY,2019,28.691436767578125,63.69646717588384,,
2020-11-27 00:00:00-05:00,XOM,BUY,1764,32.847694396972656,62.272203422129294,,
2020-12-04 00:00:00-05:00,WFC,SELL_40,2983,26.20716094970703,,,TP_35%
2020-12-18 00:00:00-05:00,CVX,SELL,445,70.49789428710938,,0.21378707004072753,STOP_LOSS
2020-12-18 00:00:00-05:00,PFE,SELL,2019,29.038227081298828,,0.012086892564145928,STOP_LOSS
2020-12-18 00:00:00-05:00,PFE,BUY,2445,29.038227081298828,63.69646717588384,,
2020-12-18 00:00:00-05:00,CVX,BUY,1007,70.49789428710938,58.89934767609792,,
2020-12-24 00:00:00-05:00,XOM,SELL,1764,34.00010299682617,,0.03508339385791793,STOP_LOSS
2020-12-24 00:00:00-05:00,XOM,BUY,1480,34.00010299682617,62.272203422129294,,
2021-01-08 00:00:00-05:00,VZ,SELL,5447,42.557098388671875,,0.12309614507034043,STOP_LOSS
2021-01-08 00:00:00-05:00,BAC,SELL_40,2706,28.82924461364746,,,TP_35%
2021-01-08 00:00:00-05:00,WFC,SELL_ALL,4475,29.435386657714844,,,TP_50%
2021-01-08 00:00:00-05:00,JPM,SELL_40,659,119.78282165527344,,,TP_35%
2021-01-08 00:00:00-05:00,WFC,BUY,5671,29.435386657714844,83.19999999999999,,
2021-01-08 00:00:00-05:00,VZ,BUY,3923,42.557098388671875,77.27042873633857,,
2021-01-29 00:00:00-05:00,BAC,SELL,4060,26.27688217163086,,0.25885227837699465,STOP_LOSS
2021-01-29 00:00:00-05:00,JPM,SELL,989,113.31021881103516,,0.32187499833116784,STOP_LOSS
2021-01-29 00:00:00-05:00,CVX,SELL,1007,68.88887023925781,,-0.022823717844658722,STOP_LOSS
2021-01-29 00:00:00-05:00,XOM,SELL,1480,36.648193359375,,0.07788477472541837,STOP_LOSS
2021-01-29 00:00:00-05:00,WFC,SELL,5671,26.499832153320312,,-0.09972875636152513,STOP_LOSS
2021-01-29 00:00:00-05:00,VZ,SELL,3923,40.311439514160156,,-0.05276813879560649,STOP_LOSS
2021-01-29 00:00:00-05:00,BAC,BUY,9386,26.27688217163086,88.0,,
2021-01-29 00:00:00-05:00,WFC,BUY,9307,26.499832153320312,83.19999999999999,,
2021-01-29 00:00:00-05:00,VZ,BUY,6118,40.311439514160156,77.27042873633857,,
2021-01-29 00:00:00-05:00,JPM,BUY,2176,113.31021881103516,70.24459860016623,,
2021-02-05 00:00:00-05:00,PFE,SELL,2445,27.203983306884766,,-0.06316652078237071,STOP_LOSS
2021-02-12 00:00:00-05:00,BRK-B,SELL_30,299,242.4600067138672,,,TP_20%
2021-02-19 00:00:00-05:00,WFC,SELL_30,2792,33.65666961669922,,,TP_20%
2021-02-19 00:00:00-05:00,PFE,BUY,2084,26.830041885375977,63.69646717588384,,
2021-02-19 00:00:00-05:00,XOM,BUY,1284,43.52939987182617,62.272203422129294,,
2021-02-19 00:00:00-05:00,CVX,BUY,712,78.55448913574219,58.89934767609792,,
2021-03-05 00:00:00-05:00,BAC,SELL_30,2815,32.8912353515625,,,TP_20%
2021-03-12 00:00:00-05:00,JPM,SELL_30,652,137.50982666015625,,,TP_20%
2021-03-19 00:00:00-04:00,XOM,SELL,1284,46.95391845703125,,0.07867139439754951,STOP_LOSS
2021-03-19 00:00:00-04:00,CVX,SELL,712,84.76995086669922,,0.07912293491230922,STOP_LOSS
2021-03-19 00:00:00-04:00,XOM,BUY,1889,46.95391845703125,62.272203422129294,,
2021-03-19 00:00:00-04:00,CVX,BUY,1046,84.76995086669922,58.89934767609792,,
2021-04-09 00:00:00-04:00,BAC,SELL_40,2628,35.6165885925293,,,TP_35%
2021-04-09 00:00:00-04:00,WFC,SELL_40,2606,36.0321159362793,,,TP_35%
2021-04-23 00:00:00-04:00,CVX,SELL,1046,83.2693862915039,,-0.01770160958987638,STOP_LOSS
2021-04-23 00:00:00-04:00,CVX,BUY,1349,83.2693862915039,58.89934767609792,,
2021-04-30 00:00:00-04:00,BRK-B,SELL_40,280,274.95001220703125,,,TP_35%
2021-04-30 00:00:00-04:00,WFC,SELL_ALL,3909,40.08016586303711,,,TP_50%
2021-04-30 00:00:00-04:00,WFC,BUY,3552,40.08016586303711,83.19999999999999,,
2021-04-30 00:00:00-04:00,DIS,BUY_FORZADO,82,181.74012756347656,72.0,,
2021-04-30 00:00:00-04:00,UNH,BUY_FORZADO,40,368.89483642578125,62.0,,
2021-05-14 00:00:00-04:00,DIS,SELL,82,169.70358276367188,,-0.06622942858670917,STOP_LOSS
2021-05-28 00:00:00-04:00,XOM,SELL,1889,49.22333908081055,,0.048332933615670495,STOP_LOSS
2021-05-28 00:00:00-04:00,XOM,BUY,2552,49.22333908081055,62.272203422129294,,
2021-06-18 00:00:00-04:00,BRK-B,SELL,420,274.0400085449219,,0.3573056801845384,STOP_LOSS
2021-06-18 00:00:00-04:00,BAC,SELL,3943,34.68430709838867,,0.31995519376475595,STOP_LOSS
2021-06-18 00:00:00-04:00,JPM,SELL,1524,131.02951049804688,,0.15637858502913823,STOP_LOSS
2021-06-18 00:00:00-04:00,CVX,SELL,1349,85.51708984375,,0.026993156216829597,STOP_LOSS
2021-06-18 00:00:00-04:00,WFC,SELL,3552,37.22524642944336,,-0.07123023001825013,STOP_LOSS
2021-06-18 00:00:00-04:00,UNH,SELL,40,361.4911804199219,,-0.02006982824046368,STOP_LOSS
2021-06-18 00:00:00-04:00,BAC,BUY,7874,34.68430709838867,88.0,,
2021-06-18 00:00:00-04:00,WFC,BUY,7336,37.22524642944336,83.19999999999999,,
2021-06-18 00:00:00-04:00,BRK-B,BUY,996,274.0400085449219,79.0849466385969,,
2021-06-18 00:00:00-04:00,JPM,BUY,2084,131.02951049804688,70.24459860016623,,
2021-07-09 00:00:00-04:00,XOM,SELL,2552,51.63517761230469,,0.048997865169906424,STOP_LOSS
2021-07-09 00:00:00-04:00,WFC,SELL,7336,39.151153564453125,,0.05173658524088283,STOP_LOSS
2021-07-09 00:00:00-04:00,WFC,BUY,2651,39.151153564453125,83.19999999999999,,
2021-07-09 00:00:00-04:00,XOM,BUY,2010,51.63517761230469,62.272203422129294,,
2021-07-09 00:00:00-04:00,CVX,BUY,1201,86.38032531738281,58.89934767609792,,
2021-07-16 00:00:00-04:00,BAC,SELL,7874,33.915130615234375,,-0.022176498465786867,STOP_LOSS
2021-07-16 00:00:00-04:00,XOM,SELL,2010,48.3378791809082,,-0.06385759832480438,STOP_LOSS
2021-07-16 00:00:00-04:00,CVX,SELL,1201,81.85670471191406,,-0.0523686451613587,STOP_LOSS
2021-07-16 00:00:00-04:00,BAC,BUY,4181,33.915130615234375,88.0,,
2021-07-16 00:00:00-04:00,XOM,BUY,2934,48.3378791809082,62.272203422129294,,
2021-07-16 00:00:00-04:00,CVX,BUY,1732,81.85670471191406,58.89934767609792,,
2021-07-23 00:00:00-04:00,PFE,SELL_30,625,32.79022216796875,,,TP_20%
2021-08-13 00:00:00-04:00,PFE,SELL_40,583,38.48530578613281,,,TP_35%
2021-08-20 00:00:00-04:00,WFC,SELL,2651,42.46477127075195,,0.08463652803598085,STOP_LOSS
2021-08-20 00:00:00-04:00,XOM,SELL,2934,45.14874267578125,,-0.06597592941948004,STOP_LOSS
2021-08-20 00:00:00-04:00,CVX,SELL,1732,79.3262939453125,,-0.03091268791612212,STOP_LOSS
2021-08-20 00:00:00-04:00,WFC,BUY,3328,42.46477127075195,83.19999999999999,,
2021-08-20 00:00:00-04:00,XOM,BUY,3130,45.14874267578125,62.272203422129294,,
2021-08-20 00:00:00-04:00,CVX,BUY,1781,79.3262939453125,58.89934767609792,,
2021-08-27 00:00:00-04:00,VZ,SELL,6118,41.2179069519043,,0.022486605506254045,STOP_LOSS
2021-08-27 00:00:00-04:00,VZ,BUY,2370,41.2179069519043,77.27042873633857,,
2021-09-03 00:00:00-04:00,WFC,SELL,3328,39.55438995361328,,-0.06853637097400844,STOP_LOSS
2021-09-03 00:00:00-04:00,WFC,BUY,2695,39.55438995361328,83.19999999999999,,
2021-09-10 00:00:00-04:00,PFE,SELL,876,36.19111251831055,,0.34890257245691925,STOP_LOSS
2021-09-10 00:00:00-04:00,PFE,BUY,2433,36.19111251831055,63.69646717588384,,
2021-10-01 00:00:00-04:00,PFE,SELL,2433,34.07950210571289,,-0.058346103937238936,STOP_LOSS
2021-10-01 00:00:00-04:00,PFE,BUY,2523,34.07950210571289,63.69646717588384,,
2021-10-15 00:00:00-04:00,BAC,SELL_30,1254,41.68522262573242,,,TP_20%
2021-10-29 00:00:00-04:00,XOM,SELL_30,939,55.19036102294922,,,TP_20%
2021-10-29 00:00:00-04:00,CVX,SELL_30,534,96.31033325195312,,,TP_20%
2021-11-19 00:00:00-05:00,JPM,SELL,2084,144.23037719726562,,0.10074727936509785,STOP_LOSS
2021-11-19 00:00:00-05:00,XOM,SELL,2191,52.635311126708984,,0.16582008727662065,STOP_LOSS
2021-11-19 00:00:00-05:00,VZ,SELL,2370,38.729949951171875,,-0.060361070823793404,STOP_LOSS
2021-11-19 00:00:00-05:00,VZ,BUY,5929,38.729949951171875,77.27042873633857,,
2021-11-19 00:00:00-05:00,JPM,BUY,1592,144.23037719726562,70.24459860016623,,
2021-11-19 00:00:00-05:00,XOM,BUY,4363,52.635311126708984,62.272203422129294,,
2021-11-26 00:00:00-05:00,PFE,SELL_30,756,43.24357986450195,,,TP_20%
2021-12-03 00:00:00-05:00,BAC,SELL,2927,39.62762451171875,,0.1684349667200861,STOP_LOSS
2021-12-03 00:00:00-05:00,WFC,SELL,2695,42.925392150878906,,0.08522447701048882,STOP_LOSS
2021-12-03 00:00:00-05:00,BAC,BUY,3111,39.62762451171875,88.0,,
2021-12-03 00:00:00-05:00,WFC,BUY,2872,42.925392150878906,83.19999999999999,,
2021-12-17 00:00:00-05:00,PFE,SELL_40,706,47.63199996948242,,,TP_35%
2022-01-07 00:00:00-05:00,PFE,SELL,1061,44.620967864990234,,0.30931982886892684,STOP_LOSS
2022-01-07 00:00:00-05:00,PFE,BUY,1791,44.620967864990234,63.69646717588384,,
2022-01-14 00:00:00-05:00,CVX,SELL_40,498,109.73650360107422,,,TP_35%
2022-01-14 00:00:00-05:00,JPM,SELL,1592,142.36288452148438,,-0.012947984412652944,STOP_LOSS
2022-01-14 00:00:00-05:00,WFC,SELL_30,861,52.19368362426758,,,TP_20%
2022-01-14 00:00:00-05:00,JPM,BUY,992,142.36288452148438,70.24459860016623,,
2022-01-21 00:00:00-05:00,BRK-B,SELL,996,305.2200012207031,,0.1137789800888511,STOP_LOSS
2022-01-21 00:00:00-05:00,BAC,SELL,3111,40.576080322265625,,0.02393420807412758,STOP_LOSS
2022-01-21 00:00:00-05:00,WFC,SELL,2011,48.24723815917969,,0.12397897238993111,STOP_LOSS
2022-01-21 00:00:00-05:00,PFE,SELL,1791,42.27461242675781,,-0.052584144865073186,STOP_LOSS
2022-01-21 00:00:00-05:00,JPM,SELL,992,130.81265258789062,,-0.08113232583349822,STOP_LOSS
2022-01-21 00:00:00-05:00,BAC,BUY,7138,40.576080322265625,88.0,,
2022-01-21 00:00:00-05:00,WFC,BUY,6003,48.24723815917969,83.19999999999999,,
2022-01-21 00:00:00-05:00,BRK-B,BUY,948,305.2200012207031,79.0849466385969,,
2022-01-21 00:00:00-05:00,JPM,BUY,2214,130.81265258789062,70.24459860016623,,
2022-01-28 00:00:00-05:00,XOM,SELL_30,1308,65.31047821044922,,,TP_20%
2022-02-25 00:00:00-05:00,CVX,SELL_ALL,749,120.70832061767578,,,TP_50%
2022-02-25 00:00:00-05:00,BAC,SELL,7138,40.666419982910156,,0.002226426503669909,STOP_LOSS
2022-02-25 00:00:00-05:00,WFC,SELL,6003,48.86117935180664,,0.012724898171402222,STOP_LOSS
2022-02-25 00:00:00-05:00,BAC,BUY,4641,40.666419982910156,88.0,,
2022-02-25 00:00:00-05:00,WFC,BUY,3863,48.86117935180664,83.19999999999999,,
2022-02-25 00:00:00-05:00,PFE,BUY,4902,38.50506591796875,63.69646717588384,,
2022-02-25 00:00:00-05:00,CVX,BUY,1563,120.70832061767578,58.89934767609792,,
2022-03-04 00:00:00-05:00,XOM,SELL_40,1222,73.76250457763672,,,TP_35%
2022-03-04 00:00:00-05:00,JPM,SELL,2214,121.18293762207031,,-0.07361455314385804,STOP_LOSS
2022-03-04 00:00:00-05:00,BAC,SELL,4641,37.17085647583008,,-0.085957001096951,STOP_LOSS
2022-03-04 00:00:00-05:00,WFC,SELL,3863,44.0572395324707,,-0.09831813073415535,STOP_LOSS
2022-03-04 00:00:00-05:00,BAC,BUY,4709,37.17085647583008,88.0,,
2022-03-04 00:00:00-05:00,WFC,BUY,3973,44.0572395324707,83.19999999999999,,
2022-03-04 00:00:00-05:00,JPM,BUY,1444,121.18293762207031,70.24459860016623,,
2022-03-11 00:00:00-05:00,CVX,SELL_30,468,146.9514923095703,,,TP_20%
2022-03-18 00:00:00-04:00,VZ,SELL,5929,39.15033721923828,,0.01085431994093466,STOP_LOSS
2022-03-18 00:00:00-04:00,XOM,SELL,1833,69.00816345214844,,0.3110621363294516,STOP_LOSS
2022-03-18 00:00:00-04:00,CVX,SELL,1095,139.06649780273438,,0.15208708969786078,STOP_LOSS
2022-03-18 00:00:00-04:00,VZ,BUY,4799,39.15033721923828,77.27042873633857,,
2022-03-18 00:00:00-04:00,XOM,BUY,2722,69.00816345214844,62.272203422129294,,
2022-03-18 00:00:00-04:00,CVX,BUY,1351,139.06649780273438,58.89934767609792,,
2022-04-01 00:00:00-04:00,PFE,SELL,4902,41.61160659790039,,0.08067875241532685,STOP_LOSS
2022-04-01 00:00:00-04:00,BAC,SELL,4709,37.12547302246094,,-0.0012209418257190467,STOP_LOSS
2022-04-01 00:00:00-04:00,WFC,SELL,3973,43.98500061035156,,-0.0016396606524995668,STOP_LOSS
2022-04-01 00:00:00-04:00,BAC,BUY,4989,37.12547302246094,88.0,,
2022-04-01 00:00:00-04:00,WFC,BUY,4211,43.98500061035156,83.19999999999999,,
2022-04-01 00:00:00-04:00,PFE,BUY,4451,41.61160659790039,63.69646717588384,,
2022-04-08 00:00:00-04:00,JPM,SELL,1444,121.25460815429688,,0.0005914242849111258,STOP_LOSS
2022-04-08 00:00:00-04:00,JPM,BUY,738,121.25460815429688,70.24459860016623,,
2022-04-14 00:00:00-04:00,BAC,SELL,4989,34.102779388427734,,-0.08141831976671304,STOP_LOSS
2022-04-14 00:00:00-04:00,JPM,SELL,738,114.56014251708984,,-0.05520998945201573,STOP_LOSS
2022-04-14 00:00:00-04:00,BAC,BUY,3846,34.102779388427734,88.0,,
2022-04-14 00:00:00-04:00,JPM,BUY,1144,114.56014251708984,70.24459860016623,,
2022-04-22 00:00:00-04:00,BRK-B,SELL,948,335.55999755859375,,0.099403696404391,STOP_LOSS
2022-04-22 00:00:00-04:00,CVX,SELL,1351,138.3958282470703,,-0.004822653667567053,STOP_LOSS
2022-04-22 00:00:00-04:00,PFE,SELL,4451,38.83588790893555,,-0.06670539582350322,STOP_LOSS
2022-04-22 00:00:00-04:00,BRK-B,BUY,701,335.55999755859375,79.0849466385969,,
2022-04-22 00:00:00-04:00,PFE,BUY,6064,38.83588790893555,63.69646717588384,,
2022-04-22 00:00:00-04:00,CVX,BUY,1701,138.3958282470703,58.89934767609792,,
2022-04-29 00:00:00-04:00,VZ,SELL,4799,36.11677169799805,,-0.07748504193597483,STOP_LOSS
2022-04-29 00:00:00-04:00,WFC,SELL,4211,39.39777374267578,,-0.10429070828741127,STOP_LOSS
2022-04-29 00:00:00-04:00,BAC,SELL,3846,32.387203216552734,,-0.050306051372960965,STOP_LOSS
2022-04-29 00:00:00-04:00,JPM,SELL,1144,108.41974639892578,,-0.05359975977027133,STOP_LOSS
2022-04-29 00:00:00-04:00,BAC,BUY,6370,32.387203216552734,88.0,,
2022-04-29 00:00:00-04:00,WFC,BUY,5237,39.39777374267578,83.19999999999999,,
2022-04-29 00:00:00-04:00,VZ,BUY,5712,36.11677169799805,77.27042873633857,,
2022-04-29 00:00:00-04:00,JPM,BUY,1903,108.41974639892578,70.24459860016623,,
2022-05-13 00:00:00-04:00,BRK-B,SELL,701,310.3599853515625,,-0.07509837999277895,STOP_LOSS
2022-05-13 00:00:00-04:00,BAC,SELL,6370,31.924278259277344,,-0.014293452700441725,STOP_LOSS
2022-05-13 00:00:00-04:00,BAC,BUY,3277,31.924278259277344,88.0,,
2022-05-13 00:00:00-04:00,BRK-B,BUY,337,310.3599853515625,79.0849466385969,,
2022-05-20 00:00:00-04:00,WFC,SELL,5237,37.8336067199707,,-0.03970191394370002,STOP_LOSS
2022-05-20 00:00:00-04:00,JPM,SELL,1903,106.58487701416016,,-0.016923756471577626,STOP_LOSS
2022-05-20 00:00:00-04:00,WFC,BUY,4024,37.8336067199707,83.19999999999999,,
2022-05-20 00:00:00-04:00,JPM,BUY,1428,106.58487701416016,70.24459860016623,,
2022-05-27 00:00:00-04:00,XOM,SELL_30,816,86.48137664794922,,,TP_20%
2022-06-10 00:00:00-04:00,PFE,SELL,6064,40.64938735961914,,0.04669648483217337,STOP_LOSS
2022-06-10 00:00:00-04:00,BAC,SELL,3277,30.282262802124023,,-0.0514346931766936,STOP_LOSS
2022-06-10 00:00:00-04:00,BRK-B,SELL,337,291.7099914550781,,-0.060091489807742,STOP_LOSS
2022-06-10 00:00:00-04:00,WFC,SELL,4024,36.389991760253906,,-0.038156947879747764,STOP_LOSS
2022-06-10 00:00:00-04:00,JPM,SELL,1428,108.59232330322266,,0.018834250648858974,STOP_LOSS
2022-06-10 00:00:00-04:00,BAC,BUY,9236,30.282262802124023,88.0,,
2022-06-10 00:00:00-04:00,WFC,BUY,7686,36.389991760253906,83.19999999999999,,
2022-06-10 00:00:00-04:00,BRK-B,BUY,958,291.7099914550781,79.0849466385969,,
2022-06-10 00:00:00-04:00,JPM,BUY,2575,108.59232330322266,70.24459860016623,,
2022-06-17 00:00:00-04:00,XOM,SELL,1906,76.31700897216797,,0.10591276675675658,STOP_LOSS
2022-06-17 00:00:00-04:00,CVX,SELL,1701,128.63690185546875,,-0.0705145994298289,STOP_LOSS
2022-06-17 00:00:00-04:00,BRK-B,SELL,958,268.0799865722656,,-0.08100512692398265,STOP_LOSS
2022-06-17 00:00:00-04:00,JPM,SELL,2575,102.66993713378906,,-0.0545377977860967,STOP_LOSS
2022-06-17 00:00:00-04:00,BRK-B,BUY,830,268.0799865722656,79.0849466385969,,
2022-06-17 00:00:00-04:00,JPM,BUY,2168,102.66993713378906,70.24459860016623,,
2022-06-17 00:00:00-04:00,PFE,BUY,5881,37.85102844238281,63.69646717588384,,
2022-06-17 00:00:00-04:00,XOM,BUY,2917,76.31700897216797,62.272203422129294,,
2022-07-22 00:00:00-04:00,VZ,SELL,5712,35.10989761352539,,-0.027878296900175806,STOP_LOSS
2022-07-22 00:00:00-04:00,VZ,BUY,1396,35.10989761352539,77.27042873633857,,
2022-07-22 00:00:00-04:00,CVX,BUY,392,125.00440216064453,58.89934767609792,,
2022-08-05 00:00:00-04:00,PFE,SELL,5881,40.39095687866211,,0.06710328730289587,STOP_LOSS
2022-08-05 00:00:00-04:00,XOM,SELL,2917,78.38176727294922,,0.027055021267070965,STOP_LOSS
2022-08-05 00:00:00-04:00,CVX,SELL,392,133.19700622558594,,0.06553852443062766,STOP_LOSS
2022-08-05 00:00:00-04:00,PFE,BUY,3806,40.39095687866211,63.69646717588384,,
2022-08-05 00:00:00-04:00,XOM,BUY,1961,78.38176727294922,62.272203422129294,,
2022-08-05 00:00:00-04:00,CVX,BUY,1154,133.19700622558594,58.89934767609792,,
2022-08-26 00:00:00-04:00,BAC,SELL,9236,31.067392349243164,,0.025927043571660403,STOP_LOSS
2022-08-26 00:00:00-04:00,JPM,SELL,2168,105.08097076416016,,0.02348334573565852,STOP_LOSS
2022-08-26 00:00:00-04:00,VZ,SELL,1396,34.162052154541016,,-0.026996531559785476,STOP_LOSS
2022-08-26 00:00:00-04:00,PFE,SELL,3806,38.382469177246094,,-0.04972617280273118,STOP_LOSS
2022-08-26 00:00:00-04:00,BAC,BUY,6923,31.067392349243164,88.0,,
2022-08-26 00:00:00-04:00,VZ,BUY,6296,34.162052154541016,77.27042873633857,,
2022-08-26 00:00:00-04:00,JPM,BUY,2046,105.08097076416016,70.24459860016623,,
2022-08-26 00:00:00-04:00,PFE,BUY,5603,38.382469177246094,63.69646717588384,,
2022-09-02 00:00:00-04:00,WFC,SELL,7686,39.65724182128906,,0.08978430340299587,STOP_LOSS
2022-09-02 00:00:00-04:00,BRK-B,SELL,830,277.6700134277344,,0.035773005579749204,STOP_LOSS
2022-09-02 00:00:00-04:00,WFC,BUY,3380,39.65724182128906,83.19999999999999,,
2022-09-02 00:00:00-04:00,BRK-B,BUY,482,277.6700134277344,79.0849466385969,,
2022-09-23 00:00:00-04:00,XOM,SELL,1961,76.7274398803711,,-0.021106023124194847,STOP_LOSS
2022-09-23 00:00:00-04:00,CVX,SELL,1154,126.64762115478516,,-0.049170662737783845,STOP_LOSS
2022-09-23 00:00:00-04:00,BAC,SELL,6923,29.15849494934082,,-0.061443760018334674,STOP_LOSS
2022-09-23 00:00:00-04:00,VZ,SELL,6296,31.215818405151367,,-0.08624287955716438,STOP_LOSS
2022-09-23 00:00:00-04:00,JPM,SELL,2046,100.0134048461914,,-0.04822534357188427,STOP_LOSS
2022-09-23 00:00:00-04:00,PFE,SELL,5603,36.13625717163086,,-0.05852182138784428,STOP_LOSS
2022-09-23 00:00:00-04:00,WFC,SELL,3380,36.942115783691406,,-0.06846482288992939,STOP_LOSS
2022-09-23 00:00:00-04:00,BRK-B,SELL,482,267.7699890136719,,-0.03565391988803664,STOP_LOSS
2022-09-23 00:00:00-04:00,BAC,BUY,13948,29.15849494934082,88.0,,
2022-09-23 00:00:00-04:00,WFC,BUY,11009,36.942115783691406,83.19999999999999,,
2022-09-23 00:00:00-04:00,BRK-B,BUY,1518,267.7699890136719,79.0849466385969,,
2022-09-23 00:00:00-04:00,VZ,BUY,13028,31.215818405151367,77.27042873633857,,
2022-10-07 00:00:00-04:00,VZ,SELL,13028,29.597393035888672,,-0.05184632189542773,STOP_LOSS
2022-10-07 00:00:00-04:00,VZ,BUY,3251,29.597393035888672,77.27042873633857,,
2022-10-07 00:00:00-04:00,JPM,BUY,982,97.9865493774414,70.24459860016623,,
2022-10-07 00:00:00-04:00,PFE,BUY,2773,34.69343185424805,63.69646717588384,,
2022-10-07 00:00:00-04:00,XOM,BUY,1064,90.39969635009766,62.272203422129294,,
2022-11-04 00:00:00-04:00,JPM,SELL_30,294,120.8235855102539,,,TP_20%
2022-11-11 00:00:00-05:00,BAC,SELL_30,4184,35.297119140625,,,TP_20%
2022-12-02 00:00:00-05:00,BAC,SELL,9764,33.349796295166016,,0.1437420330887122,STOP_LOSS
2022-12-02 00:00:00-05:00,PFE,SELL_30,831,42.093109130859375,,,TP_20%
2022-12-02 00:00:00-05:00,BAC,BUY,3975,33.349796295166016,88.0,,
2022-12-02 00:00:00-05:00,CVX,BUY,830,159.59361267089844,58.89934767609792,,
2022-12-09 00:00:00-05:00,WFC,SELL,11009,39.10299301147461,,0.058493596859364276,STOP_LOSS
2022-12-09 00:00:00-05:00,XOM,SELL,1064,93.39141082763672,,0.03309429786083381,STOP_LOSS
2022-12-09 00:00:00-05:00,BAC,SELL,3975,29.929777145385742,,-0.10254992622776524,STOP_LOSS
2022-12-09 00:00:00-05:00,CVX,SELL,830,148.10655212402344,,-0.07197694415604668,STOP_LOSS
2022-12-09 00:00:00-05:00,BAC,BUY,8687,29.929777145385742,88.0,,
2022-12-09 00:00:00-05:00,WFC,BUY,6649,39.10299301147461,83.19999999999999,,
2022-12-09 00:00:00-05:00,XOM,BUY,2784,93.39141082763672,62.272203422129294,,
2022-12-09 00:00:00-05:00,CVX,BUY,1755,148.10655212402344,58.89934767609792,,
2022-12-16 00:00:00-05:00,BRK-B,SELL,1518,300.0,,0.1203645378821094,STOP_LOSS
2022-12-16 00:00:00-05:00,JPM,SELL,688,119.53841400146484,,0.21994717398411762,STOP_LOSS
2022-12-16 00:00:00-05:00,BRK-B,BUY,447,300.0,79.0849466385969,,
2022-12-16 00:00:00-05:00,JPM,BUY,1124,119.53841400146484,70.24459860016623,,
2023-01-13 00:00:00-05:00,PFE,SELL,1942,39.56306457519531,,0.14036180512222812,STOP_LOSS
2023-01-13 00:00:00-05:00,PFE,BUY,2147,39.56306457519531,63.69646717588384,,
2023-01-20 00:00:00-05:00,JPM,SELL,1124,125.81426239013672,,0.05250068307410344,STOP_LOSS
2023-01-20 00:00:00-05:00,PFE,SELL,2147,37.2975959777832,,-0.057262212160189445,STOP_LOSS
2023-01-20 00:00:00-05:00,JPM,BUY,948,125.81426239013672,70.24459860016623,,
2023-01-20 00:00:00-05:00,PFE,BUY,3200,37.2975959777832,63.69646717588384,,
2023-02-03 00:00:00-05:00,CVX,SELL,1755,149.3848419189453,,0.008630879435039738,STOP_LOSS
2023-02-03 00:00:00-05:00,CVX,BUY,835,149.3848419189453,58.89934767609792,,
2023-02-17 00:00:00-05:00,XOM,SELL,2784,101.14512634277344,,0.08302386104271392,STOP_LOSS
2023-02-17 00:00:00-05:00,XOM,BUY,1622,101.14512634277344,62.272203422129294,,
2023-02-17 00:00:00-05:00,DIS,BUY_FORZADO,145,102.79914093017578,72.0,,
2023-02-17 00:00:00-05:00,UNH,BUY_FORZADO,31,472.4630432128906,62.0,,
2023-02-24 00:00:00-05:00,VZ,SELL,3251,31.604576110839844,,0.06781621180342938,STOP_LOSS
2023-02-24 00:00:00-05:00,BAC,SELL,8687,31.62130355834961,,0.056516505443631376,STOP_LOSS
2023-02-24 00:00:00-05:00,PFE,SELL,3200,34.836402893066406,,-0.06598798180405081,STOP_LOSS
2023-02-24 00:00:00-05:00,BAC,BUY,7529,31.62130355834961,88.0,,
2023-02-24 00:00:00-05:00,VZ,BUY,7533,31.604576110839844,77.27042873633857,,
2023-02-24 00:00:00-05:00,PFE,BUY,6835,34.836402893066406,63.69646717588384,,
2023-03-10 00:00:00-05:00,WFC,SELL,6649,38.29685592651367,,-0.020615738665436173,STOP_LOSS
2023-03-10 00:00:00-05:00,JPM,SELL,948,124.48233032226562,,-0.010586495064771856,STOP_LOSS
2023-03-10 00:00:00-05:00,CVX,SELL,835,142.0072784423828,,-0.049386292355990784,STOP_LOSS
2023-03-10 00:00:00-05:00,DIS,SELL,145,91.41718292236328,,-0.11072036113165053,STOP_LOSS
2023-03-10 00:00:00-05:00,UNH,SELL,31,437.3317565917969,,-0.07435774527927189,STOP_LOSS
2023-03-10 00:00:00-05:00,BAC,SELL,7529,28.16091537475586,,-0.10943218002409119,STOP_LOSS
2023-03-10 00:00:00-05:00,VZ,SELL,7533,29.924001693725586,,-0.05317503424884882,STOP_LOSS
2023-03-10 00:00:00-05:00,PFE,SELL,6835,32.867210388183594,,-0.05652686102314963,STOP_LOSS
2023-03-10 00:00:00-05:00,BAC,BUY,12618,28.16091537475586,88.0,,
2023-03-10 00:00:00-05:00,WFC,BUY,9278,38.29685592651367,83.19999999999999,,
2023-03-10 00:00:00-05:00,VZ,BUY,11875,29.924001693725586,77.27042873633857,,
2023-03-10 00:00:00-05:00,JPM,BUY,2854,124.48233032226562,70.24459860016623,,
2023-03-17 00:00:00-04:00,BRK-B,SELL,447,293.510009765625,,-0.02163330078125,STOP_LOSS
2023-03-17 00:00:00-04:00,XOM,SELL,1622,90.74703979492188,,-0.10280363398443151,STOP_LOSS
2023-03-17 00:00:00-04:00,BAC,SELL,12618,25.88161849975586,,-0.0809383091660159,STOP_LOSS
2023-03-17 00:00:00-04:00,WFC,SELL,9278,34.96347427368164,,-0.08704060874418323,STOP_LOSS
2023-03-17 00:00:00-04:00,JPM,SELL,2854,117.18011474609375,,-0.05866065936641418,STOP_LOSS
2023-03-17 00:00:00-04:00,BAC,BUY,12230,25.88161849975586,88.0,,
2023-03-17 00:00:00-04:00,WFC,BUY,9053,34.96347427368164,83.19999999999999,,
2023-03-17 00:00:00-04:00,BRK-B,BUY,1078,293.510009765625,79.0849466385969,,
2023-03-17 00:00:00-04:00,JPM,BUY,2701,117.18011474609375,70.24459860016623,,
2023-04-21 00:00:00-04:00,VZ,SELL,11875,30.949993133544922,,0.034286572040746276,STOP_LOSS
2023-04-21 00:00:00-04:00,VZ,BUY,2902,30.949993133544922,77.27042873633857,,
2023-04-21 00:00:00-04:00,PFE,BUY,2677,33.551414489746094,63.69646717588384,,
2023-04-21 00:00:00-04:00,XOM,BUY,852,105.4443359375,62.272203422129294,,
2023-04-21 00:00:00-04:00,CVX,BUY,597,150.41192626953125,58.89934767609792,,
2023-05-05 00:00:00-04:00,BAC,SELL,12230,25.77928352355957,,-0.003953963551284646,STOP_LOSS
2023-05-05 00:00:00-04:00,WFC,SELL,9053,35.40495300292969,,0.012626855265935771,STOP_LOSS
2023-05-05 00:00:00-04:00,XOM,SELL,852,98.78192901611328,,-0.06318411379949063,STOP_LOSS
2023-05-05 00:00:00-04:00,CVX,SELL,597,142.48756408691406,,-0.05268440062669695,STOP_LOSS
2023-05-05 00:00:00-04:00,BAC,BUY,7832,25.77928352355957,88.0,,
2023-05-05 00:00:00-04:00,WFC,BUY,5703,35.40495300292969,83.19999999999999,,
2023-05-05 00:00:00-04:00,XOM,BUY,2044,98.78192901611328,62.272203422129294,,
2023-05-05 00:00:00-04:00,CVX,BUY,1417,142.48756408691406,58.89934767609792,,
2023-05-12 00:00:00-04:00,PFE,SELL,2677,31.50225067138672,,-0.0610753331721867,STOP_LOSS
2023-05-19 00:00:00-04:00,VZ,SELL,2902,29.896764755249023,,-0.034030003617492394,STOP_LOSS
2023-06-23 00:00:00-04:00,BAC,SELL,7832,26.022499084472656,,0.009434535319447972,STOP_LOSS
2023-06-23 00:00:00-04:00,BAC,BUY,3587,26.022499084472656,88.0,,
2023-06-23 00:00:00-04:00,VZ,BUY,3170,29.448944091796875,77.27042873633857,,
2023-06-23 00:00:00-04:00,PFE,BUY,2889,32.30351638793945,63.69646717588384,,
2023-07-07 00:00:00-04:00,PFE,SELL,2889,29.967195510864258,,-0.07232404203362401,STOP_LOSS
2023-07-14 00:00:00-04:00,JPM,SELL_30,810,141.55690002441406,,,TP_20%
2023-07-14 00:00:00-04:00,XOM,SELL,2044,92.54297637939453,,-0.06315884594338154,STOP_LOSS
2023-07-14 00:00:00-04:00,VZ,SELL,3170,28.709877014160156,,-0.02509655610513346,STOP_LOSS
2023-07-14 00:00:00-04:00,VZ,BUY,4977,28.709877014160156,77.27042873633857,,
2023-07-14 00:00:00-04:00,PFE,BUY,4665,30.63350486755371,63.69646717588384,,
2023-07-14 00:00:00-04:00,XOM,BUY,1544,92.54297637939453,62.272203422129294,,
2023-07-21 00:00:00-04:00,WFC,SELL_30,1710,42.88908004760742,,,TP_20%
2023-08-04 00:00:00-04:00,PFE,SELL,4665,29.866130828857422,,-0.025050154790125685,STOP_LOSS
2023-08-04 00:00:00-04:00,PFE,BUY,2953,29.866130828857422,63.69646717588384,,
2023-08-11 00:00:00-04:00,BRK-B,SELL_30,323,358.3500061035156,,,TP_20%
2023-08-18 00:00:00-04:00,JPM,SELL,1891,140.80076599121094,,0.20157559408691902,STOP_LOSS
2023-08-18 00:00:00-04:00,WFC,SELL,3993,39.9704704284668,,0.1289513765251806,STOP_LOSS
2023-08-18 00:00:00-04:00,BAC,SELL,3587,27.297842025756836,,0.04900924147001558,STOP_LOSS
2023-08-18 00:00:00-04:00,BAC,BUY,8277,27.297842025756836,88.0,,
2023-08-18 00:00:00-04:00,WFC,BUY,5653,39.9704704284668,83.19999999999999,,
2023-08-18 00:00:00-04:00,JPM,BUY,1604,140.80076599121094,70.24459860016623,,
2023-09-08 00:00:00-04:00,PFE,SELL,2953,29.20945167541504,,-0.021987419703120115,STOP_LOSS
2023-09-08 00:00:00-04:00,PFE,BUY,2667,29.20945167541504,63.69646717588384,,
2023-09-29 00:00:00-04:00,VZ,SELL,4977,27.35922622680664,,-0.04704481272028277,STOP_LOSS
2023-09-29 00:00:00-04:00,BAC,SELL,8277,25.88949966430664,,-0.05159171044075045,STOP_LOSS
2023-09-29 00:00:00-04:00,BAC,BUY,5646,25.88949966430664,88.0,,
2023-09-29 00:00:00-04:00,VZ,BUY,5343,27.35922622680664,77.27042873633857,,
2023-10-06 00:00:00-04:00,BRK-B,SELL,755,346.3399963378906,,0.17999381559235977,STOP_LOSS
2023-10-06 00:00:00-04:00,XOM,SELL,1544,99.06013488769531,,0.0704230484394911,STOP_LOSS
2023-10-06 00:00:00-04:00,WFC,SELL,5653,37.32770919799805,,-0.06611784155001055,STOP_LOSS
2023-10-06 00:00:00-04:00,WFC,BUY,6155,37.32770919799805,83.19999999999999,,
2023-10-06 00:00:00-04:00,BRK-B,BUY,663,346.3399963378906,79.0849466385969,,
2023-10-06 00:00:00-04:00,XOM,BUY,2319,99.06013488769531,62.272203422129294,,
2023-10-13 00:00:00-04:00,PFE,SELL,2667,27.38439178466797,,-0.06248182646588959,STOP_LOSS
2023-10-13 00:00:00-04:00,PFE,BUY,2750,27.38439178466797,63.69646717588384,,
2023-10-27 00:00:00-04:00,CVX,SELL,1417,130.8850555419922,,-0.08142821880121845,STOP_LOSS
2023-10-27 00:00:00-04:00,JPM,SELL,1604,129.1953125,,-0.08242464740522344,STOP_LOSS
2023-10-27 00:00:00-04:00,BAC,SELL,5646,23.7998046875,,-0.0807159274571715,STOP_LOSS
2023-10-27 00:00:00-04:00,WFC,SELL,6155,36.453060150146484,,-0.023431629388563482,STOP_LOSS
2023-10-27 00:00:00-04:00,PFE,SELL,2750,25.678726196289062,,-0.062286049724641974,STOP_LOSS
2023-10-27 00:00:00-04:00,BAC,BUY,11039,23.7998046875,88.0,,
2023-10-27 00:00:00-04:00,WFC,BUY,7207,36.453060150146484,83.19999999999999,,
2023-10-27 00:00:00-04:00,JPM,BUY,2033,129.1953125,70.24459860016623,,
2023-10-27 00:00:00-04:00,PFE,BUY,10231,25.678726196289062,63.69646717588384,,
2023-11-10 00:00:00-05:00,XOM,SELL,2319,95.89893341064453,,-0.031911943998810845,STOP_LOSS
2023-11-10 00:00:00-05:00,XOM,BUY,566,95.89893341064453,62.272203422129294,,
2023-11-10 00:00:00-05:00,CVX,BUY,419,129.61566162109375,58.89934767609792,,
2023-12-01 00:00:00-05:00,VZ,SELL_30,1602,33.26284408569336,,,TP_20%
2023-12-01 00:00:00-05:00,BAC,SELL_30,3311,29.508264541625977,,,TP_20%
2023-12-01 00:00:00-05:00,PFE,SELL,10231,24.987747192382812,,-0.026908616830304696,STOP_LOSS
2023-12-01 00:00:00-05:00,PFE,BUY,5101,24.987747192382812,63.69646717588384,,
2023-12-08 00:00:00-05:00,XOM,SELL,566,92.85820007324219,,-0.03170768672037003,STOP_LOSS
2023-12-08 00:00:00-05:00,XOM,BUY,1170,92.85820007324219,62.272203422129294,,
2023-12-15 00:00:00-05:00,WFC,SELL_30,2162,47.7374382019043,,,TP_20%
2023-12-15 00:00:00-05:00,JPM,SELL_30,609,157.32142639160156,,,TP_20%
2023-12-15 00:00:00-05:00,PFE,SELL,5101,23.01707649230957,,-0.0788654809455562,STOP_LOSS
2023-12-15 00:00:00-05:00,PFE,BUY,6943,23.01707649230957,63.69646717588384,,
2024-01-05 00:00:00-05:00,BAC,SELL_40,3091,32.81555938720703,,,TP_35%
2024-01-05 00:00:00-05:00,DIS,BUY_FORZADO,168,89.09805297851562,72.0,,
2024-01-05 00:00:00-05:00,UNH,BUY_FORZADO,29,516.37939453125,62.0,,
2024-01-12 00:00:00-05:00,WFC,SELL,5045,44.97623825073242,,0.23381241699544086,STOP_LOSS
2024-01-12 00:00:00-05:00,WFC,BUY,4317,44.97623825073242,83.19999999999999,,
2024-01-19 00:00:00-05:00,BAC,SELL,4637,30.709186553955078,,0.29031254487915964,STOP_LOSS
2024-01-19 00:00:00-05:00,CVX,SELL,419,130.3238067626953,,0.005463422650818907,STOP_LOSS
2024-01-19 00:00:00-05:00,XOM,SELL,1170,90.4329605102539,,-0.02611766716429315,STOP_LOSS
2024-01-19 00:00:00-05:00,UNH,SELL,29,483.8810119628906,,-0.06293508786860133,STOP_LOSS
2024-01-19 00:00:00-05:00,BAC,BUY,7318,30.709186553955078,88.0,,
2024-01-19 00:00:00-05:00,XOM,BUY,2485,90.4329605102539,62.272203422129294,,
2024-01-19 00:00:00-05:00,CVX,BUY,1724,130.3238067626953,58.89934767609792,,
2024-01-26 00:00:00-05:00,VZ,SELL_40,1496,37.17282485961914,,,TP_35%
2024-01-26 00:00:00-05:00,PFE,SELL,6943,24.10040855407715,,0.04706644921345851,STOP_LOSS
2024-01-26 00:00:00-05:00,PFE,BUY,4602,24.10040855407715,63.69646717588384,,
2024-02-09 00:00:00-05:00,VZ,SELL,2245,34.82322311401367,,0.2728146192926241,STOP_LOSS
2024-02-09 00:00:00-05:00,VZ,BUY,2949,34.82322311401367,77.27042873633857,,
2024-02-16 00:00:00-05:00,DIS,SELL_30,50,109.38770294189453,,,TP_20%
2024-02-23 00:00:00-05:00,BRK-B,SELL_30,198,417.2200012207031,,,TP_20%
2024-02-23 00:00:00-05:00,JPM,SELL_40,569,176.2637481689453,,,TP_35%
2024-03-08 00:00:00-05:00,WFC,SELL_30,1295,54.53212356567383,,,TP_20%
2024-03-08 00:00:00-05:00,UNH,BUY_FORZADO,32,459.7510070800781,62.0,,
2024-03-28 00:00:00-04:00,XOM,SELL_30,745,109.43396759033203,,,TP_20%
2024-04-05 00:00:00-04:00,UNH,SELL,32,439.6561584472656,,-0.043708112268066084,STOP_LOSS
2024-04-05 00:00:00-04:00,UNH,BUY_FORZADO,34,439.6561584472656,62.0,,
2024-04-12 00:00:00-04:00,JPM,SELL,855,176.1356201171875,,0.36332825633428073,STOP_LOSS
2024-04-12 00:00:00-04:00,DIS,SELL,118,111.74992370605469,,0.25423530560203317,STOP_LOSS
2024-04-12 00:00:00-04:00,BAC,SELL,7318,34.352081298828125,,0.11862556953348781,STOP_LOSS
2024-04-12 00:00:00-04:00,PFE,SELL,4602,22.68790054321289,,-0.05860929733596981,STOP_LOSS
2024-04-12 00:00:00-04:00,BAC,BUY,8334,34.352081298828125,88.0,,
2024-04-12 00:00:00-04:00,JPM,BUY,1625,176.1356201171875,70.24459860016623,,
2024-04-12 00:00:00-04:00,PFE,BUY,12619,22.68790054321289,63.69646717588384,,
2024-05-03 00:00:00-04:00,VZ,SELL,2949,34.64768600463867,,-0.005040805924261497,STOP_LOSS
2024-05-03 00:00:00-04:00,VZ,BUY,2780,34.64768600463867,77.27042873633857,,
2024-05-24 00:00:00-04:00,XOM,SELL,1740,107.6463851928711,,0.19034458880360786,STOP_LOSS
2024-05-24 00:00:00-04:00,XOM,BUY,1099,107.6463851928711,62.272203422129294,,
2024-05-31 00:00:00-04:00,UNH,SELL,34,477.8875732421875,,0.08695753274546142,STOP_LOSS
2024-06-07 00:00:00-04:00,WFC,SELL,3022,56.08534622192383,,0.24699949135942909,STOP_LOSS
2024-06-07 00:00:00-04:00,WFC,BUY,2410,56.08534622192383,83.19999999999999,,
2024-06-14 00:00:00-04:00,CVX,SELL,1724,142.74073791503906,,0.09527753570729833,STOP_LOSS
2024-06-14 00:00:00-04:00,JPM,SELL,1625,186.72552490234375,,0.0601235841910371,STOP_LOSS
2024-06-14 00:00:00-04:00,XOM,SELL,1099,103.55579376220703,,-0.03800026748074178,STOP_LOSS
2024-06-14 00:00:00-04:00,JPM,BUY,1432,186.72552490234375,70.24459860016623,,
2024-06-14 00:00:00-04:00,XOM,BUY,2583,103.55579376220703,62.272203422129294,,
2024-06-14 00:00:00-04:00,CVX,BUY,1874,142.74073791503906,58.89934767609792,,
2024-07-12 00:00:00-04:00,WFC,SELL,2410,54.33628463745117,,-0.031185714313892315,STOP_LOSS
2024-07-12 00:00:00-04:00,WFC,BUY,1812,54.33628463745117,83.19999999999999,,
2024-07-19 00:00:00-04:00,BAC,SELL_30,2500,41.42686080932617,,,TP_20%
2024-07-26 00:00:00-04:00,PFE,SELL_30,3785,27.789464950561523,,,TP_20%
2024-08-02 00:00:00-04:00,BAC,SELL,5834,36.28954315185547,,0.056400130058304146,STOP_LOSS
2024-08-02 00:00:00-04:00,JPM,SELL,1432,192.95367431640625,,0.03335456905165902,STOP_LOSS
2024-08-02 00:00:00-04:00,CVX,SELL,1874,138.979736328125,,-0.026348480762041836,STOP_LOSS
2024-08-02 00:00:00-04:00,WFC,SELL,1812,51.18412399291992,,-0.05801207545866376,STOP_LOSS
2024-08-02 00:00:00-04:00,BAC,BUY,9265,36.28954315185547,88.0,,
2024-08-02 00:00:00-04:00,WFC,BUY,6569,51.18412399291992,83.19999999999999,,
2024-08-02 00:00:00-04:00,JPM,BUY,1742,192.95367431640625,70.24459860016623,,
2024-08-02 00:00:00-04:00,CVX,BUY,2419,138.979736328125,58.89934767609792,,
2024-08-09 00:00:00-04:00,PFE,SELL,8834,25.784503936767578,,0.13648699612626958,STOP_LOSS
2024-08-30 00:00:00-04:00,BRK-B,SELL_40,186,475.9200134277344,,,TP_35%
2024-08-30 00:00:00-04:00,PFE,BUY,2946,26.1999454498291,63.69646717588384,,
2024-09-06 00:00:00-04:00,WFC,SELL,6569,52.29173278808594,,0.02163969427940637,STOP_LOSS
2024-09-06 00:00:00-04:00,JPM,SELL,1742,205.85989379882812,,0.06688765854366785,STOP_LOSS
2024-09-06 00:00:00-04:00,CVX,SELL,2419,131.0841827392578,,-0.056810825789927646,STOP_LOSS
2024-09-06 00:00:00-04:00,WFC,BUY,6000,52.29173278808594,83.19999999999999,,
2024-09-06 00:00:00-04:00,JPM,BUY,1524,205.85989379882812,70.24459860016623,,
2024-09-06 00:00:00-04:00,CVX,BUY,2393,131.0841827392578,58.89934767609792,,
2024-09-13 00:00:00-04:00,BRK-B,SELL,279,447.6099853515625,,0.29240050264039524,STOP_LOSS
2024-09-13 00:00:00-04:00,XOM,SELL,2583,106.34123229980469,,0.026897949756377704,STOP_LOSS
2024-09-13 00:00:00-04:00,BRK-B,BUY,398,447.6099853515625,79.0849466385969,,
2024-09-13 00:00:00-04:00,XOM,BUY,1675,106.34123229980469,62.272203422129294,,
2024-10-25 00:00:00-04:00,VZ,SELL,2780,38.05430603027344,,0.09832171837330445,STOP_LOSS
2024-10-25 00:00:00-04:00,VZ,BUY,2983,38.05430603027344,77.27042873633857,,
2024-11-01 00:00:00-04:00,XOM,SELL,1675,109.97684478759766,,0.03418817338455505,STOP_LOSS
2024-11-01 00:00:00-04:00,XOM,BUY,1192,109.97684478759766,62.272203422129294,,
2024-11-08 00:00:00-05:00,BAC,SELL_30,2779,43.86441421508789,,,TP_20%
2024-11-08 00:00:00-05:00,PFE,SELL,2946,24.506595611572266,,-0.06463180778370214,STOP_LOSS
2024-11-08 00:00:00-05:00,WFC,SELL_30,1800,68.21511840820312,,,TP_20%
2024-11-08 00:00:00-05:00,PFE,BUY,7192,24.506595611572266,63.69646717588384,,
2024-11-15 00:00:00-05:00,WFC,SELL_40,1680,72.40308380126953,,,TP_35%
2024-11-15 00:00:00-05:00,PFE,SELL,7192,22.74563980102539,,-0.0718564030050479,STOP_LOSS
2024-11-15 00:00:00-05:00,PFE,BUY,8918,22.74563980102539,63.69646717588384,,
2024-12-06 00:00:00-05:00,XOM,SELL,1192,109.54938507080078,,-0.00388681560761671,STOP_LOSS
2024-12-06 00:00:00-05:00,XOM,BUY,1686,109.54938507080078,62.272203422129294,,
2024-12-13 00:00:00-05:00,WFC,SELL,2520,68.60469818115234,,0.3119606967161571,STOP_LOSS
2024-12-13 00:00:00-05:00,CVX,SELL,2393,147.05307006835938,,0.12182161871402591,STOP_LOSS
2024-12-13 00:00:00-05:00,BRK-B,SELL,398,457.8999938964844,,0.02298878238125068,STOP_LOSS
2024-12-13 00:00:00-05:00,WFC,BUY,4600,68.60469818115234,83.19999999999999,,
2024-12-13 00:00:00-05:00,BRK-B,BUY,689,457.8999938964844,79.0849466385969,,
2024-12-13 00:00:00-05:00,CVX,BUY,2146,147.05307006835938,58.89934767609792,,
2024-12-20 00:00:00-05:00,BAC,SELL,6486,43.17014694213867,,0.18960293221358454,STOP_LOSS
2024-12-20 00:00:00-05:00,VZ,SELL,2983,36.720848083496094,,-0.03504092140628014,STOP_LOSS
2024-12-20 00:00:00-05:00,XOM,SELL,1686,102.12198638916016,,-0.06779954699736894,STOP_LOSS
2024-12-20 00:00:00-05:00,CVX,SELL,2146,136.52130126953125,,-0.07161882981383733,STOP_LOSS
2024-12-20 00:00:00-05:00,BAC,BUY,6782,43.17014694213867,88.0,,
2024-12-20 00:00:00-05:00,VZ,BUY,7973,36.720848083496094,77.27042873633857,,
2024-12-20 00:00:00-05:00,XOM,BUY,2867,102.12198638916016,62.272203422129294,,
2024-12-20 00:00:00-05:00,CVX,BUY,2144,136.52130126953125,58.89934767609792,,
2025-01-17 00:00:00-05:00,JPM,SELL_30,457,253.95277404785156,,,TP_20%
2025-01-31 00:00:00-05:00,CVX,SELL,2144,142.58041381835938,,0.044382176938569766,STOP_LOSS
2025-01-31 00:00:00-05:00,CVX,BUY,726,142.58041381835938,58.89934767609792,,
2025-02-21 00:00:00-05:00,BAC,SELL,6782,43.795658111572266,,0.014489438043191557,STOP_LOSS
2025-02-21 00:00:00-05:00,BAC,BUY,3456,43.795658111572266,88.0,,
2025-03-07 00:00:00-05:00,JPM,SELL,1067,237.41195678710938,,0.15326959713247876,STOP_LOSS
2025-03-07 00:00:00-05:00,WFC,SELL,4600,69.54045104980469,,0.013639778228911758,STOP_LOSS
2025-03-07 00:00:00-05:00,BAC,SELL,3456,40.71820068359375,,-0.07026855082616852,STOP_LOSS
2025-03-07 00:00:00-05:00,BAC,BUY,7175,40.71820068359375,88.0,,
2025-03-07 00:00:00-05:00,WFC,BUY,4201,69.54045104980469,83.19999999999999,,
2025-03-07 00:00:00-05:00,JPM,BUY,1230,237.41195678710938,70.24459860016623,,
2025-03-14 00:00:00-04:00,VZ,SELL,7973,40.77830505371094,,0.11049464219859445,STOP_LOSS
2025-03-14 00:00:00-04:00,VZ,BUY,3785,40.77830505371094,77.27042873633857,,
2025-03-28 00:00:00-04:00,PFE,SELL,8918,23.50392723083496,,0.03333770500381291,STOP_LOSS
2025-03-28 00:00:00-04:00,PFE,BUY,7127,23.50392723083496,63.69646717588384,,
2025-04-04 00:00:00-04:00,BRK-B,SELL,689,493.5400085449219,,0.07783362114762224,STOP_LOSS
2025-04-04 00:00:00-04:00,XOM,SELL,2867,101.54640197753906,,-0.005636243790124609,STOP_LOSS
2025-04-04 00:00:00-04:00,CVX,SELL,726,138.45106506347656,,-0.028961542783452747,STOP_LOSS
2025-04-04 00:00:00-04:00,BAC,SELL,7175,33.82364273071289,,-0.16932373820876684,STOP_LOSS
2025-04-04 00:00:00-04:00,WFC,SELL,4201,59.68439865112305,,-0.14173121183270385,STOP_LOSS
2025-04-04 00:00:00-04:00,JPM,SELL,1230,207.32411193847656,,-0.12673264335887263,STOP_LOSS
2025-04-04 00:00:00-04:00,PFE,SELL,7127,21.41551971435547,,-0.08885355608741403,STOP_LOSS
2025-04-04 00:00:00-04:00,BAC,BUY,15852,33.82364273071289,88.0,,
2025-04-04 00:00:00-04:00,WFC,BUY,8983,59.68439865112305,83.19999999999999,,
2025-04-04 00:00:00-04:00,BRK-B,BUY,1086,493.5400085449219,79.0849466385969,,
2025-04-04 00:00:00-04:00,JPM,BUY,2586,207.32411193847656,70.24459860016623,,
2025-04-25 00:00:00-04:00,VZ,SELL,3785,39.85468292236328,,-0.02264984113810302,STOP_LOSS
2025-05-02 00:00:00-04:00,WFC,SELL_30,2694,72.23202514648438,,,TP_20%
2025-05-02 00:00:00-04:00,JPM,SELL_30,775,248.96047973632812,,,TP_20%
2025-05-02 00:00:00-04:00,VZ,BUY,3110,41.59494400024414,77.27042873633857,,
2025-05-02 00:00:00-04:00,PFE,BUY,5734,22.562280654907227,63.69646717588384,,
2025-05-02 00:00:00-04:00,XOM,BUY,1251,103.36634063720703,62.272203422129294,,
2025-05-02 00:00:00-04:00,CVX,BUY,966,133.83216857910156,58.89934767609792,,
2025-05-09 00:00:00-04:00,BAC,SELL_30,4755,41.101776123046875,,,TP_20%
2025-05-09 00:00:00-04:00,PFE,SELL,5734,21.16849136352539,,-0.06177519518970663,STOP_LOSS
2025-05-09 00:00:00-04:00,PFE,BUY,3752,21.16849136352539,63.69646717588384,,
2025-05-23 00:00:00-04:00,BRK-B,SELL,1086,503.4599914550781,,0.02009965299348844,STOP_LOSS
2025-05-23 00:00:00-04:00,BRK-B,BUY,389,503.4599914550781,79.0849466385969,,
2025-05-30 00:00:00-04:00,XOM,SELL,1251,100.4780044555664,,-0.027942714851230396,STOP_LOSS
2025-05-30 00:00:00-04:00,XOM,BUY,1770,100.4780044555664,62.272203422129294,,
2025-06-13 00:00:00-04:00,WFC,SELL,6289,71.2111587524414,,0.19312852875835196,STOP_LOSS
2025-06-13 00:00:00-04:00,WFC,BUY,3442,71.2111587524414,83.19999999999999,,
2025-06-13 00:00:00-04:00,DIS,BUY_FORZADO,128,116.64995574951172,72.0,,
2025-06-13 00:00:00-04:00,UNH,BUY_FORZADO,48,307.3020935058594,62.0,,
2025-06-20 00:00:00-04:00,VZ,SELL,3110,39.65498733520508,,-0.04663924214028695,STOP_LOSS
2025-06-20 00:00:00-04:00,VZ,BUY,5210,39.65498733520508,77.27042873633857,,
2025-06-27 00:00:00-04:00,BAC,SELL_40,4438,46.617103576660156,,,TP_35%
2025-06-27 00:00:00-04:00,JPM,SELL_40,724,283.0740966796875,,,TP_35%
2025-07-11 00:00:00-04:00,BRK-B,SELL,389,475.8599853515625,,-0.05482065421672791,STOP_LOSS
2025-07-11 00:00:00-04:00,BRK-B,BUY,636,475.8599853515625,79.0849466385969,,
2025-07-18 00:00:00-04:00,XOM,SELL,1770,105.85057067871094,,0.053470072900585905,STOP_LOSS
2025-07-18 00:00:00-04:00,UNH,SELL,48,279.0021057128906,,-0.09209175072681094,STOP_LOSS
2025-07-18 00:00:00-04:00,XOM,BUY,2624,105.85057067871094,62.272203422129294,,
2025-07-18 00:00:00-04:00,UNH,BUY_FORZADO,53,279.0021057128906,62.0,,
2025-08-01 00:00:00-04:00,BAC,SELL,6659,45.17268371582031,,0.3355357397623571,STOP_LOSS
2025-08-01 00:00:00-04:00,PFE,SELL,3752,22.703229904174805,,0.07250108258984685,STOP_LOSS
2025-08-01 00:00:00-04:00,WFC,SELL,3442,76.54511260986328,,0.07490334311178451,STOP_LOSS
2025-08-01 00:00:00-04:00,DIS,SELL,128,115.80646514892578,,-0.007230955169817698,STOP_LOSS
2025-08-01 00:00:00-04:00,UNH,SELL,53,234.70132446289062,,-0.15878296379450296,STOP_LOSS
2025-08-01 00:00:00-04:00,BAC,BUY,8274,45.17268371582031,88.0,,
2025-08-01 00:00:00-04:00,WFC,BUY,4882,76.54511260986328,83.19999999999999,,
2025-08-01 00:00:00-04:00,PFE,BUY,16462,22.703229904174805,63.69646717588384,,
2025-09-12 00:00:00-04:00,PFE,SELL,16462,23.07050323486328,,0.016177140091460738,STOP_LOSS
2025-09-12 00:00:00-04:00,PFE,BUY,8085,23.07050323486328,63.69646717588384,,
2025-09-19 00:00:00-04:00,JPM,SELL_ALL,1087,311.850341796875,,,TP_50%
2025-09-19 00:00:00-04:00,JPM,BUY,718,311.850341796875,70.24459860016623,,
2025-10-03 00:00:00-04:00,WFC,SELL,4882,79.85560607910156,,0.04324892022971177,STOP_LOSS
2025-10-03 00:00:00-04:00,WFC,BUY,3324,79.85560607910156,83.19999999999999,,
2025-10-03 00:00:00-04:00,DIS,BUY_FORZADO,134,111.71415710449219,72.0,,
2025-10-03 00:00:00-04:00,UNH,BUY_FORZADO,41,357.79437255859375,62.0,,
2025-10-10 00:00:00-04:00,CVX,SELL,966,147.25538635253906,,0.10029888864502484,STOP_LOSS
2025-10-10 00:00:00-04:00,VZ,SELL,5210,39.1703987121582,,-0.012220117962732643,STOP_LOSS
2025-10-10 00:00:00-04:00,XOM,SELL,2624,109.76988983154297,,0.03702690621034412,STOP_LOSS
2025-10-10 00:00:00-04:00,BAC,SELL,8274,48.39848709106445,,0.07141048770840251,STOP_LOSS
2025-10-10 00:00:00-04:00,PFE,SELL,8085,23.950023651123047,,0.03812315697260853,STOP_LOSS
2025-10-10 00:00:00-04:00,BAC,BUY,10320,48.39848709106445,88.0,,
2025-10-10 00:00:00-04:00,VZ,BUY,12752,39.1703987121582,77.27042873633857,,
2025-10-10 00:00:00-04:00,PFE,BUY,20856,23.950023651123047,63.69646717588384,,
2025-10-10 00:00:00-04:00,XOM,BUY,4550,109.76988983154297,62.272203422129294,,
2025-10-17 00:00:00-04:00,JPM,SELL,718,296.22381591796875,,-0.05010905483978803,STOP_LOSS
2025-10-31 00:00:00-04:00,BRK-B,SELL,636,477.5400085449219,,0.003530498980951685,STOP_LOSS
2025-10-31 00:00:00-04:00,UNH,SELL,41,339.27886962890625,,-0.05174900543371551,STOP_LOSS
2025-10-31 00:00:00-04:00,BRK-B,BUY,274,477.5400085449219,79.0849466385969,,
2025-10-31 00:00:00-04:00,JPM,BUY,422,309.722900390625,70.24459860016623,,
2025-10-31 00:00:00-04:00,CVX,BUY,839,155.97796630859375,58.89934767609792,,
2025-11-14 00:00:00-05:00,DIS,SELL,134,105.08898162841797,,-0.05930470808527285,STOP_LOSS
2025-11-21 00:00:00-05:00,JPM,SELL,422,296.6817321777344,,-0.0421059217656912,STOP_LOSS
2025-12-19 00:00:00-05:00,CVX,SELL,839,147.75,,-0.05275082438448502,STOP_LOSS
2025-12-19 00:00:00-05:00,JPM,BUY,309,315.7855529785156,70.24459860016623,,
2025-12-19 00:00:00-05:00,CVX,BUY,661,147.75,58.89934767609792,,
2026-01-16 00:00:00-05:00,WFC,SELL,3324,87.94774627685547,,0.10133465382177648,STOP_LOSS
2026-01-16 00:00:00-05:00,BAC,SELL,10320,52.970001220703125,,0.09445572381295955,STOP_LOSS
2026-01-16 00:00:00-05:00,VZ,SELL,12752,38.90999984741211,,-0.006647848204446994,STOP_LOSS
2026-01-16 00:00:00-05:00,JPM,SELL,309,312.4700012207031,,-0.010499377588809684,STOP_LOSS
2026-01-16 00:00:00-05:00,BAC,BUY,7662,52.970001220703125,88.0,,
2026-01-16 00:00:00-05:00,WFC,BUY,4615,87.94774627685547,83.19999999999999,,
2026-01-16 00:00:00-05:00,VZ,BUY,10431,38.90999984741211,77.27042873633857,,
2026-01-16 00:00:00-05:00,JPM,BUY,1299,312.4700012207031,70.24459860016623,,
2026-01-23 00:00:00-05:00,XOM,SELL_30,1365,134.97000122070312,,,TP_20%
2026-01-23 00:00:00-05:00,BRK-B,SELL,274,478.9700012207031,,0.0029944981576276275,STOP_LOSS
2026-02-06 00:00:00-05:00,XOM,SELL_40,1274,149.0500030517578,,,TP_35%
2026-02-06 00:00:00-05:00,CVX,SELL_30,198,180.86000061035156,,,TP_20%
2026-02-06 00:00:00-05:00,BRK-B,BUY,258,508.0899963378906,79.0849466385969,,
