date,symbol,action,price,hold_minutes,pnl,pnl_pct
2000-01-03,JPM,BUY,23.499963556606076,999,,
2000-01-03,XOM,BUY,17.51717966723613,999,,
2000-01-03,WFC,BUY,9.893092796825371,999,,
2000-01-03,ABT,BUY,8.150869190316556,999,,
2000-01-03,COST,BUY,30.376952311965855,999,,
2000-01-03,CVX,BUY,16.302417968955275,999,,
2000-01-03,JNJ,BUY,23.64400798991575,999,,
2000-01-03,PEP,BUY,18.21031228404934,999,,
2000-01-03,BAC,BUY,12.891209977672945,999,,
2000-01-03,BRK-B,BUY,36.5,999,,
2000-01-04,MRK,BUY,24.979033990217573,999,,
2000-01-04,AMD,BUY,15.125,999,,
2000-01-04,PG,BUY,26.630289293214343,999,,
2000-01-04,ABT,BUY,7.962991469028575,999,,
2000-01-04,KO,BUY,13.614951709312194,999,,
2000-01-04,BAC,BUY,12.249853597256383,999,,
2000-01-04,VZ,BUY,15.247020192297096,999,,
2000-01-04,JNJ,BUY,23.136218740099505,999,,
2000-01-04,MSFT,BUY,34.68516148684689,999,,
2000-01-04,CVX,BUY,15.744766117033222,999,,
2000-01-05,JPM,SELL,22.378491477271098,999,-340.0213173103202,-0.047722290148816904
2000-01-05,XOM,SELL,17.805047694964173,999,117.0884660958618,0.016433468925734985
2000-01-05,CVX,SELL,16.088539817642175,999,-93.47581634870221,-0.013119412820870414
2000-01-05,JNJ,SELL,22.621141694192687,999,-308.2354886758267,-0.04326112121765982
2000-01-05,PEP,SELL,18.210085311694183,999,-0.08880561767819017,-1.2463946340809992e-05
2000-01-05,BAC,BUY,11.560397929705305,999,,
2000-01-05,BRK-B,BUY,34.13999938964844,999,,
2000-01-05,DIS,BUY,23.906307512935168,999,,
2000-01-05,MRK,BUY,24.256675965681136,999,,
2000-01-05,PEP,BUY,18.435536359083205,999,,
2000-01-05,HD,BUY,35.919091164119656,999,,
2000-01-05,JPM,BUY,22.210207466205915,999,,
2000-01-05,PG,BUY,26.254770521684126,999,,
2000-01-05,WMT,BUY,13.585871739600233,999,,
2000-01-05,CVX,BUY,15.768493362460369,999,,
2000-01-06,WFC,SELL,9.064828481906797,999,-596.5155048063989,-0.08372147435879287
2000-01-06,ABT,SELL,8.001050025492574,999,-130.96291014448343,-0.01838075931852398
2000-01-06,COST,SELL,28.854982664966684,999,-356.98228128690516,-0.05010277632096912
2000-01-06,BAC,SELL,12.126924458775843,999,-422.42228088544834,-0.059287337668133086
2000-01-06,BRK-B,SELL,35.341429825300935,999,-226.15924643098242,-0.031741648621892195
2000-01-06,PG,SELL,26.642124766015908,999,0.9104004109758534,0.00044443650879077756
2000-01-06,ABT,SELL,8.131192656983607,999,43.268867270765895,0.02112286426643026
2000-01-06,VZ,SELL,15.345577173547209,999,13.241132610392015,0.0064640159196420735
2000-01-06,JNJ,SELL,23.459469640569147,999,28.62002965433294,0.01397163919052105
2000-01-06,MSFT,SELL,33.62631723742748,999,-62.533261319615804,-0.03052729766937765
2000-01-06,CVX,SELL,16.778857904914062,999,134.5381938983228,0.06567844705944055
2000-01-06,MRK,BUY,25.281940840229588,999,,
2000-01-06,PFE,BUY,11.2342540226321,999,,
2000-01-06,KO,BUY,13.750800706838307,999,,
2000-01-06,WMT,BUY,13.399764451629702,999,,
2000-01-06,AMD,BUY,15.5,999,,
2000-01-06,UNH,BUY,5.137300009064902,999,,
2000-01-06,BRK-B,BUY,34.900001525878906,999,,
2000-01-06,WFC,BUY,9.09550472042425,999,,
2000-01-06,CVX,BUY,16.195641557935257,999,,
2000-01-06,VZ,BUY,15.345577173547209,999,,
2000-01-07,MRK,SELL,26.70719393588265,999,141.71995762865254,0.06918441867455195
2000-01-07,AMD,SELL,15.629613634255252,999,68.34178455667688,0.03336288490943814
2000-01-07,KO,SELL,14.142849159917763,999,79.4248086267703,0.0387733619535722
2000-01-07,BAC,SELL,12.676243245139307,999,71.30146800536477,0.034807734190261966
2000-01-07,BAC,SELL,12.52276752584749,999,256.6254012337904,0.08324709945055651
2000-01-07,DIS,SELL,23.8718913893833,999,-4.437925234489285,-0.0014396252341874977
2000-01-07,MRK,SELL,27.041861390047476,999,353.9593247802236,0.11482139714060077
2000-01-07,PEP,SELL,19.351614234958376,999,153.18179283859445,0.04969087191346178
2000-01-07,PG,SELL,29.118443772665373,999,336.2372051398802,0.10907249212542555
2000-01-07,WMT,SELL,14.565036660832732,999,222.17688172224462,0.07207229245204926
2000-01-07,CVX,SELL,17.112579178343648,999,262.76488631529674,0.08523869623987718
2000-01-07,PG,BUY,27.4282564431301,999,,
2000-01-07,WMT,BUY,13.718798851447493,999,,
2000-01-07,BRK-B,BUY,36.599998474121094,999,,
2000-01-07,XOM,BUY,18.935622319831317,999,,
2000-01-07,HD,BUY,35.91908854386938,999,,
2000-01-07,JNJ,BUY,23.897898837074717,999,,
2000-01-07,BAC,BUY,12.730873671055452,999,,
2000-01-07,PFE,BUY,12.22286711870498,999,,
2000-01-07,ABT,BUY,7.977440298814267,999,,
2000-01-07,VZ,BUY,15.136693759906812,999,,
2000-01-10,BRK-B,SELL,36.6682261733928,999,228.28798237602587,0.07405468157421664
2000-01-10,HD,SELL,36.064501301117396,999,12.479577288420387,0.004048268825437117
2000-01-10,JPM,SELL,23.01276423622207,999,111.39191705398889,0.03613459132415978
2000-01-10,PFE,SELL,12.387307760930765,999,429.84966969176367,0.10263732117644542
2000-01-10,AMD,SELL,17.327780061563907,999,493.8596294320023,0.11792129429444559
2000-01-10,WFC,SELL,9.264224653590237,999,77.68745241750548,0.018549815359572126
2000-01-10,CVX,SELL,16.79253428157434,999,154.3509892225611,0.03685514534906635
2000-01-10,JNJ,BUY,24.548519480505654,999,,
2000-01-10,DIS,BUY,25.701645013383043,999,,
2000-01-10,AMD,BUY,16.75,999,,
2000-01-10,BRK-B,BUY,36.900001525878906,999,,
2000-01-10,BAC,BUY,12.554501428249035,999,,
2000-01-10,WFC,BUY,9.417605856464247,999,,
2000-01-10,ABT,BUY,8.324291628873095,999,,
2000-01-10,XOM,BUY,18.550030009426287,999,,
2000-01-10,KO,BUY,14.671546319846012,999,,
2000-01-10,HD,BUY,36.064501301117396,999,,
2000-01-11,MRK,SELL,27.014928815877855,999,287.07569671374404,0.06854647697342409
2000-01-11,KO,SELL,14.636686986904063,999,269.81200969243855,0.06442434145854525
2000-01-11,WMT,SELL,14.345070644889237,999,295.45179165240097,0.07054647838563799
2000-01-11,UNH,SELL,5.814506986183161,999,552.0746226783222,0.13182157474223982
2000-01-11,BRK-B,SELL,35.610693005177254,999,85.28388021642968,0.02036365181162982
2000-01-11,VZ,SELL,14.779377429226,999,-154.5246363268816,-0.03689660792278485
2000-01-11,PG,SELL,29.171967962663867,999,220.19834506554434,0.06357354588503245
2000-01-11,XOM,SELL,18.587506914852177,999,-63.676806521159506,-0.01838415443122553
2000-01-11,JNJ,SELL,23.923805132799806,999,3.7547689314837953,0.0010840407310160351
2000-01-11,ABT,SELL,7.998495542547345,999,9.141854938276083,0.002639348330341918
2000-01-11,VZ,SELL,14.918116176861522,999,-50.016374727352286,-0.01444024610078626
2000-01-11,AMD,BUY,17.5,999,,
2000-01-11,JNJ,BUY,23.612273806136177,999,,
2000-01-11,MSFT,BUY,34.0552157156808,999,,
2000-01-11,PEP,BUY,19.175524276941005,999,,
2000-01-11,UNH,BUY,5.7188814372503,999,,
2000-01-11,DIS,BUY,27.119013522777134,999,,
2000-01-11,PFE,BUY,12.312745306198698,999,,
2000-01-11,TXN,BUY,30.5906759578379,999,,
2000-01-11,BRK-B,BUY,35.79999923706055,999,,
2000-01-11,VZ,BUY,14.847456140322832,999,,
2000-01-12,WMT,SELL,14.003796160904068,999,71.95521694137233,0.02077421737446819
2000-01-12,BRK-B,SELL,35.67941597933006,999,-87.12027956081147,-0.025152528228708924
2000-01-12,HD,SELL,35.77755248028562,999,-13.648327033603437,-0.003940413560630687
2000-01-12,BAC,SELL,11.828993134852295,999,-245.3739312520329,-0.07084199871165531
2000-01-12,PFE,SELL,12.519619071998514,999,84.09266406707684,0.024278424236438435
2000-01-12,JNJ,SELL,23.783379978182033,999,-92.12663007073434,-0.031168458160225475
2000-01-12,DIS,SELL,26.34101297313553,999,73.5291954805125,0.024876538424663617
2000-01-12,BAC,SELL,11.928921285145965,999,-147.28324724312415,-0.04982915065790225
2000-01-12,ABT,SELL,7.945016537196162,999,-134.67187336538154,-0.04556244646227959
2000-01-12,KO,SELL,14.735266312560157,999,12.837181882011464,0.0043430999926675285
2000-01-12,PFE,BUY,12.40262165331463,999,,
2000-01-12,MSFT,BUY,33.13892989544494,999,,
2000-01-12,DIS,BUY,27.166250790459667,999,,
2000-01-12,AMD,BUY,17.0,999,,
2000-01-12,WMT,BUY,14.077716472856592,999,,
2000-01-12,VZ,BUY,14.49394352154591,999,,
2000-01-12,MRK,BUY,27.44897270205464,999,,
2000-01-12,ABT,BUY,8.089275194878528,999,,
2000-01-12,TXN,BUY,30.210166846171468,999,,
2000-01-12,BAC,BUY,11.800911277853032,999,,
2000-01-13,AMD,SELL,18.08368022669224,999,235.34597058770578,0.07962270010102933
2000-01-13,BRK-B,SELL,35.190952275867886,999,-136.89830155484196,-0.04631569591704273
2000-01-13,WFC,SELL,9.789716569321515,999,116.78888949729298,0.0395122410651589
2000-01-13,XOM,SELL,18.551269620773272,999,0.1975198706622905,6.682530143377425e-05
2000-01-13,HD,SELL,36.22970003332152,999,13.539313520513133,0.00458064651510949
2000-01-13,JNJ,SELL,23.791503951069583,999,30.193275790824828,0.007590549999756026
2000-01-13,UNH,SELL,5.895562851213289,999,122.89006158727898,0.030894400574938283
2000-01-13,PFE,SELL,12.927364047814272,999,198.5582295025256,0.049917278911483065
2000-01-13,BRK-B,SELL,35.190952275867886,999,-67.67133619187598,-0.017012485312071425
2000-01-13,BAC,BUY,12.057450924847036,999,,
2000-01-13,PFE,BUY,12.559898113434457,999,,
2000-01-13,XOM,BUY,18.39854056100908,999,,
2000-01-13,PG,BUY,29.258899108223297,999,,
2000-01-13,JPM,BUY,22.48684169984675,999,,
2000-01-13,HD,BUY,36.1372184753418,999,,
2000-01-13,CVX,BUY,16.421064574236873,999,,
2000-01-13,UNH,BUY,5.827926372938448,999,,
2000-01-13,JNJ,BUY,23.850295618355993,999,,
2000-01-13,AMD,BUY,18.375,999,,
2000-01-14,AMD,SELL,18.5,999,227.29974049910334,0.05714285714285714
2000-01-14,MSFT,SELL,32.408281653393075,999,-192.36655382815206,-0.048360699754117026
2000-01-14,PEP,SELL,18.499875768684557,999,-140.15563520469368,-0.035234943175396244
2000-01-14,DIS,SELL,25.935054360113313,999,-173.66001085022526,-0.04365789934318296
2000-01-14,TXN,SELL,32.36381342830766,999,230.56337593172975,0.057963330817325354
2000-01-14,VZ,SELL,14.37882333283523,999,-125.55026289891975,-0.03156317170150684
2000-01-14,MSFT,SELL,34.387577537025265,999,127.97674935559462,0.03767917810019441
2000-01-14,DIS,SELL,25.29502642910281,999,-233.95148763781435,-0.06888047878929254
2000-01-14,VZ,SELL,14.432607702070566,999,-14.373325514636235,-0.004231824098401216
2000-01-14,ABT,SELL,8.039682491196341,999,-20.822737741924357,-0.006130673328258741
2000-01-14,TXN,SELL,32.417948559957395,999,248.217651342095,0.07308075208680018
2000-01-14,PG,BUY,28.91467825571696,999,,
2000-01-14,VZ,BUY,14.381463688051218,999,,
2000-01-14,TXN,BUY,31.92232618630278,999,,
2000-01-14,BRK-B,BUY,35.599998474121094,999,,
2000-01-14,PEP,BUY,18.56422316266259,999,,
2000-01-14,WMT,BUY,13.612447710921662,999,,
2000-01-14,UNH,BUY,6.00967072956944,999,,
2000-01-14,AMD,BUY,18.5625,999,,
2000-01-14,DIS,BUY,26.315836451906794,999,,
2000-01-14,CVX,BUY,16.290555541542755,999,,
2000-01-18,XOM,SELL,18.407606632330086,999,1.5766780120434305,0.0004927603518845444
2000-01-18,JPM,SELL,23.316355037717354,999,118.03265205278285,0.036888832542288856
2000-01-18,PG,SELL,29.34078900289594,999,56.377698326282825,0.014736831702242024
2000-01-18,VZ,SELL,14.965169574460619,999,155.27237701601916,0.04058737685332897
2000-01-18,BRK-B,SELL,33.85672531343724,999,-187.33489536044317,-0.04896834930909065
2000-01-18,PEP,SELL,18.669886325978872,999,21.774592965780812,0.005691763258308525
2000-01-18,UNH,SELL,5.841765399891091,999,-106.88506403921474,-0.027939189555295185
2000-01-18,AMD,SELL,19.471600652777116,999,187.3607950147334,0.04897511934152816
2000-01-18,CVX,SELL,16.714693795777798,999,99.6035384542306,0.026035837338600425
2000-01-18,BRK-B,BUY,34.08000183105469,999,,
2000-01-18,BAC,BUY,12.827075521151224,999,,
2000-01-18,DIS,BUY,25.370918992987132,999,,
2000-01-18,JNJ,BUY,23.35839300658261,999,,
2000-01-18,PFE,BUY,13.346300714127008,999,,
2000-01-18,JPM,BUY,23.376042539257142,999,,
2000-01-18,UNH,BUY,5.840043379088579,999,,
2000-01-18,PEP,BUY,18.499890360338934,999,,
2000-01-18,ABT,BUY,7.856908622309331,999,,
2000-01-18,COST,BUY,32.52439638463463,999,,
2000-01-19,TXN,SELL,34.0327768228302,999,252.9204146192692,0.06611205662803397
2000-01-19,WMT,SELL,13.782741405744874,999,47.85921395582727,0.012510145011361907
2000-01-19,DIS,SELL,26.054912859694817,999,-37.931445034024364,-0.009915078803929535
2000-01-19,MRK,BUY,26.749935482642908,999,,
2000-01-19,TXN,BUY,34.072049892112005,999,,
2000-01-19,JNJ,BUY,23.10446664516142,999,,
2000-01-19,PG,BUY,28.617464439582207,999,,
2000-01-19,XOM,BUY,18.56380006777622,999,,
2000-01-19,UNH,BUY,5.670415253198447,999,,
2000-01-19,DIS,BUY,26.079608007195205,999,,
2000-01-19,ABT,BUY,7.639063871884005,999,,
2000-01-19,WMT,BUY,13.878321689314877,999,,
2000-01-19,COST,BUY,34.65101193347609,999,,
2000-01-20,BAC,SELL,12.154924737169548,999,-182.80041891722794,-0.052400937600572496
2000-01-20,PFE,SELL,13.117943259761464,999,-59.68874063720796,-0.017110168522115485
2000-01-20,JPM,SELL,23.71194987323245,999,50.128721225052686,0.01436972633033125
2000-01-20,PEP,SELL,18.613217123619513,999,21.36984929198161,0.006125807292541314
2000-01-20,ABT,SELL,7.436468371130116,999,-186.67695726141073,-0.053512172711974094
2000-01-20,COST,SELL,34.39406793014476,999,200.53685613325024,0.05748520351920847
2000-01-20,WMT,BUY,13.705508660695745,999,,
2000-01-20,MSFT,BUY,32.69988344300468,999,,
2000-01-20,CVX,BUY,16.741418944767542,999,,
2000-01-20,HD,BUY,35.81001289579386,999,,
2000-01-20,COST,BUY,34.94289838790893,999,,
2000-01-20,XOM,BUY,18.770368296856127,999,,
2000-01-20,WFC,BUY,9.034155200027518,999,,
2000-01-20,PG,BUY,28.61747288425918,999,,
2000-01-20,PFE,BUY,13.211482074313915,999,,
2000-01-20,JNJ,BUY,23.421856369962505,999,,
2000-01-21,BRK-B,SELL,34.093093307634014,999,1.3400689747577417,0.00038413955035052484
2000-01-21,DIS,SELL,25.418167181882946,999,6.496614485135069,0.0018622971012155422
2000-01-21,JNJ,SELL,23.150895447123926,999,-30.989042717239045,-0.008883212102827841
2000-01-21,UNH,SELL,5.870111793754386,999,17.96108576728102,0.005148662897517733
2000-01-21,MRK,SELL,27.126847999853734,999,25.917542095034833,0.014090221542978724
2000-01-21,TXN,SELL,33.87708774599762,999,-10.52514347701731,-0.005722055078333295
2000-01-21,PG,SELL,27.532750601154593,999,-69.72042404905346,-0.03790391146349408
2000-01-21,XOM,SELL,18.68778033353319,999,12.284618429092689,0.0066786038044106925
2000-01-21,ABT,SELL,7.1937075512972894,999,-107.23670716062225,-0.058299855591713814
2000-01-21,WMT,SELL,13.306059137104674,999,-75.84629457701544,-0.04123427637873508
2000-01-21,COST,SELL,32.78287113099048,999,-99.16757079864738,-0.053913022975263104
2000-01-21,CVX,BUY,16.682100143917193,999,,
2000-01-21,KO,BUY,15.909274616419712,999,,
2000-01-21,COST,BUY,34.31740837490436,999,,
2000-01-21,BAC,BUY,11.929182237867781,999,,
2000-01-21,PFE,BUY,13.144085483274644,999,,
2000-01-21,JNJ,BUY,23.294905395932258,999,,
2000-01-21,BRK-B,BUY,34.0,999,,
2000-01-21,MRK,BUY,27.775186097310606,999,,
2000-01-21,TXN,BUY,34.928139370934545,999,,
2000-01-21,PEP,BUY,18.62858065106877,999,,
2000-01-24,JNJ,SELL,22.849884589310633,999,-20.267857057584934,-0.011018737621632194
2000-01-24,UNH,SELL,5.496622429008098,999,-56.375832420278584,-0.030649047103264635
2000-01-24,DIS,SELL,24.54900410637734,999,-107.95375355378474,-0.05868968200732087
2000-01-24,WMT,SELL,13.21734841766632,999,-71.55488249719383,-0.03561781288930606
2000-01-24,MSFT,SELL,31.241811648593597,999,-89.57869453096237,-0.044589510447414174
2000-01-24,COST,SELL,31.023269937393515,999,-225.35022747305538,-0.11217239071020228
2000-01-24,XOM,SELL,18.418936196652645,999,-37.61323250943019,-0.01872270669629555
2000-01-24,WFC,SELL,8.83512214986783,999,-44.2598233469746,-0.02203117455399501
2000-01-24,PFE,SELL,12.4519796561683,999,-115.49139998020246,-0.05748805575888102
2000-01-24,JNJ,SELL,22.126754216183926,999,-111.08482545676293,-0.05529459891315406
2000-01-24,BRK-B,BUY,34.70000076293945,999,,
2000-01-24,HD,BUY,35.4464597743133,999,,
2000-01-24,TXN,BUY,34.852047942805584,999,,
2000-01-24,PEP,BUY,18.628578307565334,999,,
2000-01-24,VZ,BUY,15.506271454741427,999,,
2000-01-24,JNJ,BUY,22.882318936861477,999,,
2000-01-24,MSFT,BUY,31.702456645906707,999,,
2000-01-24,ABT,BUY,7.116236831390145,999,,
2000-01-24,MRK,BUY,27.215951586590528,999,,
2000-01-24,KO,BUY,16.120583363351106,999,,
2000-01-25,CVX,SELL,16.717735870195057,999,-2.84195922593085,-0.001414639622281673
2000-01-25,HD,SELL,32.62516144326429,999,-178.67209438004625,-0.08893745617454538
2000-01-25,PG,SELL,26.028726629110484,999,-181.73150720088347,-0.09046033748747309
2000-01-25,PFE,SELL,12.50116716374182,999,-120.60620355239098,-0.04891312677104182
2000-01-25,BRK-B,SELL,34.06807574234965,999,4.936938188894146,0.0020022277161661395
2000-01-25,MRK,SELL,26.45726645840983,999,-116.99738989823618,-0.04744953406553003
2000-01-25,TXN,SELL,34.833698934292784,999,-6.666943213944705,-0.002703849627912047
2000-01-25,PEP,SELL,17.909489557645145,999,-95.18058379440936,-0.038601496640720656
2000-01-25,XOM,BUY,18.508716274105485,999,,
2000-01-25,WMT,BUY,12.721786493172674,999,,
2000-01-25,AMD,BUY,17.28125,999,,
2000-01-25,WFC,BUY,8.788744503477483,999,,
2000-01-25,JNJ,BUY,21.295478451636527,999,,
2000-01-25,ABT,BUY,6.971007704302357,999,,
2000-01-25,BAC,BUY,11.528333558270146,999,,
2000-01-25,PG,BUY,26.013037221859662,999,,
2000-01-25,PEP,BUY,18.17813388636855,999,,
2000-01-25,UNH,BUY,5.379624069429939,999,,
2000-01-26,CVX,SELL,17.005645899312984,999,47.82216170818947,0.019394785584821356
2000-01-26,KO,SELL,15.600110773691126,999,-47.91621878289561,-0.019432931430418725
2000-01-26,COST,SELL,33.08050800525656,999,-88.87189843687838,-0.036042942291420806
2000-01-26,BAC,SELL,11.670710678365213,999,-53.42521898021096,-0.021667164969789914
2000-01-26,JNJ,SELL,21.861561320417504,999,-151.71681801640352,-0.061530366882925534
2000-01-26,BRK-B,SELL,34.131859148838075,999,-33.423275609182156,-0.01637295681872633
2000-01-26,HD,SELL,33.30713721699166,999,-123.20413892789202,-0.06035363110851256
2000-01-26,PEP,SELL,17.549805659497224,999,-118.21486987200956,-0.05790955328190585
2000-01-26,VZ,SELL,14.865672942765949,999,-84.33356058445474,-0.04131222091946539
2000-01-26,MSFT,SELL,30.562736357407157,999,-73.38837234974085,-0.03595053535533203
2000-01-26,MRK,SELL,27.03337419624659,999,-13.694474297438092,-0.006708469838471273
2000-01-26,DIS,BUY,28.300153646214465,999,,
2000-01-26,CVX,BUY,16.943119750063644,999,,
2000-01-26,AMD,BUY,18.8125,999,,
2000-01-26,JNJ,BUY,21.89848414438213,999,,
2000-01-26,MRK,BUY,26.47031658465015,999,,
2000-01-26,COST,BUY,32.77458871607443,999,,
2000-01-26,BAC,BUY,11.736774899915297,999,,
2000-01-26,ABT,BUY,6.927435501858356,999,,
2000-01-26,JPM,BUY,23.83053146105686,999,,
2000-01-26,PG,BUY,24.85200908021157,999,,
2000-01-27,TXN,SELL,34.276576231402785,999,-33.70680361457926,-0.016511847807256085
2000-01-27,JNJ,SELL,21.158506387253393,999,-153.78426357398075,-0.0753338223439919
2000-01-27,ABT,SELL,7.015357564954517,999,-28.938326751699833,-0.014175928770476512
2000-01-27,KO,SELL,15.139459592955454,999,-124.24099984111672,-0.06086155496246868
2000-01-27,WMT,SELL,12.514636065182096,999,-30.042499577930812,-0.016283124080234225
2000-01-27,WFC,SELL,9.645507872342487,999,179.85908594488205,0.09748415925915287
2000-01-27,JNJ,SELL,20.58233046261471,999,-61.78607274585329,-0.03348823510311938
2000-01-27,BAC,SELL,12.38977986306626,999,137.8668999096958,0.07472426959559407
2000-01-27,PG,SELL,26.165067522554203,999,10.78294583245588,0.005844388696249002
2000-01-27,PEP,SELL,17.44712217012542,999,-74.19478339978014,-0.040213793165606505
2000-01-27,BAC,BUY,12.201756146666293,999,,
2000-01-27,ABT,BUY,6.912916789326099,999,,
2000-01-27,HD,BUY,33.66504665915035,999,,
2000-01-27,PFE,BUY,12.4250831973504,999,,
2000-01-27,KO,BUY,15.139459592955454,999,,
2000-01-27,PG,BUY,25.605107707805463,999,,
2000-01-27,DIS,BUY,27.685956222684926,999,,
2000-01-27,JNJ,BUY,21.263741588000183,999,,
2000-01-27,MSFT,BUY,30.509397223025935,999,,
2000-01-27,JPM,BUY,25.114932953340237,999,,
2000-01-28,XOM,SELL,17.68136162894628,999,-82.47337039260697,-0.044700811925930804
2000-01-28,AMD,SELL,18.082255818910642,999,85.51825873898497,0.04635115046137533
2000-01-28,ABT,SELL,7.338800171811625,999,97.3431956051686,0.05276030139548901
2000-01-28,UNH,SELL,5.121172909046147,999,-88.63900856903638,-0.04804260614648837
2000-01-28,COST,SELL,30.60628613181736,999,-147.45227855690337,-0.06615804100673948
2000-01-28,ABT,SELL,7.321212807905083,999,126.69137325491874,0.05684315731861996
2000-01-28,PG,SELL,25.72623333426726,999,78.40255190532844,0.03517720644773914
2000-01-28,BAC,BUY,12.281914192470696,999,,
2000-01-28,UNH,BUY,5.064603794215694,999,,
2000-01-28,AMD,BUY,18.59375,999,,
2000-01-28,MSFT,BUY,29.970114661840384,999,,
2000-01-28,WMT,BUY,12.522390281262041,999,,
2000-01-28,CVX,BUY,15.86340852473199,999,,
2000-01-28,JNJ,BUY,20.533786240414052,999,,
2000-01-28,VZ,BUY,14.895662830052771,999,,
2000-01-28,PG,BUY,26.028725529608323,999,,
2000-01-28,PFE,BUY,12.402616931034744,999,,
2000-01-31,DIS,SELL,27.528087817881417,999,-60.80431338589278,-0.0272813299173138
2000-01-31,CVX,SELL,15.600851722719606,999,-176.569105233561,-0.07922201147985139
2000-01-31,AMD,SELL,17.587814332390558,999,-145.09317141571364,-0.06509957037126604
2000-01-31,JNJ,SELL,21.93483990274619,999,3.700223918956908,0.0016601952045793393
2000-01-31,MRK,SELL,28.054211418422963,999,133.36321541380175,0.05983664111865201
2000-01-31,BAC,SELL,11.978074411407048,999,45.82226139827617,0.020559268926039743
2000-01-31,JPM,SELL,25.01051777163681,999,110.36010171603539,0.04951573625238896
2000-01-31,BAC,SELL,12.377005781120655,999,28.705388743584763,0.014362656682189376
2000-01-31,KO,SELL,13.747808363114274,999,-183.7167219862597,-0.09192212055499853
2000-01-31,PG,SELL,25.298023629088256,999,-23.96952051554672,-0.011993078967740297
2000-01-31,DIS,SELL,27.49996249849825,999,-13.426642203064148,-0.006717980866930643
2000-01-31,MSFT,SELL,29.989201175450972,999,-34.07705647758621,-0.017050354806169774
2000-01-31,JPM,SELL,25.51809395967241,999,32.083013255292826,0.01605264115501265
2000-01-31,TXN,BUY,32.56257524069943,999,,
2000-01-31,KO,BUY,13.75080185434634,999,,
2000-01-31,DIS,BUY,27.544222321127332,999,,
2000-01-31,MRK,BUY,28.21793525434887,999,,
2000-01-31,AMD,BUY,17.625,999,,
2000-01-31,XOM,BUY,17.3243771088429,999,,
2000-01-31,HD,BUY,32.86524323385546,999,,
2000-01-31,COST,BUY,30.73138851102437,999,,
2000-01-31,VZ,BUY,14.799246475422576,999,,
2000-01-31,BRK-B,BUY,33.2400016784668,999,,
2000-02-01,ABT,SELL,7.584034005312776,999,194.0285792972054,0.0970816279783545
2000-02-01,HD,SELL,33.8398930383371,999,10.380208468561705,0.005193706723683669
2000-02-01,PFE,SELL,12.899259176193544,999,76.27266080810409,0.038162801110600234
2000-02-01,JNJ,SELL,21.596436078753218,999,31.270482089694497,0.01564609358029374
2000-02-01,BAC,SELL,12.570528030395508,999,37.170304384409974,0.02349909251944976
2000-02-01,UNH,SELL,5.272535589815967,999,64.94122167134265,0.04105588591900375
2000-02-01,AMD,SELL,18.375,999,-18.609131321908535,-0.011764705882352941
2000-02-01,CVX,SELL,15.828989146864549,999,-3.4320336231128294,-0.002169734065272187
2000-02-01,JNJ,SELL,21.648872139343812,999,85.89824951239825,0.05430493362861045
2000-02-01,VZ,SELL,15.30745825177626,999,43.728714142075205,0.027645323771203455
2000-02-01,PG,SELL,24.984147499974007,999,-63.47942872282897,-0.04013173939100792
2000-02-01,PFE,SELL,13.181622128207202,999,99.35095618089576,0.06280974422608936
2000-02-01,CVX,BUY,15.827828283331431,999,,
2000-02-01,JNJ,BUY,21.692198724542898,390,,
2000-02-01,MRK,BUY,28.847044435135047,390,,
2000-02-01,PG,BUY,25.27562239182055,390,,
2000-02-01,JPM,BUY,26.063397974556096,390,,
2000-02-01,HD,BUY,33.119716228977325,390,,
2000-02-01,KO,BUY,13.871546476630755,390,,
2000-02-01,MSFT,BUY,30.084663534714515,390,,
2000-02-01,PFE,BUY,12.784583345514886,390,,
2000-02-01,WMT,BUY,11.698197761023144,390,,
2000-02-02,MSFT,SELL,31.098449816891613,999,59.55177921583913,0.03764867661610543
2000-02-02,WMT,SELL,12.593970293823398,999,9.04168892903499,0.005716162086759624
2000-02-02,HD,SELL,35.419958707225206,999,186.60344416086764,0.0777330462820996
2000-02-02,COST,SELL,35.68183163969912,999,386.7015031875858,0.161087518935204
2000-02-02,BRK-B,SELL,33.04613685582863,999,-14.000770696478867,-0.005832274754780061
2000-02-02,JNJ,SELL,21.66242664598859,390,-2.013978420472995,-0.0013724786008264154
2000-02-02,MRK,SELL,28.861216372560165,390,0.7209034992392844,0.0004912786631221406
2000-02-02,PG,SELL,24.919345251256374,390,-20.68403816957698,-0.014095682196908927
2000-02-02,JPM,SELL,26.06089276356446,390,-0.14104656176186836,-9.611989173789179e-05
2000-02-02,HD,SELL,35.13699496044637,390,89.37756809971916,0.06090869612294797
2000-02-02,KO,SELL,13.763179483113511,390,-11.463609253717095,-0.007812178238367905
2000-02-02,MSFT,SELL,31.00205960165411,390,44.74669318873407,0.030493811768279123
2000-02-02,PFE,SELL,13.179842891565032,390,45.36751795431428,0.030916889144362494
2000-02-02,WMT,SELL,12.438570330345325,390,92.87110050957358,0.06328945573043783
2000-02-02,COST,BUY,34.69268862480084,390,,
2000-02-02,PEP,BUY,17.373795292594217,999,,
2000-02-02,VZ,BUY,15.441990463421746,390,,
2000-02-02,BRK-B,BUY,33.29999923706055,999,,
2000-02-02,KO,BUY,13.977207558118055,390,,
2000-02-02,MRK,BUY,28.82374646595392,390,,
2000-02-02,BAC,BUY,12.185718726113205,390,,
2000-02-02,WMT,BUY,12.522391365664978,390,,
2000-02-02,CVX,BUY,15.697307858633021,999,,
2000-02-02,HD,BUY,35.48282375257202,390,,
2000-02-03,TXN,SELL,36.71138890999466,999,305.85751370967364,0.1274104900680489
2000-02-03,KO,SELL,13.572919062125822,999,-31.054166814678865,-0.012936175948480693
2000-02-03,DIS,SELL,28.3946436181221,999,74.11695698952371,0.030874761577220713
2000-02-03,MRK,SELL,28.311719416240372,999,7.978444653916995,0.0033235657055045707
2000-02-03,AMD,SELL,18.98703124557678,999,185.51195944375604,0.07727836854336342
2000-02-03,XOM,SELL,18.20881786426941,999,122.55332140334758,0.0510518069348112
2000-02-03,VZ,SELL,15.432372258538244,999,102.69856241401976,0.04278094727100555
2000-02-03,COST,SELL,36.281026173777924,390,88.41706099402518,0.04578306300081997
2000-02-03,VZ,SELL,15.21689321931875,390,-28.15127881011199,-0.014576957849844238
2000-02-03,KO,SELL,13.371767407909212,390,-83.6530988851971,-0.04331624522934117
2000-02-03,MRK,SELL,28.54209248680682,390,-18.871077240092063,-0.009771595079764737
2000-02-03,BAC,SELL,12.108228942085159,390,-12.280739837810188,-0.0063590655397281065
2000-02-03,WMT,SELL,12.492355326975012,390,-4.632192641691972,-0.002398586485032034
2000-02-03,HD,SELL,34.930688503461774,390,-30.05097242746797,-0.01556063443429361
2000-02-03,CVX,BUY,15.590518083374773,999,,
2000-02-03,PFE,BUY,12.964330554723182,390,,
2000-02-03,MSFT,BUY,31.172743598284566,390,,
2000-02-03,BAC,BUY,12.23381702094508,390,,
2000-02-03,JPM,BUY,26.39932674462075,390,,
2000-02-03,JNJ,BUY,21.581104962519927,390,,
2000-02-03,COST,BUY,36.027021045090834,390,,
2000-02-03,PG,BUY,25.05597395973084,390,,
2000-02-03,KO,BUY,13.614947362183445,390,,
2000-02-03,ABT,BUY,7.668111070256864,666,,
2000-02-04,CVX,SELL,15.15881191533279,999,-62.024695994648255,-0.042268361522673034
2000-02-04,BRK-B,SELL,33.17908273460592,999,-7.01249529849224,-0.0036311262830317145
2000-02-04,PFE,SELL,12.852634781993824,390,-21.4221744701631,-0.008615622091544395
2000-02-04,MSFT,SELL,32.17815560014625,390,80.19475199826547,0.03225291988469728
2000-02-04,BAC,SELL,12.089520589532254,390,-29.32719460646831,-0.01179488226493672
2000-02-04,JPM,SELL,26.016537902603268,390,-36.05315946873088,-0.014499947128215373
2000-02-04,JNJ,SELL,20.937370033033062,390,-74.16693105315699,-0.02982863623548674
2000-02-04,COST,SELL,35.59546306568118,390,-29.784321330687362,-0.011978730599721876
2000-02-04,PG,SELL,24.502044988231738,390,-54.96923613870331,-0.022107660727511837
2000-02-04,KO,SELL,13.361451084153956,390,-46.29483402514688,-0.018618968644241302
2000-02-04,ABT,SELL,7.9926903806723795,666,105.2469088415146,0.04232845709219009
2000-02-04,JPM,BUY,26.083156515698914,390,,
2000-02-04,WMT,BUY,12.322995077541412,390,,
2000-02-04,ABT,BUY,7.856909552791724,666,,
2000-02-04,HD,BUY,35.48281604478208,390,,
2000-02-04,XOM,BUY,18.398547837317818,999,,
2000-02-04,COST,BUY,36.52742169937997,390,,
2000-02-04,BRK-B,BUY,33.540000915527344,999,,
2000-02-04,WFC,BUY,9.654185732527722,390,,
2000-02-04,MRK,BUY,28.660637183150296,390,,
2000-02-04,UNH,BUY,5.391740347320288,390,,
2000-02-07,PEP,SELL,16.85171941152212,999,-58.032350333769045,-0.03004961623409014
2000-02-07,CVX,SELL,14.954122105839096,999,-91.43309686142811,-0.047344790551788585
2000-02-07,CVX,SELL,15.066574853306271,999,-83.56041663153019,-0.03360653105089678
2000-02-07,JPM,SELL,25.84603935569991,390,-22.921773389159625,-0.009090815364171362
2000-02-07,WMT,SELL,11.913772269023257,390,-83.73151207316141,-0.03320806394412682
2000-02-07,HD,SELL,34.34222338859365,390,-81.05090504293958,-0.03214493051365806
2000-02-07,COST,SELL,34.49272440498827,390,-140.45143038955257,-0.055703282622497165
2000-02-07,WFC,SELL,9.416736355313304,390,-62.01557324465739,-0.024595484672972744
2000-02-07,MRK,SELL,27.834952544006676,390,-72.63964969718336,-0.02880901195138271
2000-02-07,UNH,SELL,5.5533884629513945,390,75.59395263531997,0.029980693657001966
2000-02-07,PFE,BUY,12.896925961555098,666,,
2000-02-07,HD,BUY,35.482833409713486,390,,
2000-02-07,COST,BUY,34.6926894769436,390,,
2000-02-07,MRK,BUY,27.681977889259713,666,,
2000-02-07,CVX,BUY,15.021004947466341,999,,
2000-02-07,TXN,BUY,39.965777414882055,390,,
2000-02-07,BAC,BUY,11.624538421630861,390,,
2000-02-07,VZ,BUY,15.056352717411654,390,,
2000-02-07,MSFT,BUY,32.62352904289577,390,,
2000-02-07,ABT,BUY,8.016658736928374,666,,
2000-02-08,ABT,SELL,7.90321099996894,666,14.85895231843051,0.0058930864439904335
2000-02-08,XOM,SELL,17.49367205489627,999,-124.0083120883478,-0.04918191318263645
2000-02-08,BRK-B,SELL,32.643948462847426,999,-67.36211899241744,-0.026715934055478518
2000-02-08,HD,SELL,34.71247850461851,390,-79.27297015860358,-0.021710636695774416
2000-02-08,COST,SELL,34.589708684971676,390,-10.838541104941214,-0.0029683715366133024
2000-02-08,TXN,SELL,41.50791717013717,390,140.89255286533535,0.03858650713199608
2000-02-08,BAC,SELL,11.975307929386071,390,110.17896452275227,0.030174919212491096
2000-02-08,VZ,SELL,15.440800755511674,390,93.23316751409584,0.025533942071869223
2000-02-08,MSFT,SELL,33.248061990754714,390,69.89996953519403,0.019143635473579956
2000-02-08,ABT,SELL,7.902129180061941,666,-52.16470484479942,-0.014286445341480969
2000-02-08,KO,BUY,13.735705391305393,390,,
2000-02-08,BRK-B,BUY,32.900001525878906,999,,
2000-02-08,DIS,BUY,28.678129639255307,390,,
2000-02-08,JPM,BUY,26.57716552169294,390,,
2000-02-08,WFC,BUY,9.453705103401196,390,,
2000-02-08,COST,BUY,34.65099485687148,390,,
2000-02-08,MRK,BUY,28.14801775870523,666,,
2000-02-08,PFE,BUY,13.323821989096892,666,,
2000-02-08,CVX,BUY,15.210841341011065,999,,
2000-02-08,PEP,BUY,17.14858055114746,999,,
2000-02-09,PFE,SELL,13.438747561148775,666,153.39905277869184,0.04201168566903553
2000-02-09,MRK,SELL,27.545963920486304,666,-17.94068273647372,-0.004913448356816301
2000-02-09,CVX,SELL,14.278893658344527,999,-180.39422053021462,-0.04940490278228616
2000-02-09,KO,SELL,13.754372095728206,390,4.6431572568990305,0.0013589913215981567
2000-02-09,DIS,SELL,28.8222062046701,390,17.164819179684855,0.00502391778080175
2000-02-09,JPM,SELL,26.85661782745603,390,35.92491469877314,0.010514752054164488
2000-02-09,WFC,SELL,9.40314615199162,390,-18.2722789495906,-0.005348056751990907
2000-02-09,COST,SELL,35.13340760518923,390,47.56634455351241,0.013922046114704385
2000-02-09,MRK,SELL,26.599776902195167,666,-187.9262367194001,-0.055003548377087555
2000-02-09,COST,BUY,34.69269881011746,390,,
2000-02-09,VZ,BUY,15.16882681030538,390,,
2000-02-09,DIS,BUY,28.394649039923806,390,,
2000-02-09,UNH,BUY,5.476555035813772,390,,
2000-02-09,WMT,BUY,12.761672083619622,390,,
2000-02-09,ABT,BUY,8.060232968935981,666,,
2000-02-09,PFE,BUY,13.52604022931273,666,,
2000-02-09,KO,BUY,13.811177438811253,390,,
2000-02-09,MRK,BUY,27.635377548033617,666,,
2000-02-09,WFC,BUY,9.484543281026406,390,,
2000-02-10,PFE,SELL,13.05610942021362,666,-68.64938471868663,-0.020092775864338788
2000-02-10,CVX,SELL,14.498222819583193,999,-160.06654792681275,-0.046849382322234165
2000-02-10,COST,SELL,35.11129304860934,390,38.76693351430686,0.012065773285121378
2000-02-10,VZ,SELL,14.733869403651843,390,-92.12999053083195,-0.0286744263147652
2000-02-10,DIS,SELL,28.107016956902335,390,-32.54671118214674,-0.010129798844037509
2000-02-10,UNH,SELL,5.6063700752887975,390,76.15945754502036,0.023703777032478272
2000-02-10,WMT,SELL,12.11638087523451,390,-162.46299526519533,-0.05056478525360187
2000-02-10,ABT,SELL,8.275231064911356,666,85.70246391948103,0.02667393074170117
2000-02-10,KO,SELL,13.742210874771105,390,-16.044056161194476,-0.00499353254606246
2000-02-10,WFC,SELL,9.38141509721635,390,-34.93552189615593,-0.010873289388257863
2000-02-10,BAC,BUY,11.81694745618985,390,,
2000-02-10,PFE,BUY,13.12161289964161,666,,
2000-02-10,JNJ,BUY,20.264031891639416,666,,
2000-02-10,JPM,BUY,26.280759811401367,390,,
2000-02-10,MRK,BUY,26.09749927851074,666,,
2000-02-10,VZ,BUY,14.83138774334586,390,,
2000-02-10,COST,BUY,35.234758413667016,390,,
2000-02-10,CVX,BUY,14.344705856360488,999,,
2000-02-10,XOM,BUY,16.895238477276422,666,,
2000-02-10,UNH,BUY,5.609833240509033,390,,
2000-02-11,BRK-B,SELL,30.572426791238858,999,-241.7154584284758,-0.07074694913947632
2000-02-11,PEP,SELL,18.081635665893554,999,185.8984760649846,0.054410049389403234
2000-02-11,PFE,SELL,12.670401606674519,666,-203.24786575926055,-0.0632586187925073
2000-02-11,MRK,SELL,25.1993923210025,666,-283.21453402587485,-0.08814734746420895
2000-02-11,BAC,SELL,11.654505450836574,390,-44.20739972222282,-0.01374652853078285
2000-02-11,JPM,SELL,26.113464208457675,390,-20.47144703472395,-0.006365706476686977
2000-02-11,MRK,SELL,24.63985587853628,666,-179.619849832995,-0.055853757650056304
2000-02-11,VZ,SELL,14.380772143602478,390,-97.70715459930216,-0.03038256483757245
2000-02-11,COST,SELL,34.90118282276601,390,-30.44562533191265,-0.00946723082317537
2000-02-11,XOM,SELL,16.628608408634943,666,-50.751248546251645,-0.015781373491714164
2000-02-11,UNH,SELL,5.538418861099367,390,-40.93903936595734,-0.012730214312606932
2000-02-11,VZ,BUY,14.638560994492025,390,,
2000-02-11,JNJ,BUY,19.8114873718311,666,,
2000-02-11,PFE,BUY,12.784585007702297,666,,
2000-02-11,MRK,BUY,25.212047550519575,666,,
2000-02-11,UNH,BUY,5.537136548331805,390,,
2000-02-11,WMT,BUY,12.216641841633253,390,,
2000-02-11,DIS,BUY,27.922187433005234,390,,
2000-02-11,KO,BUY,13.509291047052269,390,,
2000-02-11,XOM,BUY,16.839844679469383,666,,
2000-02-11,JPM,BUY,26.320284817654578,390,,
2000-02-14,PFE,SELL,12.21943976727083,666,-221.10807339528174,-0.06875474374003378
2000-02-14,JNJ,SELL,19.540757538615797,666,-114.78341402237766,-0.035692519479404765
2000-02-14,CVX,SELL,13.976891657339124,999,-82.45913524767002,-0.025641111271603657
2000-02-14,VZ,SELL,14.330283365192635,390,-71.63329647941964,-0.021059285090616754
2000-02-14,PFE,SELL,12.668515715533868,666,-30.881757914705304,-0.009078847072353263
2000-02-14,UNH,SELL,5.4818524425207,390,-33.96146134154242,-0.009984241011314912
2000-02-14,WMT,SELL,12.13534562538487,390,-22.635485006651834,-0.006654546912501958
2000-02-14,DIS,SELL,28.140486495674327,390,26.593392672935806,0.007818121814161812
2000-02-14,KO,SELL,13.244961052226865,390,-66.55569189096559,-0.01956653342538513
2000-02-14,JPM,SELL,25.38956865835583,390,-120.28126395569325,-0.03536117354909702
2000-02-14,PG,BUY,23.51841391349325,390,,
2000-02-14,ABT,BUY,8.074754152771701,390,,
2000-02-14,KO,BUY,13.34325417304975,390,,
2000-02-14,JNJ,BUY,19.604460089678927,666,,
2000-02-14,JPM,BUY,26.00411525337933,390,,
2000-02-14,WFC,BUY,9.469124319533671,390,,
2000-02-14,VZ,BUY,14.397532470598376,390,,
2000-02-14,TXN,BUY,42.24950901977199,390,,
2000-02-14,COST,BUY,34.400819087850635,390,,
2000-02-14,XOM,BUY,16.50748878410383,666,,
2000-02-15,JNJ,SELL,19.958601314324614,666,25.258529646428087,0.007425688931497833
2000-02-15,MRK,SELL,24.49221384023246,666,-97.11702653201928,-0.028551180099304598
2000-02-15,XOM,SELL,17.207365153023645,666,74.23603525911676,0.021824457443026836
2000-02-15,PG,SELL,23.649963918657132,390,18.510371130039857,0.005593489665066501
2000-02-15,ABT,SELL,8.186032306696294,390,45.60504515853518,0.013780995906407356
2000-02-15,KO,SELL,13.04140653071949,390,-74.86146392038381,-0.022621741174647044
2000-02-15,JPM,SELL,25.17420067585537,390,-105.61451213706005,-0.03191474001085685
2000-02-15,WFC,SELL,9.211416926207207,390,-90.0636090474386,-0.02721554650991804
2000-02-15,VZ,SELL,14.068764586536789,390,-75.56724797749484,-0.022835015981590878
2000-02-15,TXN,SELL,40.901882375388546,390,-105.55534000096077,-0.031896859292560815
2000-02-15,COST,SELL,32.74192257185046,390,-159.58159377090078,-0.04822258771698986
2000-02-15,XOM,SELL,17.623391388849488,666,223.70596621550249,0.06759977967213486
2000-02-15,HD,BUY,34.937483496246976,390,,
2000-02-15,PG,BUY,23.2203144442008,390,,
2000-02-15,JNJ,BUY,19.79557055903416,666,,
2000-02-15,KO,BUY,13.07156002374343,666,,
2000-02-15,MRK,BUY,24.51300637420692,390,,
2000-02-15,JPM,BUY,25.31252106612839,390,,
2000-02-15,WFC,BUY,9.22236842697928,666,,
2000-02-15,DIS,BUY,27.969428430415448,390,,
2000-02-15,CVX,BUY,14.13113232504937,999,,
2000-02-15,UNH,BUY,5.658298823707982,390,,
2000-02-16,JNJ,SELL,20.42510078351892,666,138.52573050286264,0.04185989770113758
2000-02-16,HD,SELL,33.29368973868385,390,-177.73836589887787,-0.047049575214531465
2000-02-16,PG,SELL,23.87889371020599,390,107.14340237322767,0.028362202742248776
2000-02-16,MRK,SELL,24.32659498529136,390,-28.727731985621176,-0.007604591051373641
2000-02-16,JPM,SELL,25.145671032439093,390,-24.900976184313095,-0.00659160078339905
2000-02-16,DIS,SELL,27.78857920920843,390,-24.426347299291137,-0.006465960563225314
2000-02-16,UNH,SELL,5.857629843510403,390,133.08051884750057,0.035228082858974184
2000-02-16,ABT,BUY,8.074753603458527,390,,
2000-02-16,HD,BUY,34.174026755786876,390,,
2000-02-16,COST,BUY,32.81628194529349,390,,
2000-02-16,WMT,BUY,12.017244559381478,390,,
2000-02-16,PG,BUY,24.051850976292766,390,,
2000-02-16,MSFT,BUY,30.31372615408806,390,,
2000-02-16,TXN,BUY,41.37408787637784,390,,
2000-02-16,BRK-B,BUY,31.34000015258789,390,,
2000-02-16,XOM,BUY,17.504579281806944,666,,
2000-02-16,KO,BUY,13.388544156086764,666,,
2000-02-17,JNJ,SELL,20.293419405735015,666,95.0068584900473,0.025149507321154223
2000-02-17,KO,SELL,12.935709798350272,666,-39.260734302639776,-0.010392808903175827
2000-02-17,WFC,SELL,9.160685489770552,666,-25.266672662017754,-0.00668840522877826
2000-02-17,CVX,SELL,14.838546944459694,999,189.11350495599527,0.05006071722620094
2000-02-17,ABT,SELL,7.996231424124077,390,-28.644105036353267,-0.009724405621592939
2000-02-17,HD,SELL,32.60716452816804,390,-135.0538122788157,-0.0458495054977245
2000-02-17,COST,SELL,31.266189899063924,390,-139.13625362044013,-0.04723545613161333
2000-02-17,WMT,SELL,11.344364662939352,390,-164.9319696905486,-0.055992860353069045
2000-02-17,PG,SELL,23.638668714285714,390,-50.60172900543421,-0.01717881348983551
2000-02-17,MSFT,SELL,30.39445906439576,390,7.844828927528852,0.002663246012625698
2000-02-17,TXN,SELL,42.683030556128564,390,93.18894348324648,0.031636774293652775
2000-02-17,BRK-B,SELL,33.35341216064071,390,189.2369117886692,0.06424416076100628
2000-02-17,KO,SELL,12.786683439062797,666,-132.41428347913552,-0.04495341016971937
2000-02-17,TXN,BUY,41.39312009711365,390,,
2000-02-17,KO,BUY,12.935709798350272,666,,
2000-02-17,WFC,BUY,9.145263460326493,666,,
2000-02-17,XOM,BUY,17.504582265789587,666,,
2000-02-17,PEP,BUY,17.79204962683506,999,,
2000-02-17,HD,BUY,33.30150560501519,390,,
2000-02-17,COST,BUY,32.024022882634945,390,,
2000-02-17,JNJ,BUY,20.623695995267582,390,,
2000-02-17,VZ,BUY,14.34932503312763,666,,
2000-02-17,BRK-B,BUY,34.0,390,,
2000-02-18,XOM,SELL,16.79324405488511,666,-119.70018766219073,-0.04063709361247805
2000-02-18,TXN,SELL,43.57851560180505,390,200.7474302615051,0.05279610475277478
2000-02-18,WFC,SELL,8.240042160626908,666,-376.36276955332414,-0.09898252834667576
2000-02-18,HD,SELL,31.94955959575769,390,-154.36313562568012,-0.04059714372355266
2000-02-18,COST,SELL,29.038802933234884,390,-354.4447602581513,-0.09321814315273924
2000-02-18,JNJ,SELL,19.82246336222666,390,-147.72032130900334,-0.03885009909110261
2000-02-18,BRK-B,SELL,32.807493371479794,390,-133.3613543952738,-0.03507372436824136
2000-02-18,UNH,BUY,6.021786437436262,390,,
2000-02-18,PG,BUY,23.549794877369138,390,,
2000-02-18,CVX,BUY,14.836951921570977,666,,
2000-02-18,WMT,BUY,10.315688583793031,390,,
2000-02-18,WFC,BUY,8.574647291382746,666,,
2000-02-18,ABT,BUY,7.9004774106061815,390,,
2000-02-18,COST,BUY,29.18855696294835,390,,
2000-02-18,JNJ,BUY,20.002594967057764,390,,
2000-02-18,MRK,BUY,23.650860737036815,390,,
2000-02-18,JPM,BUY,24.680206708700982,390,,
2000-02-22,CVX,SELL,14.343297759440805,666,-94.86520999624645,-0.033271939192069735
2000-02-22,WFC,SELL,8.26388708946461,666,-103.33275034163171,-0.03624174748627154
2000-02-22,WMT,BUY,10.475207034873954,390,,
2000-02-22,HD,BUY,31.483740666529517,390,,
2000-02-22,MRK,BUY,23.301336010068656,666,,
2000-02-22,VZ,BUY,13.497687237431258,666,,
2000-02-22,KO,BUY,12.407412204189576,666,,
2000-02-22,WFC,BUY,8.327895743506296,390,,
2000-02-22,JPM,BUY,24.028122008075425,390,,
2000-02-22,COST,BUY,29.897427613084968,390,,
2000-02-22,TXN,BUY,43.239115055775486,390,,
2000-02-22,PFE,BUY,12.051154762939277,666,,
2000-02-23,WMT,SELL,10.238627931006773,390,-27.370311132291363,-0.02258467093581671
2000-02-23,HD,SELL,31.38127429040378,390,-3.944218971554392,-0.003254580744106716
2000-02-23,MRK,SELL,23.91945100981768,666,32.148034616206814,0.02652701971603404
2000-02-23,VZ,SELL,12.965827866626045,666,-47.753303627175,-0.0394037409112786
2000-02-23,KO,SELL,12.422506495219904,666,1.474339413325879,0.0012165543291316923
2000-02-23,WFC,SELL,8.454809415359989,390,18.46881779430487,0.015239584615676064
2000-02-23,JPM,SELL,24.395528182925993,390,18.530732619693254,0.015290673766642683
2000-02-23,COST,SELL,29.61432994780103,390,-11.475415828742598,-0.009468963984046525
2000-02-23,TXN,SELL,45.868080297730124,390,73.68413921180536,0.060800625511494726
2000-02-23,PFE,SELL,12.253881454467773,666,20.3867612146214,0.0168221797426367
2000-02-23,CVX,BUY,14.358346372741075,666,,
2000-02-23,WMT,BUY,10.30239043765448,390,,
2000-02-23,VZ,BUY,13.144178544670876,666,,
2000-02-23,WFC,BUY,8.45126882020165,390,,
2000-02-23,KO,BUY,12.422506495219904,666,,
2000-02-23,PFE,BUY,12.186304577349354,666,,
2000-02-23,PG,BUY,23.31444641902529,666,,
2000-02-23,MRK,BUY,24.606210821553194,390,,
2000-02-23,DIS,BUY,25.22918634968195,666,,
2000-02-23,BAC,BUY,11.544357987700916,390,,
2000-02-24,WMT,SELL,9.768940634963874,390,-63.02468352375945,-0.05177922598826061
2000-02-24,WFC,SELL,8.281631377260041,390,-24.431769405414116,-0.020072423035001855
2000-02-24,KO,SELL,11.919595507244008,666,-49.276177551861565,-0.040483857921057506
2000-02-24,MRK,SELL,23.28964518464592,390,-65.12577347769547,-0.05350541968672647
2000-02-24,BAC,SELL,11.624972136146921,390,8.499563140382406,0.006982991044793392
2000-02-25,CVX,SELL,13.85870634222771,666,-42.355315371855795,-0.03479788114471988
2000-02-25,VZ,SELL,12.32952199500728,666,-75.43905215908921,-0.0619785060660095
2000-02-25,PFE,SELL,11.907257657876027,666,-27.871498785351832,-0.022898403507162504
2000-02-25,PG,SELL,22.050945181055848,666,-65.96380257163833,-0.05419391973803796
2000-02-25,DIS,SELL,24.70585467581239,666,-25.248111261487793,-0.020743105489652754
2000-02-25,MSFT,BUY,28.920218234679048,390,,
2000-02-25,PEP,BUY,17.502486367262044,999,,
2000-02-25,WFC,BUY,8.189096780853562,390,,
2000-02-25,COST,BUY,29.52213406656794,390,,
2000-02-25,JPM,BUY,24.225715533188836,390,,
2000-02-25,PG,BUY,22.278948460381464,666,,
2000-02-25,JNJ,BUY,18.489657506346703,666,,
2000-02-25,WMT,BUY,9.425031215102372,390,,
2000-02-25,PFE,BUY,11.893477806875094,666,,
2000-02-25,ABT,BUY,7.406698274426415,390,,
2000-02-28,MSFT,SELL,27.570547782000595,390,-55.37371000377266,-0.04666875062028491
2000-02-28,WFC,SELL,8.33171882135253,390,20.664651684431874,0.01741608926059137
2000-02-28,COST,SELL,31.931467017810515,390,96.8336984773266,0.08161107004696526
2000-02-28,JPM,SELL,24.756143074262916,390,25.979267385414232,0.02189522700980296
2000-02-28,PG,SELL,22.165085095862562,666,-6.064105819805491,-0.005110805149596044
2000-02-28,WMT,SELL,9.478202321477804,390,6.693763243146577,0.005641478013381237
2000-02-28,ABT,SELL,7.781797473431568,390,60.0895471437716,0.05064324009259046
2000-02-29,PEP,SELL,16.735454903832625,999,-51.99850750473979,-0.04382414288658619
2000-02-29,JNJ,SELL,18.580770738547812,666,5.846958808188219,0.004927794480229537
2000-02-29,PFE,SELL,11.848423454843214,666,-4.494747805638099,-0.0037881562284360296
2000-02-29,PG,BUY,22.4672297536055,666,,
2000-02-29,PFE,BUY,11.848423454843214,666,,
2000-02-29,VZ,BUY,12.854936734039699,666,,
2000-02-29,DIS,BUY,24.756725078922425,390,,
2000-02-29,MRK,BUY,23.278032994916146,390,,
2000-02-29,AMD,BUY,19.6875,390,,
2000-02-29,TXN,BUY,47.806652772327936,390,,
2000-02-29,KO,BUY,11.788548622768765,999,,
2000-02-29,BAC,BUY,11.784869484279467,666,,
2000-02-29,ABT,BUY,7.69715607683027,390,,
2000-03-01,PFE,SELL,11.475844297495152,666,-37.53083930130538,-0.03144546266159694
2000-03-01,VZ,SELL,14.039634740110689,666,109.99374822072832,0.09215899156733504
2000-03-01,DIS,SELL,25.479498186176656,390,34.844888477094855,0.02919502094683722
2000-03-01,MRK,SELL,22.72365935932158,390,-28.424090455592022,-0.023815312733495953
2000-03-01,AMD,SELL,20.038042480991898,390,21.251048998555007,0.017805332367842427
2000-03-01,TXN,SELL,51.17882472938014,390,84.18828506851605,0.07053771309009374
2000-03-01,BAC,SELL,11.805566843481644,666,2.0961407813792903,0.0017562654579914485
2000-03-01,ABT,SELL,7.671487335505193,390,-3.98019700147006,-0.0033348344594887032
2000-03-01,JNJ,BUY,18.410037656455877,999,,
2000-03-01,AMD,BUY,19.9375,390,,
2000-03-01,UNH,BUY,4.955555161840582,390,,
2000-03-01,JPM,BUY,25.25323981184518,666,,
2000-03-01,BRK-B,BUY,28.739999771118164,390,,
2000-03-01,HD,BUY,33.6286955201224,390,,
2000-03-01,TXN,BUY,50.98488335119907,390,,
2000-03-01,COST,BUY,32.9830709503543,390,,
2000-03-01,KO,BUY,11.87911853018929,999,,
2000-03-01,PG,BUY,22.090669540102688,666,,
2000-03-02,PG,SELL,22.12417799453748,666,-18.223861737295692,-0.015268983440780875
2000-03-02,KO,SELL,11.924403584573971,999,13.754520447503864,0.011524316194685056
2000-03-02,AMD,SELL,19.92733700226076,390,-0.5283196770376435,-0.0005097428333161077
2000-03-02,UNH,SELL,5.188223935700655,390,48.66216689998282,0.046951101594368265
2000-03-02,BRK-B,SELL,29.332728978111646,390,21.37544796544421,0.02062384174369885
2000-03-02,HD,SELL,31.958673500834678,390,-51.47043442523852,-0.04966062445950156
2000-03-02,TXN,SELL,50.32942648369708,390,-13.324420980750688,-0.012855905994469266
2000-03-02,COST,SELL,31.690428419137184,390,-40.61935376978863,-0.03919109088304082
2000-03-02,PG,SELL,21.853870391616,666,-11.110073060742025,-0.010719419257836963
2000-03-03,JPM,SELL,25.694508024099452,666,18.11053157521951,0.01747372675910251
2000-03-03,BRK-B,BUY,29.600000381469727,390,,
2000-03-03,WMT,BUY,11.086706087256056,390,,
2000-03-03,PEP,BUY,16.730323761348195,999,,
2000-03-03,MRK,BUY,22.49855686830789,390,,
2000-03-03,ABT,BUY,7.610015452907457,390,,
2000-03-03,PFE,BUY,12.073675441855936,666,,
2000-03-03,HD,BUY,32.28355565202346,390,,
2000-03-03,XOM,BUY,16.950636355764704,666,,
2000-03-03,DIS,BUY,26.363081091013203,390,,
2000-03-03,BAC,BUY,11.865747912724814,666,,
2000-03-06,JNJ,SELL,18.438679995045753,999,1.612499004049596,0.0015558001088515805
2000-03-06,KO,SELL,11.914700095925612,999,3.104463061105207,0.002995303535855479
2000-03-06,BRK-B,SELL,28.757798345489817,390,-30.058910125642342,-0.028452771119122918
2000-03-06,WMT,SELL,11.107421525905096,390,1.9739686867501405,0.0018684935350502141
2000-03-06,MRK,SELL,21.368283084111578,390,-53.07349066275685,-0.050237612608320145
2000-03-06,ABT,SELL,7.33720135082187,390,-37.873019956712255,-0.03584934929157824
2000-03-06,HD,SELL,31.542634529569185,390,-24.245953867263097,-0.02295041879650686
2000-03-06,DIS,SELL,27.1596490444667,390,31.920914469335003,0.03021528290655813
2000-03-06,BAC,SELL,11.561349529774093,666,-27.10165940556203,-0.02565353530090458
2000-03-07,PFE,SELL,11.156360608392585,666,-80.26525295951024,-0.07597643632884864
2000-03-07,XOM,SELL,16.77018738636141,666,-11.246491480986833,-0.010645557229591873
2000-03-07,AMD,BUY,24.71875,390,,
2000-03-07,HD,BUY,32.0164797471076,390,,
2000-03-07,JPM,BUY,26.37956724600639,666,,
2000-03-07,WFC,BUY,8.559226439896063,390,,
2000-03-07,DIS,BUY,27.213504791259766,390,,
2000-03-07,PG,BUY,14.559769896210218,666,,
2000-03-07,WMT,BUY,10.554966477386177,390,,
2000-03-07,CVX,BUY,14.274588651127285,666,,
2000-03-07,TXN,BUY,57.09393819173177,390,,
2000-03-07,MSFT,BUY,29.35927370515518,390,,
2000-03-08,PEP,SELL,16.0823154437066,999,-40.91898896820385,-0.03873256291301889
2000-03-08,AMD,SELL,27.626909751840277,390,130.9233635121684,0.11764995203399349
2000-03-08,HD,SELL,30.65746891488468,390,-47.236176755665156,-0.042447228519734294
2000-03-08,WFC,SELL,7.890835090577183,390,-86.9003856874624,-0.07809015849883236
2000-03-08,DIS,SELL,27.083318152072785,390,-5.323623552121717,-0.004783898295554831
2000-03-08,WMT,SELL,10.425060132441406,390,-13.696162652039447,-0.012307603744937841
2000-03-08,TXN,SELL,52.9740642852173,390,-80.30069854334442,-0.07215956784552484
2000-03-08,MSFT,SELL,29.268774138363053,390,-3.430256470677932,-0.003082486566288416
2000-03-09,JPM,SELL,24.93338518335929,666,-61.00714529068159,-0.05482205409817838
2000-03-09,PG,SELL,14.502786873820623,666,-4.355282887003341,-0.003913730972110146
2000-03-09,CVX,SELL,15.363817326778111,666,84.91430587766604,0.07630543354149881
2000-03-09,MRK,BUY,21.913281455284373,390,,
2000-03-09,WMT,BUY,10.422033597184416,390,,
2000-03-09,JNJ,BUY,18.09151526309249,666,,
2000-03-09,CVX,BUY,15.375397452363023,390,,
2000-03-09,WFC,BUY,8.466692946297782,390,,
2000-03-09,MSFT,BUY,29.1111162006855,390,,
2000-03-09,DIS,BUY,26.41032632589736,390,,
2000-03-09,BAC,BUY,11.314603877517412,999,,
2000-03-09,JPM,BUY,24.897561181103654,666,,
2000-03-09,HD,BUY,31.034148001805537,390,,
2000-03-10,MRK,SELL,22.98380806411341,390,57.59855028989978,0.048852866286298764
2000-03-10,WMT,SELL,10.471359952306427,390,5.580178089043329,0.0047328915860851304
2000-03-10,JNJ,SELL,18.03859953826556,666,-3.4485085692695066,-0.002924891810188964
2000-03-10,CVX,SELL,15.735111825375602,390,27.5837268265052,0.023395451995765832
2000-03-10,WFC,SELL,8.055176631260718,390,-57.30529481440135,-0.04860413831553994
2000-03-10,MSFT,SELL,30.679290191208167,390,63.51216126988584,0.053868562775539995
2000-03-10,DIS,SELL,26.67926984870571,390,12.006289885303659,0.010183271478347217
2000-03-10,JPM,SELL,24.790454276096764,666,-5.072034101216559,-0.004301903476722087
2000-03-10,HD,SELL,31.927038081615144,390,33.92186129469496,0.028771212915452354
2000-03-10,COST,BUY,29.81402888851868,390,,
2000-03-10,WFC,BUY,8.14282761360835,390,,
2000-03-10,PFE,BUY,12.659341004872232,390,,
2000-03-10,BAC,BUY,11.136293843605776,999,,
2000-03-10,VZ,BUY,15.024209961592831,390,,
2000-03-10,JNJ,BUY,18.521516806654617,666,,
2000-03-10,PEP,BUY,16.061127381596137,999,,
2000-03-10,DIS,BUY,27.024519136164937,390,,
2000-03-10,WMT,BUY,10.581552769274607,390,,
2000-03-10,BRK-B,BUY,27.84000015258789,390,,
2000-03-13,COST,SELL,28.685729929779754,390,-41.8027288088781,-0.03784456515279734
2000-03-13,WFC,SELL,7.920085250707053,390,-30.215424145711268,-0.027354424466637252
2000-03-13,PFE,SELL,12.465634687267244,390,-16.901832748182187,-0.015301453490385954
2000-03-13,VZ,SELL,14.635388626207668,390,-28.586405939439146,-0.025879652665872447
2000-03-13,DIS,SELL,26.835537916544457,390,-7.724347184821454,-0.006992954015880354
2000-03-13,WMT,SELL,10.032090493396295,390,-57.3574178634467,-0.05192643157947219
2000-03-13,BRK-B,SELL,29.04594864645857,390,47.84765295405532,0.04331711520334093
2000-03-14,BAC,SELL,11.346471673227333,999,3.3207346478234285,0.0028165189037897996
2000-03-14,JNJ,SELL,18.290356453852834,666,-13.78598849925379,-0.012480638341603291
2000-03-14,JNJ,BUY,18.2985529358854,666,,
2000-03-14,BAC,BUY,11.298396932764136,999,,
2000-03-14,XOM,BUY,16.645977637528603,390,,
2000-03-14,HD,BUY,30.70671435211437,390,,
2000-03-14,KO,BUY,10.605551016451132,666,,
2000-03-14,CVX,BUY,15.315561884309012,390,,
2000-03-14,ABT,BUY,7.174330918459648,390,,
2000-03-14,WFC,BUY,8.004031172920676,390,,
2000-03-14,JPM,BUY,25.450836001185184,666,,
2000-03-14,WMT,BUY,9.996646085400027,390,,
2000-03-15,BAC,SELL,11.343966003940666,999,20.598647810987814,0.018648229227009105
2000-03-15,PEP,SELL,15.802965734003097,999,-17.75484195736749,-0.016073694047707886
2000-03-15,XOM,SELL,17.159049478727642,390,31.46507655830146,0.03082257181712844
2000-03-15,HD,SELL,31.724755341573935,390,33.8447908770446,0.03315369328628495
2000-03-15,KO,SELL,11.459113071378194,666,82.16025575355275,0.08048257498389595
2000-03-15,CVX,SELL,16.08134318427727,390,51.04247702989949,0.05000020931343104
2000-03-15,ABT,SELL,7.451281516043858,390,39.40767577745066,0.038602986220166176
2000-03-15,WFC,SELL,8.75040754039409,390,95.19387989923689,0.09325005754582287
2000-03-15,WMT,SELL,10.485250278809744,390,49.895662410129034,0.04887681220637763
2000-03-16,JNJ,SELL,20.36648490511142,666,115.36642109321178,0.11301068322023358
2000-03-16,JPM,SELL,26.69748576897526,666,50.00372149180146,0.04898266476323297
2000-03-17,BAC,SELL,12.81987308059274,999,137.47009719226276,0.13466301076894255
2000-04-11,VZ,BUY,16.55519191046906,999,,
2000-04-11,XOM,BUY,17.490727565795417,666,,
2000-04-11,CVX,BUY,16.571920971537747,666,,
2000-04-11,TXN,BUY,46.28414611816407,390,,
2000-04-11,PEP,BUY,18.646424111789234,390,,
2000-04-11,JNJ,BUY,19.365560318334413,390,,
2000-04-11,MSFT,BUY,25.999546434769158,390,,
2000-04-11,BRK-B,BUY,36.459999084472656,390,,
2000-04-11,DIS,BUY,31.56009622866393,666,,
2000-04-11,HD,BUY,38.237860600006165,390,,
2000-04-12,TXN,SELL,44.230387490028534,390,-54.45960981401822,-0.04437283174442192
2000-04-12,PEP,SELL,18.91894055808812,390,17.93719540879374,0.014614944112881579
2000-04-12,JNJ,SELL,19.73037717974424,390,23.120765868259696,0.018838435625559282
2000-04-12,MSFT,SELL,24.617090078794988,390,-65.25939424944659,-0.05317232588817063
2000-04-12,BRK-B,SELL,36.07200023893285,390,-13.060841539057492,-0.010641767835508348
2000-04-12,DIS,SELL,31.066714627442366,666,-19.186776286255736,-0.01563308291732833
2000-04-12,HD,SELL,39.933848725047284,390,54.43604970011825,0.04435363533494458
2000-04-13,XOM,SELL,17.734728662329406,666,17.12147922365375,0.013950311421644535
2000-04-13,CVX,SELL,16.887769455602413,666,23.391782850638947,0.01905925599133232
2000-04-13,COST,BUY,37.528162417204484,390,,
2000-04-13,PEP,BUY,18.904958646456944,390,,
2000-04-13,BRK-B,BUY,37.91999816894531,390,,
2000-04-13,KO,BUY,11.757016358552155,390,,
2000-04-13,WMT,BUY,13.27020632604561,390,,
2000-04-13,VZ,BUY,16.619863859780658,999,,
2000-04-13,ABT,BUY,9.166156987157038,390,,
2000-04-13,JPM,BUY,27.33155634223697,390,,
2000-04-13,DIS,BUY,30.284475333228485,390,,
2000-04-13,AMD,BUY,38.59375,390,,
2000-04-14,VZ,SELL,16.166487458829895,999,-28.816595830175174,-0.02347930810716593
2000-04-14,COST,SELL,35.7528559378153,390,-53.86898467001629,-0.04730597943093829
2000-04-14,PEP,SELL,18.8635140469323,390,-2.496404559424491,-0.0021922607872201087
2000-04-14,BRK-B,SELL,37.15982833600135,390,-22.827853379348426,-0.02004667377770363
2000-04-14,KO,SELL,11.485579466042077,390,-26.29023714805635,-0.02308722589406217
2000-04-14,WMT,SELL,11.989928688337208,390,-109.86243887537057,-0.09647759848281964
2000-04-14,ABT,SELL,9.016631865105479,390,-18.575889795864896,-0.01631273850764968
2000-04-14,JPM,SELL,25.444167319748384,390,-78.63571023459303,-0.06905530731054262
2000-04-14,DIS,SELL,29.47724163333504,390,-30.353025135574626,-0.02665503334666453
2000-04-14,AMD,SELL,32.726602910068,390,-173.114221975614,-0.15202324443548496
2000-04-14,VZ,BUY,16.24801871562318,999,,
2000-04-14,HD,BUY,34.927060455702154,390,,
2000-04-14,MSFT,BUY,24.16699266031661,390,,
2000-04-14,DIS,BUY,29.67027594812157,390,,
2000-04-14,COST,BUY,36.110412250865586,390,,
2000-04-14,PG,BUY,17.070067693316744,390,,
2000-04-14,ABT,BUY,9.063988615290825,390,,
2000-04-14,PFE,BUY,14.033402837836707,666,,
2000-04-14,CVX,BUY,16.655676576710373,666,,
2000-04-14,BRK-B,BUY,37.31999969482422,390,,
2000-04-17,VZ,SELL,15.721023434570734,999,-61.58541692726658,-0.05408229771274351
2000-04-17,HD,SELL,32.485573582694194,390,-77.3279597880728,-0.06990244358251929
2000-04-17,MSFT,SELL,22.72267671602753,390,-66.1125319199266,-0.05976399151478695
2000-04-17,DIS,SELL,29.292316436767578,390,-14.091845974450962,-0.012738658447762813
2000-04-17,COST,SELL,33.525137049551226,390,-79.19878664573343,-0.07159362189924569
2000-04-17,PG,SELL,16.460302620695334,390,-39.51586520006822,-0.03572130372161003
2000-04-17,ABT,SELL,8.70159672438208,390,-44.22861237025563,-0.03998150331934382
2000-04-17,BRK-B,SELL,36.73576687388532,390,-17.317632286306207,-0.015654684504724854
2000-04-18,PFE,SELL,13.743085135694205,666,-22.885200409999243,-0.020687619780980767
2000-04-18,CVX,SELL,15.903259545781431,666,-49.97358805582007,-0.045174810369519716
2000-04-19,VZ,SELL,15.753592677472,999,-33.66240321461419,-0.030429927907195647
2000-05-15,JNJ,BUY,21.722568655705107,666,,
2000-05-15,TXN,BUY,42.87089181666932,390,,
2000-05-15,MSFT,BUY,21.0745361328125,390,,
2000-05-15,VZ,BUY,13.806773673842244,666,,
2000-05-15,KO,BUY,12.666054707218484,666,,
2000-05-15,XOM,BUY,18.25401448989663,999,,
2000-05-15,WMT,BUY,11.979121910898309,390,,
2000-05-15,MRK,BUY,25.565483663128447,666,,
2000-05-15,JPM,BUY,23.120585072579694,666,,
2000-05-15,PEP,BUY,20.165281604585193,666,,
2000-05-16,TXN,SELL,44.47943211237134,390,43.198046320234425,0.037520569961098364
2000-05-16,MSFT,SELL,21.192003593321584,390,6.417327959179829,0.005573904913911206
2000-05-16,VZ,SELL,14.321333215058,666,42.90798385874382,0.037268630121070255
2000-05-16,KO,SELL,11.908427719602757,666,-68.86661802649769,-0.059815546760898536
2000-05-16,WMT,SELL,12.250032381284196,390,26.037272268064044,0.02261521941265325
2000-05-17,JNJ,SELL,22.245233672620223,666,27.7017326227151,0.024060921394664172
2000-05-17,MRK,SELL,26.476915503521763,666,41.045434918444016,0.03565087413964396
2000-05-17,JPM,SELL,23.247396012444828,666,6.3146979285802445,0.005484763446385616
2000-05-17,PEP,SELL,19.97172405263713,666,-11.050972756651163,-0.009598554373971804
2000-05-17,PEP,BUY,19.842114106202736,666,,
2000-05-17,MSFT,BUY,21.03634830943325,390,,
2000-05-17,PFE,BUY,16.069526613890783,666,,
2000-05-17,WFC,BUY,10.68257543266774,999,,
2000-05-17,XOM,BUY,18.267927975515434,999,,
2000-05-17,KO,BUY,11.863067906137575,390,,
2000-05-17,TXN,BUY,44.96491942187647,390,,
2000-05-17,AMD,BUY,43.9375,390,,
2000-05-17,BRK-B,BUY,38.0,666,,
2000-05-17,PG,BUY,16.266907222454364,390,,
2000-05-18,XOM,SELL,18.143713416096922,999,-6.95690428571902,-0.006042565259316394
2000-05-18,MSFT,SELL,20.467411446705388,390,-29.138371129283314,-0.027045419402603115
2000-05-18,KO,SELL,11.919721876283631,390,5.145231063032952,0.004775659264054764
2000-05-18,TXN,SELL,44.701128308300724,390,-6.3205939581757775,-0.005866598160685431
2000-05-18,AMD,SELL,43.00523186134279,390,-22.860043345035137,-0.021218051519936436
2000-05-18,PG,SELL,16.36470433363787,390,6.477278739615031,0.006012028583313642
2000-05-19,PEP,SELL,20.200566176860345,666,19.463220401877834,0.018065215669007546
2000-05-19,PFE,SELL,16.126498740009833,666,3.819714415661565,0.0035453518630599694
2000-05-19,WFC,SELL,10.672819604104705,999,-0.9839198939880589,-0.0009132468686531846
2000-05-19,XOM,SELL,18.272822407360472,999,0.2886586290176183,0.0002679248490358705
2000-05-19,BRK-B,SELL,37.52837038599457,666,-13.371773767400555,-0.012411305631721834
2000-05-19,WFC,BUY,10.636066948158154,999,,
2000-05-19,UNH,BUY,7.4555213010447705,666,,
2000-05-19,MSFT,BUY,19.967352516254934,390,,
2000-05-19,JPM,BUY,23.716468267545192,666,,
2000-05-19,ABT,BUY,9.414287306142642,666,,
2000-05-19,VZ,BUY,13.677436889994587,666,,
2000-05-19,BAC,BUY,12.854559547338056,666,,
2000-05-19,BRK-B,BUY,37.7599983215332,666,,
2000-05-19,XOM,BUY,17.864152555436533,999,,
2000-05-19,COST,BUY,30.57502171529664,390,,
2000-05-22,UNH,SELL,7.362872774195165,666,-14.368547761069522,-0.012426834168741782
2000-05-22,MSFT,SELL,19.7214260177209,390,-14.240892697646586,-0.01231642994902954
2000-05-22,ABT,SELL,9.974262686229546,666,68.77551612336538,0.05948144154486667
2000-05-22,BAC,SELL,13.034913605176744,666,16.22262356082524,0.01403035686866735
2000-05-22,BRK-B,SELL,36.442201719751395,666,-40.35234611571559,-0.03489927596289947
2000-05-22,COST,SELL,30.35610957491225,390,-8.278572302289604,-0.007159835974045064
2000-05-23,WFC,SELL,10.938497683334274,999,32.87738261962181,0.02843445200657486
2000-05-23,JPM,SELL,23.223928112581586,666,-24.012866094560195,-0.020767854193434993
2000-05-23,VZ,SELL,13.235852438409886,666,-37.3302954142971,-0.03228561426649549
2000-05-23,XOM,SELL,18.429866765867043,999,36.61567480196436,0.03166756489987253
2000-05-23,BAC,BUY,13.081499591877288,666,,
2000-05-23,ABT,BUY,9.983522415161135,666,,
2000-05-23,PEP,BUY,20.32686624058453,999,,
2000-05-23,JNJ,BUY,22.472692171732582,999,,
2000-05-23,MRK,BUY,27.532058358270827,999,,
2000-05-23,WMT,BUY,12.258634692332784,390,,
2000-05-23,KO,BUY,12.166082627773285,390,,
2000-05-23,PG,BUY,16.235376358032227,999,,
2000-05-23,AMD,BUY,39.875,390,,
2000-05-23,MSFT,BUY,19.509220025188018,666,,
2000-05-24,BAC,SELL,14.463470701520606,666,122.26983219069484,0.10564317186551209
2000-05-24,WMT,SELL,11.940302438356385,390,-30.054978740118486,-0.02596800230742671
2000-05-24,KO,SELL,12.395061646745399,390,21.78325686678795,0.01882109681298644
2000-05-24,AMD,SELL,36.001625423863004,390,-112.42598094607024,-0.09713792040468955
2000-05-25,ABT,SELL,9.946962137754513,666,-4.238415888787586,-0.003662061934282915
2000-05-25,PEP,SELL,20.474708180893728,999,8.417926091692607,0.007273228374672851
2000-05-25,MSFT,SELL,19.269205536888347,666,-14.238867072484027,-0.012302618351209979
2000-05-26,JNJ,SELL,22.684637283043394,999,10.915564111446201,0.00943122923106684
2000-05-26,MRK,SELL,27.87840947261945,999,14.559812823826633,0.012579920826899424
2000-05-26,PG,SELL,16.63360747180434,999,28.38904033350309,0.024528603771793275
2000-05-26,PG,BUY,16.582155724291532,1332,,
2000-05-26,UNH,BUY,7.370663336513463,666,,
2000-05-26,VZ,BUY,12.966077459681992,666,,
2000-05-26,MRK,BUY,27.953479303654245,999,,
2000-05-26,BRK-B,BUY,37.099998474121094,666,,
2000-05-26,CVX,BUY,18.086397665469985,999,,
2000-05-26,BAC,BUY,14.264832241311499,666,,
2000-05-26,MSFT,BUY,18.955634490640822,390,,
2000-05-26,JNJ,BUY,22.888260190706724,999,,
2000-05-26,AMD,BUY,35.1875,390,,
2000-05-30,VZ,SELL,13.531179106981583,666,50.58332161235171,0.0435830843257549
2000-05-30,MRK,SELL,27.918876096203103,999,-1.4367124925981898,-0.001237885526708576
2000-05-30,CVX,SELL,17.624532773885463,999,-29.638229612301075,-0.02553658833158915
2000-05-30,BAC,SELL,14.286177821586278,666,1.73672349564049,0.0014963779393747016
2000-05-30,JNJ,SELL,22.70607536252532,999,-9.2382308068959,-0.007959749961920554
2000-06-01,PG,SELL,16.62510751289502,1332,3.006281518866672,0.00259024154142804
2000-06-13,TXN,BUY,49.0387855735985,390,,
2000-06-13,UNH,BUY,7.758593485451335,666,,
2000-06-13,JNJ,BUY,21.929267574440352,999,,
2000-06-13,MSFT,BUY,20.387312493930207,390,,
2000-06-13,PG,BUY,14.07591770092646,999,,
2000-06-13,WFC,BUY,10.822120445796422,666,,
2000-06-13,JPM,BUY,23.060994723427623,666,,
2000-06-13,CVX,BUY,17.736957103095197,999,,
2000-06-13,PEP,BUY,21.985429393462024,999,,
2000-06-13,MRK,BUY,26.55782511844504,999,,
2000-06-14,TXN,SELL,49.686070056362006,390,14.623425153972676,0.013199439488403398
2000-06-14,UNH,SELL,7.931500765915018,666,24.690159753398575,0.02228590540127061
2000-06-14,MSFT,SELL,21.30195054988503,390,49.70303456127135,0.044863100824453175
2000-06-14,JPM,SELL,23.756472119574553,666,33.41170208045514,0.03015816986595103
2000-06-15,PG,SELL,14.304688989180026,999,18.006048521110415,0.01625267304869988
2000-06-15,WFC,SELL,10.606386836243482,666,-22.085084439413777,-0.01993450457638698
2000-06-15,CVX,SELL,17.94790990262431,999,13.176491761071247,0.01189340416752214
2000-06-15,PEP,SELL,22.476782054719582,999,24.760076246031304,0.022349013633714852
2000-06-15,MRK,SELL,27.30833878556597,999,31.308316520690596,0.028259605738561684
2000-06-16,JNJ,SELL,22.98188763586942,999,53.17911839820249,0.048000693951855834
2000-06-16,PG,BUY,14.375404770309862,999,,
2000-06-16,BRK-B,BUY,36.959999084472656,999,,
2000-06-16,KO,BUY,13.588706467602703,666,,
2000-06-16,UNH,BUY,7.9404355202666,999,,
2000-06-16,HD,BUY,29.641016812964693,390,,
2000-06-16,DIS,BUY,31.749081383994856,666,,
2000-06-16,WFC,BUY,10.356986918612757,666,,
2000-06-16,JPM,BUY,22.28632046202354,390,,
2000-06-16,BAC,BUY,13.65970188130935,390,,
2000-06-16,WMT,BUY,11.672411800298619,390,,
2000-06-19,KO,SELL,13.200454317186747,666,-32.30758945129014,-0.0285716783522848
2000-06-19,HD,SELL,29.131217956542972,390,-19.447982824337487,-0.017199101489620287
2000-06-19,DIS,SELL,31.68904583787921,666,-2.138189066787845,-0.0018909380523340381
2000-06-19,JPM,SELL,22.457367064337415,390,8.678504314765632,0.007674959291972108
2000-06-19,BAC,SELL,12.67531396439621,390,-81.48803702890109,-0.07206510987330425
2000-06-19,WMT,SELL,11.50496420864423,390,-16.22135421098369,-0.014345586372312948
2000-06-20,PG,SELL,13.92785136164088,999,-35.20412790400337,-0.03113327351959741
2000-06-20,BRK-B,SELL,37.18408395929811,999,6.855661957052234,0.006062902607581272
2000-06-20,UNH,SELL,7.788212104961705,999,-21.67733759619273,-0.01917066323583529
2000-06-20,WFC,SELL,9.877340950010677,666,-52.36681662295291,-0.046311342514114624
2000-08-01,ABT,BUY,9.822580637784174,999,,
2000-08-01,BAC,BUY,12.481856346130371,666,,
2000-08-01,PG,BUY,14.208576088763298,999,,
2000-08-01,WFC,BUY,10.356985598666895,999,,
2000-08-01,TXN,BUY,36.44839954376221,390,,
2000-08-01,BRK-B,BUY,36.58000183105469,999,,
2000-08-01,PEP,BUY,23.44464239177652,999,,
2000-08-01,KO,BUY,14.91109879527773,666,,
2000-08-01,DIS,BUY,29.481295749703442,666,,
2000-08-01,AMD,BUY,36.09375,390,,
2000-08-02,BAC,SELL,12.334630415455393,666,-13.06259593564073,-0.011795195088959721
2000-08-02,TXN,SELL,35.52363686267627,390,-28.098051034737637,-0.025371832307084154
2000-08-02,AMD,SELL,32.265050690712044,390,-117.47450364330405,-0.10607651765992604
2000-08-03,ABT,SELL,10.026132171200148,999,22.94949536310014,0.02072281622539999
2000-08-03,WFC,SELL,10.53887159050368,999,19.44868511742129,0.01756167275738957
2000-08-03,BRK-B,SELL,38.92773175241618,999,71.07694891471101,0.06418069447356833
2000-08-03,PEP,SELL,23.347360500008115,999,-4.595288257331731,-0.004149429543123528
2000-08-03,KO,SELL,15.220362682303465,666,22.969097277703895,0.020740516260523777
2000-08-03,DIS,SELL,30.903802789821725,666,53.435788418630864,0.048251170918516786
2000-08-03,WFC,BUY,10.319079541549574,999,,
2000-08-03,MRK,BUY,28.25000225836789,390,,
2000-08-03,ABT,BUY,10.027837360807832,999,,
2000-08-03,VZ,BUY,12.424171265072768,390,,
2000-08-03,XOM,BUY,18.43502422927072,666,,
2000-08-03,TXN,BUY,35.34389684018533,390,,
2000-08-03,DIS,BUY,30.33170987108316,666,,
2000-08-03,BAC,BUY,12.252830939080305,666,,
2000-08-03,BRK-B,BUY,38.0,999,,
2000-08-03,CVX,BUY,15.471633446216583,999,,
2000-08-04,PG,SELL,14.668240494150357,999,35.82734966513567,0.03235119427277303
2000-08-04,MRK,SELL,27.70012174647454,390,-19.5577301292617,-0.019464795325121423
2000-08-04,VZ,SELL,12.293738877080886,390,-10.548400819881863,-0.010498276722774959
2000-08-04,TXN,SELL,34.157049333874134,390,-33.74031232575078,-0.03357998445043482
2000-08-04,BAC,SELL,13.785210274126094,666,125.66040442148017,0.12506328885664109
2000-08-07,WFC,SELL,11.137749963063094,999,79.71439370820588,0.0793356052947513
2000-08-07,XOM,SELL,18.02500453496045,666,-22.34753429896125,-0.02224134284886111
2000-08-07,DIS,SELL,31.441920413884255,666,36.777064520894214,0.03660230654716628
2000-08-07,CVX,SELL,15.515287394083488,999,2.8350189464413234,0.002821547448022102
2000-08-08,ABT,SELL,9.369891103626573,999,-65.92524414722436,-0.0656119792840612
2000-08-08,BRK-B,SELL,41.22307326408772,999,85.22268027316579,0.08481771747599272
2000-08-08,HD,BUY,32.044349469636614,666,,
2000-08-08,JPM,BUY,25.83258067558859,666,,
2000-08-08,WFC,BUY,11.176401467854618,666,,
2000-08-08,ABT,BUY,9.412090188653709,666,,
2000-08-08,VZ,BUY,11.706765721438627,390,,
2000-08-08,COST,BUY,24.309911102701147,666,,
2000-08-08,UNH,BUY,8.582944064304746,666,,
2000-08-08,MSFT,BUY,21.39905116288698,666,,
2000-08-08,DHR,BUY,5.2990686280769825,666,,
2000-08-08,TXN,BUY,35.15347100100587,390,,
2000-08-09,HD,SELL,33.79221725463867,666,61.652767086073254,0.054545272846254426
2000-08-09,VZ,SELL,11.087190553717685,390,-59.82084324638299,-0.05292453803754805
2000-08-09,MSFT,SELL,22.797309085023798,666,73.85641553490086,0.06534205238790487
2000-08-09,TXN,SELL,36.94818311475124,390,57.70614143815237,0.05105362465328149
2000-08-10,JPM,SELL,24.886353703762882,666,-41.40215850273512,-0.03662920804191583
2000-08-10,WFC,SELL,11.113520575742049,666,-6.359341619651332,-0.00562621987886043
2000-08-10,ABT,SELL,9.2524171280701,666,-19.175249547223302,-0.016964676005346308
2000-08-10,COST,SELL,23.851896795827308,666,-21.295661169022196,-0.01884064096075396
2000-08-10,UNH,SELL,8.517008671980726,666,-8.683159271860859,-0.00768214167889501
2000-08-10,DHR,SELL,5.467734973023392,666,35.97695014922351,0.031829432072786296
2000-08-10,KO,BUY,14.607093257005097,999,,
2000-08-10,VZ,BUY,10.532830551705933,390,,
2000-08-10,PEP,BUY,22.828530320843445,999,,
2000-08-10,WFC,BUY,11.19198989868164,666,,
2000-08-10,ABT,BUY,9.221502388751142,999,,
2000-08-10,MSFT,BUY,22.544408929532654,390,,
2000-08-10,BAC,BUY,13.921445554320574,666,,
2000-08-10,UNH,BUY,8.510213428373216,666,,
2000-08-10,MRK,BUY,26.675336715793254,390,,
2000-08-10,PG,BUY,14.351290371289478,999,,
2000-08-11,VZ,SELL,10.810928971943923,390,30.025179810131476,0.026403009036630554
2000-08-11,MSFT,SELL,22.200805803945705,390,-17.332070418718786,-0.015241168072356804
2000-08-11,BAC,SELL,14.077625836214123,666,12.757749241983447,0.01121868280733808
2000-08-11,MRK,SELL,27.24897049699977,390,24.454399421484368,0.021504275178160913
2000-08-14,KO,SELL,15.293846921179137,999,53.46497595885694,0.04701508041955538
2000-08-14,WFC,SELL,11.23512635685808,666,4.382978764263726,0.00385422597473223
2000-08-14,ABT,SELL,9.435431716475039,999,26.381582057043715,0.023198966795785703
2000-08-14,UNH,SELL,8.970873419613762,666,61.55626145865995,0.05413025127016157
2000-08-15,PEP,SELL,24.190719247239773,999,67.85652029373637,0.05967046092111283
2000-08-15,PG,SELL,15.371100877259238,999,80.80918423662001,0.0710605443542516
2000-08-15,COST,BUY,23.9346202397518,666,,
2000-08-15,WFC,BUY,11.19198935410812,999,,
2000-08-15,DIS,BUY,30.945918702849468,666,,
2000-08-15,JPM,BUY,25.442545045270563,666,,
2000-08-15,BRK-B,BUY,40.959999084472656,666,,
2000-08-15,JNJ,BUY,24.742340340963224,999,,
2000-08-15,MRK,BUY,27.544921875,390,,
2000-08-15,PEP,BUY,24.158026208682937,1332,,
2000-08-15,XOM,BUY,18.591634693189732,999,,
2000-08-15,BAC,BUY,14.346783320840675,666,,
2000-08-16,JPM,SELL,24.244836556473267,666,-55.07315355804394,-0.04707502675798288
2000-08-16,BRK-B,SELL,40.86386459257605,666,-2.745798521812958,-0.002347033546029777
2000-08-16,MRK,SELL,27.57877575445959,390,1.4378588951637994,0.0012290424933212266
2000-08-17,COST,SELL,21.945368247996967,666,-97.2327637541905,-0.08311190951970844
2000-08-17,DIS,SELL,30.223717511767145,666,-27.30261153671927,-0.023337526283096707
2000-08-17,JNJ,SELL,24.76255277816585,999,0.9557125235985495,0.0008169169498151044
2000-08-17,BAC,SELL,14.053059448264815,666,-23.951574960387234,-0.020473151786518314
2000-08-18,WFC,SELL,11.071775693228398,999,-12.56596669973942,-0.010741044963163469
2000-08-18,XOM,SELL,18.640908709304274,999,3.100628636646661,0.0026503326322666384
2000-08-18,JPM,BUY,24.392446933708754,666,,
2000-08-18,CVX,BUY,16.64955421832965,999,,
2000-08-18,TXN,BUY,42.123222357825895,390,,
2000-08-18,JNJ,BUY,24.888391178559495,999,,
2000-08-18,MSFT,BUY,21.72357088747159,666,,
2000-08-18,VZ,BUY,10.451307528823325,390,,
2000-08-18,UNH,BUY,9.007242354094249,666,,
2000-08-18,COST,BUY,21.974823176303754,390,,
2000-08-18,PEP,BUY,22.471816747616497,999,,
2000-08-18,BAC,BUY,13.954159732197606,666,,
2000-08-21,PEP,SELL,22.86095976997666,1332,-62.81308791566971,-0.05369091114902768
2000-08-21,JPM,SELL,24.519320356252393,666,5.401540918014007,0.005201340516941261
2000-08-21,TXN,SELL,42.3659773953638,390,5.984791817256564,0.005762974054448229
2000-08-21,MSFT,SELL,21.521441421679278,666,-9.662751178645067,-0.009304615103996682
2000-08-21,VZ,SELL,11.303082864854726,390,84.6363288070554,0.08149940413506329
2000-08-21,COST,SELL,22.121435762586028,390,6.928644029837187,0.006671843732529836
2000-08-22,CVX,SELL,16.78557109167453,999,8.483841788649897,0.008169400307134742
2000-08-22,JNJ,SELL,25.11290802187322,999,9.368164043620027,0.009020946420479743
2000-08-22,UNH,SELL,8.9336012791386,666,-8.49044894269855,-0.008175762576453322
2000-08-22,PEP,SELL,22.538122857590597,999,3.0642045179079105,0.00295063415293883
2000-08-22,BAC,SELL,14.186359329616524,666,17.280653258200118,0.016640170520847906
2000-08-22,ABT,BUY,9.837246627147723,666,,
2000-08-22,PEP,BUY,22.86094524956852,999,,
2000-08-22,COST,BUY,21.93312313796447,390,,
2000-08-22,JPM,BUY,24.692464057868126,666,,
2000-08-22,WMT,BUY,10.446543960129125,390,,
2000-08-22,BRK-B,BUY,40.15999984741211,666,,
2000-08-22,PFE,BUY,15.787380122188237,666,,
2000-08-22,VZ,BUY,11.233938598852022,390,,
2000-08-22,PG,BUY,16.095654439275492,666,,
2000-08-22,TXN,BUY,41.132981863805945,390,,
2000-08-23,COST,SELL,21.679756445972895,390,-13.346331159544661,-0.01155178359223342
2000-08-23,WMT,SELL,10.521694460200095,390,8.311359946147604,0.007193814562767737
2000-08-23,BRK-B,SELL,39.060001373291016,666,-31.645446854687407,-0.027390400356089074
2000-08-23,PFE,SELL,15.499910105042236,666,-21.03755872853617,-0.018208848771683068
2000-08-23,VZ,SELL,10.578894963375467,390,-67.3675941255724,-0.0583093480271909
2000-08-23,PG,SELL,16.284651081358156,666,13.566202672351892,0.011742091183412056
2000-08-23,TXN,SELL,40.26746216897784,390,-24.310820288852256,-0.021041987612128273
2000-08-24,ABT,SELL,9.679490195427004,666,-18.52790721499514,-0.01603664497801248
2000-08-24,PEP,SELL,22.58955525916261,999,-13.715526843538328,-0.01187133722788796
2000-08-24,JPM,SELL,25.462286315235705,666,36.019599985960895,0.031176404896791958
2000-08-24,DIS,BUY,28.441889821255494,666,,
2000-08-24,PG,BUY,16.3017957624873,666,,
2000-08-24,WFC,BUY,11.269925502425465,999,,
2000-08-24,MRK,BUY,27.12188179423479,999,,
2000-08-24,MSFT,BUY,21.570857740244673,999,,
2000-08-24,WMT,BUY,10.606434754131888,390,,
2000-08-24,XOM,BUY,18.675627132780853,999,,
2000-08-24,ABT,BUY,9.749283230001442,666,,
2000-08-24,VZ,BUY,10.810010251421847,390,,
2000-08-24,CVX,BUY,16.831712751824238,999,,
2000-08-25,PG,SELL,15.92121696472168,666,-26.679672826953038,-0.023345820504105663
2000-08-25,WMT,SELL,10.549584644306021,390,-6.125382884646797,-0.005359964129673234
2000-08-25,VZ,SELL,11.009261713380281,390,21.064287234855556,0.01843212516215947
2000-08-28,DIS,SELL,28.687468035805473,666,9.867400260738577,0.00863438456773894
2000-08-28,WFC,SELL,11.041426913605315,999,-23.170416175752962,-0.020275075356174586
2000-08-28,MSFT,SELL,21.681376186199753,999,5.855159258640015,0.005123507246950407
2000-08-28,ABT,SELL,9.947971165681956,666,23.290036415114628,0.020379748027946527
2000-08-28,CVX,SELL,16.88631715143027,999,3.7074105611659434,0.003244138039375296
2000-08-29,MRK,SELL,27.26287834669828,999,5.9410065657295945,0.005198627201946676
2000-08-29,XOM,SELL,18.578819924744113,999,-5.923847339615122,-0.005183612167262468
2000-08-29,VZ,BUY,11.511111296135114,390,,
2000-08-29,PFE,BUY,15.24454614803824,666,,
2000-08-29,BAC,BUY,13.577905825959377,666,,
2000-08-29,WFC,BUY,10.92699743144085,999,,
2000-08-29,UNH,BUY,8.76478668086785,999,,
2000-08-29,ABT,BUY,10.086472475167994,666,,
2000-08-29,DHR,BUY,5.522969949654124,666,,
2000-08-29,XOM,BUY,18.54963582520502,999,,
2000-08-29,MSFT,BUY,21.74264916743476,999,,
2000-08-29,TXN,BUY,41.36151344889474,390,,
2000-08-30,VZ,SELL,11.279356213882426,390,-23.023206901421645,-0.020133163192549472
2000-08-30,DHR,SELL,5.548125170792911,666,5.208459144501603,0.004554654718040326
2000-08-30,TXN,SELL,40.79077598061109,390,-15.779519174400775,-0.013798756880326491
2000-08-31,PFE,SELL,15.582136052062769,666,25.32379291164966,0.02214496258178027
2000-08-31,BAC,SELL,13.46348734367931,666,-9.636452679805188,-0.008426813659387172
2000-08-31,WFC,SELL,10.784091349547213,999,-14.955594238645972,-0.013078257114113088
2000-08-31,UNH,SELL,8.923868335322366,999,20.755468982498087,0.018150088558546
2000-08-31,ABT,SELL,10.313346531679949,666,25.721680013745527,0.02249290394342508
2000-08-31,MSFT,SELL,21.28451246604817,999,-24.09552697418053,-0.02107087769565668
2000-08-31,UNH,BUY,8.776909143161253,999,,
2000-08-31,MSFT,BUY,21.647208194169167,999,,
2000-08-31,AMD,BUY,35.25,390,,
2000-08-31,DIS,BUY,29.008845173061474,1332,,
2000-08-31,PEP,BUY,21.758433354909975,999,,
2000-08-31,TXN,BUY,40.2569869537925,390,,
2000-08-31,XOM,BUY,18.31163177052183,1332,,
2000-08-31,JPM,BUY,25.77256545337788,666,,
2000-08-31,HD,BUY,28.097681866510637,390,,
2000-08-31,BAC,BUY,13.481376534476158,666,,
2000-09-01,XOM,SELL,18.34309766794687,999,-12.732647406059186,-0.01113435105704374
2000-09-01,AMD,SELL,38.158079984628415,390,85.29657097332915,0.08249872296818199
2000-09-01,TXN,SELL,41.42525407681172,390,30.004419898924652,0.02902023254646882
2000-09-01,JPM,SELL,26.903248693291257,666,45.35943640764526,0.04387158282549573
2000-09-01,HD,SELL,28.47316280333285,390,13.816617928481719,0.013363413345132441
2000-09-01,BAC,SELL,13.966121375592946,666,37.1760551278353,0.035956628010288226
2000-09-05,MSFT,SELL,21.445363386138318,999,-9.640510568141963,-0.009324288204758764
2000-09-05,XOM,SELL,18.68117130075461,1332,20.86499102574612,0.020180589849325446
2000-09-06,DIS,SELL,29.47046993222576,1332,16.45292054271522,0.01591324150997113
kimi
