date,portfolio_value,cash,n_positions,leverage,drawdown,regime_score,crash_active,max_positions
2018-01-02,100010.12268814488,14741.0250968181,5,1.0,0.0,0.685390014006527,False,5
2018-01-03,101243.28295931913,14743.10170948055,5,1.0,0.0,0.6940657724057653,False,5
2018-01-04,100685.1275760629,14745.178614681687,5,1.0,-0.00553352550492125,0.7149022717478615,False,5
2018-01-05,101144.86447805511,14747.255812462723,5,1.0,-0.000992615767758468,0.7110600111218133,False,5
2018-01-08,101330.27144186148,14749.333302864876,5,1.0,0.0,0.7110297441478242,False,5
2018-01-09,101461.30635906644,19825.3643812584,5,1.0,0.0,0.7197251237076403,False,5
2018-01-10,100848.45637576966,19828.15724012957,5,1.0,-0.006122398757449901,0.7140526557399899,False,5
2018-01-11,102325.75411915554,19830.95049243919,5,1.0,0.0,0.6949530609026202,False,5
2018-01-12,103219.01902328101,19833.74413824269,5,1.0,0.0,0.6925453129116681,False,5
2018-01-16,102221.35191888243,19836.5381775955,5,1.0,-0.009692604649979552,0.6933623617883797,False,5
2018-01-17,103100.94256303989,16005.969434669967,5,1.0,-0.0010936161359385475,0.6586318039857295,False,5
2018-01-18,102901.05604174046,16008.2242438562,5,1.0,-0.0031023138347646612,0.6294307356551833,False,5
2018-01-19,103888.26046955703,16010.479370684205,5,1.0,0.0,0.6355140159499665,False,5
2018-01-22,104412.29969751896,16012.734815198726,5,1.0,0.0,0.6378418201983094,False,5
2018-01-23,103582.64662391532,16014.990577444518,5,1.0,-0.007967536758212036,0.6388103080830232,False,5
2018-01-24,102644.7851240998,13080.802629026928,5,1.0,-0.01688273081180914,0.6239980011646759,False,5
2018-01-25,102323.92858748244,13082.645361143319,5,1.0,-0.020018846900300494,0.6418796121805924,False,5
2018-01-26,103732.3542444521,13084.48835285094,5,1.0,-0.006529771365534566,0.605159139522301,False,5
2018-01-29,102085.27634738364,13086.331604186362,5,1.0,-0.022304523587905366,0.5549926065306046,False,5
2018-01-30,100282.77841301783,13088.175115186157,5,1.0,-0.03956779811831955,0.514178145040113,False,5
2018-01-31,100678.72065278405,18668.108789174592,5,1.0,-0.03572468715654083,0.5230803006773737,False,5
2018-02-01,100882.79457081396,18670.93863741168,5,1.0,-0.03383064050092964,0.5191041636487617,False,5
2018-02-02,98883.99012644033,30689.77973445618,4,1.0,-0.052971503685875464,0.45512156635721396,False,4
2018-02-05,95860.85317002368,37628.94547603988,3,0.784861100325957,-0.08191005050540213,0.39294761141172563,False,3
2018-02-06,96203.27142289467,22580.059383339663,4,0.7300060157578506,-0.07866891184523657,0.4176008445213692,False,4
2018-02-07,96258.5287738491,24350.565138818558,4,0.7289723892154489,-0.07809617801971,0.40987918783541893,False,4
2018-02-08,92528.78684543006,45605.32305887691,3,0.15,-0.11383102692605478,0.3571099335206854,True,3
2018-02-09,92707.92855762492,45612.23624673742,3,0.15,-0.11216383856769731,0.37189918124888893,True,3
2018-02-12,93819.67326273616,60420.45918869037,3,0.15,-0.10148808252272094,0.3865441097327052,True,3
2018-02-13,93952.47224813765,60429.61816305945,3,0.15,-0.10026583509872776,0.39139314260638286,True,3
2018-02-14,94797.9117710034,65498.73519676474,4,0.15,-0.09215254268244516,0.40213191138274695,True,4
2018-02-15,95144.45769481217,63042.89529728379,4,0.15,-0.08884526124546448,0.41923989987410726,True,4
2018-02-16,94953.45321466646,63052.45179966615,4,0.15,-0.09068283155015931,0.42094402848637036,True,4
2018-02-20,95296.16038906942,63194.98832826089,4,0.15,-0.0873929407531576,0.4168834037923108,True,4
2018-02-21,95110.57937388834,63204.567886015415,4,0.15,-0.08917818981441704,0.41202384144646415,True,4
2018-02-22,95212.34553081755,63631.6222066618,4,0.15,-0.0881911606236589,0.4133626641426019,True,4
2018-02-23,95925.48747718161,63863.263500148816,4,0.15,-0.08135826531004071,0.4390981254413007,True,4
2018-02-26,96231.10626075714,63872.94435993336,4,0.15,-0.07844740821028967,0.4498563161604642,True,4
2018-02-27,95823.20035955266,63835.27243457353,4,0.15,-0.0823420670183984,0.4319699016923138,True,4
2018-02-28,95827.67441098233,63844.949051267984,4,0.15,-0.08231120211056214,0.42547152137155503,True,4
2018-03-01,95686.34558284187,63998.36475837663,4,0.15,-0.08365635867175698,0.40548723679306986,True,4
2018-03-02,95987.12303305339,63774.51687063796,4,0.15,-0.08077244353478397,0.41542328855736965,True,4
2018-03-05,96399.11195954282,63784.31081430024,4,0.15,-0.07683943084177723,0.44200917448629123,True,4
2018-03-06,96809.33936939086,64377.286882695145,4,0.15,-0.0729002135643658,0.4799286025520924,True,4
2018-03-07,96839.89166479479,64387.17339460927,4,0.15,-0.0726187869303146,0.46591651882124074,True,4
2018-03-08,96867.1914994722,64713.58681445091,4,0.15,-0.07234466274562874,0.4759257006868925,True,4
2018-03-09,97598.28110217921,64896.983144570324,5,0.15,-0.06534198853302019,0.5207036267511782,True,5
2018-03-12,97343.53190905643,64906.94946698181,5,0.15,-0.06779597931834679,0.5181198631944203,True,5
2018-03-13,97178.19675380395,64569.2592231818,5,0.15,-0.06936701731523245,0.5048304112679559,True,5
2018-03-14,97161.55873104732,71694.24984455417,4,0.15,-0.06953395217899398,0.49918383357227425,True,4
2018-03-15,97099.71835830389,70914.14647958204,5,0.15,-0.0701252006207166,0.5004082320616945,True,5
2018-03-16,97115.16835470745,74511.45123894938,4,0.15,-0.0699890834328323,0.4933225528680787,True,4
2018-03-19,96830.0422435802,74522.89406896108,4,0.15,-0.07272802443724834,0.46695726732386983,True,4
2018-03-20,97153.72067684654,73158.61679084876,4,0.15,-0.06959713997376593,0.4748435216012463,True,4
2018-03-21,97077.6444980186,73169.85186414163,4,0.15,-0.07035464494196747,0.4749941867368373,True,4
2018-03-22,96646.98977046812,72686.96190901512,4,0.15,-0.07445375749367954,0.4117447078699127,True,4
2018-03-23,95922.19754436867,84131.14995672762,3,0.15,-0.08140063564192498,0.384570275933198,True,3
2018-03-26,96376.71269990978,84144.07009761383,3,0.15,-0.0770838987534209,0.39328537531503116,True,3
2018-03-27,96055.50644074405,84156.99222266454,3,0.15,-0.08016024363099533,0.3761813075789536,True,3
2018-03-28,95870.38837258024,74551.31478265268,3,0.15,-0.08192416187222124,0.3771537143943173,True,3
2018-03-29,96242.7652679507,71786.05000522053,3,0.15,-0.07831582106928614,0.39930895608844164,True,3
2018-04-02,95385.63517805895,71797.07429147133,3,0.15,-0.08655770279835703,0.3623120743125342,True,3
2018-04-03,95687.71009697435,71808.10027073753,3,0.15,-0.08366462193743252,0.36599654120499175,True,3
2018-04-04,95960.73123163499,71819.1279432791,3,0.15,-0.08104980124891012,0.3758997357836957,True,3
2018-04-05,96275.50061086372,72367.42280868537,3,0.15,-0.07802023066161498,0.3872412945776074,True,3
2018-04-06,95470.53178875083,72001.89289720813,3,0.15,-0.08571743784344835,0.3531926149252161,True,3
2018-04-09,95370.18503261314,72012.9503307602,3,0.15,-0.08670599272963822,0.3571233405117764,True,3
2018-04-10,95781.12181879579,72024.00946241814,3,0.15,-0.08277029655909847,0.3851414397299016,True,3
2018-04-11,95614.34098926233,72035.07029244272,3,0.15,-0.0843676421628565,0.38630621195143067,True,3
2018-04-12,95684.9518175684,71496.86017230572,3,0.15,-0.0836727352836034,0.3992117839359217,True,3
2018-04-13,95428.16417975955,71919.0249106338,3,0.15,-0.08613810996432793,0.3968525009847335,True,3
2018-04-16,95716.42344778514,61678.86908818321,4,0.15,-0.0833786380826116,0.4073404399844275,True,4
2018-04-17,96780.86290328285,61688.34120022175,4,0.15,-0.0731801610385966,0.43274710182223053,True,4
2018-04-18,96615.39548357145,61697.81476690607,4,0.15,-0.07476492523626811,0.44027602185658127,True,4
2018-04-19,96161.51879234774,62623.40862750892,4,0.15,-0.07907197455980718,0.429356051309006,True,4
2018-04-20,95783.9082527348,63890.49317453968,4,0.15,-0.08271994209235299,0.4661129531174392,True,4
2018-04-23,95287.45013388802,63893.31220846998,4,0.15,-0.08746411690910345,0.4817174923272354,True,4
2018-04-24,94739.9349465404,74131.17306182117,3,0.15,-0.09271906513970861,0.44891470333862526,True,3
2018-04-25,94505.74733273948,74142.55749196996,3,0.15,-0.09498820372370297,0.4661574058956197,True,3
2018-04-26,94742.23473835521,72197.89399890034,3,0.15,-0.09268008937266545,0.4792752320739853,True,3
2018-04-27,94729.4301111004,71014.4825586884,3,0.15,-0.09281439869083757,0.4733205860512215,True,3
2018-04-30,94674.89111182437,71025.3883542242,3,0.15,-0.09336365935307551,0.4798736278737451,True,3
2018-05-01,94438.19903218039,65006.34516926039,3,0.15,-0.09562098861301398,0.4995023299550537,True,3
2018-05-02,94572.34191483035,65016.66363674757,3,0.15,-0.09434019055908084,0.47827220324388253,True,3
2018-05-03,94590.38578376581,65971.61310522759,3,0.15,-0.09414279254751202,0.4710457196102217,True,3
2018-05-04,94871.97306752193,62183.47147836748,3,0.15,-0.091450662888409,0.4747207448003888,True,3
2018-05-07,95022.50832075259,62193.34187066563,3,0.15,-0.09002446834611647,0.47289154999367167,True,3
2018-05-08,94982.4577284978,62991.1947225658,4,0.15,-0.09039516006903534,0.5019761289250118,True,4
2018-05-09,94790.77710890096,54023.05270428465,5,0.15,-0.0922405755551455,0.5039667239827557,True,5
2018-05-10,95408.74412417904,56271.3997460998,5,0.15,-0.08629162058312394,0.5170399545290475,True,5
2018-05-11,95467.2356911976,57038.953916647166,5,0.15,-0.0857533518313137,0.5230851914634395,True,5
2018-05-14,95353.01117392248,57048.007718856155,5,0.15,-0.08685128430344255,0.5400996023696267,True,5
2018-05-15,95157.2880707489,57887.008427763445,4,0.15,-0.08872066117862679,0.4995850250782408,True,4
2018-05-16,94733.73615299456,57379.82308728848,5,0.15,-0.09276908852665691,0.5238211802674793,True,5
2018-05-17,94495.95004093176,64642.45687145486,5,0.15,-0.09504222912554776,0.5339413534805979,True,5
2018-05-18,94765.00726825926,64652.71757889477,5,0.15,-0.09249440118336075,0.5469627439186568,True,5
2018-05-21,95129.59386029546,64662.979915018404,5,0.15,-0.08900261942576441,0.5530252763988309,True,5
2018-05-22,94878.63393807824,63763.387170662434,5,0.15,-0.09137803888012132,0.5524093740518552,True,5
2018-05-23,95207.07362293614,62999.72446222166,5,0.15,-0.08823421781360817,0.5712601907813926,True,5
2018-05-24,95472.17058611561,63658.10629404675,5,0.15,-0.08570422858638987,0.6139227673424372,True,5
2018-05-25,95595.91423625802,63668.21075536327,5,0.15,-0.08453496329596878,0.6150173523939333,True,5
2018-05-29,95695.91885829312,70981.21047182051,4,0.15,-0.08357440059575283,0.529593911628402,True,4
2018-05-30,96151.55138378797,70501.53573673728,5,0.15,-0.07919229121039174,0.5071843348426949,True,5
2018-05-31,96087.04525845672,69645.34520109158,4,0.15,-0.07982524757415867,0.4921883495650076,True,4
2018-06-01,96380.15560136439,62511.13826199206,4,0.15,-0.07699882173112099,0.49377905491341556,True,4
2018-06-04,96621.74781319108,62520.96144086181,4,0.15,-0.07470743471597897,0.49117484230777586,True,4
2018-06-05,96971.94526174714,62530.786163373945,4,0.15,-0.07135346295280379,0.4983543951643094,True,4
2018-06-06,96910.14792840772,64026.03022607471,5,0.15,-0.07193120091422067,0.5048971595400881,True,5
2018-06-07,96616.72967347877,75735.91334505941,4,0.15,-0.07475638343838689,0.49802361044947463,True,4
2018-06-08,96667.73019789385,73934.2646657492,5,0.15,-0.074245662248079,0.5023619288079693,True,5
2018-06-11,96722.32297750114,73945.88290733953,5,0.15,-0.07376137661865094,0.5037440555020313,True,5
2018-06-12,96888.3825676617,73957.50297465354,5,0.15,-0.0721709723758755,0.5651849832193795,True,5
2018-06-13,97079.77409164442,72466.43091677867,5,0.15,-0.07031236167135066,0.5924954434035732,True,5
2018-06-14,97173.95929510226,72477.81849877987,5,0.15,-0.06943365873005623,0.6753223519256171,True,5
2018-06-15,97157.0858160672,73076.3387007303,5,0.15,-0.06956858284678291,0.7151636417033072,True,5
2018-06-18,97429.9264154072,73087.82212538327,5,0.15,-0.06698307313435149,0.7129152624988278,True,5
2018-06-19,97224.66344953497,73099.30735457441,5,0.15,-0.0689489791722899,0.6905679511231679,True,5
2018-06-20,97599.40227621133,72998.38289104012,5,0.15,-0.06532602458037086,0.729626097507285,True,5
2018-06-21,97459.60297667063,73009.85406549442,5,0.15,-0.06669873104488389,0.6952541403053285,True,5
2018-06-22,97230.5207694778,73261.59632557957,5,0.15,-0.06886339375967998,0.7041364664240555,True,5
2018-06-25,97009.34402576547,76585.86725418856,4,0.15,-0.07100646611208078,0.5436866474131297,True,4
2018-06-26,96968.99420602231,70999.568247843,4,0.15,-0.07135999942240069,0.5501274064192099,True,4
2018-06-27,96632.65129495377,68198.05853786609,4,0.15,-0.07458646447207774,0.5185873777293968,True,4
2018-06-28,97036.0764300345,68208.77537563632,4,0.15,-0.07074779625249665,0.5209846325291481,True,4
2018-06-29,97241.06784168344,63299.73744977457,4,0.15,-0.06877044869006597,0.5134976576080396,True,4
2018-07-02,97532.99287458288,63309.68455137382,4,0.15,-0.06598124880395703,0.5028612826198287,True,4
2018-07-03,97286.48269789713,75338.17998994818,3,0.15,-0.06831408318907443,0.4982881669769499,True,3
2018-07-05,97450.56763899761,74636.07512482886,4,0.15,-0.0667526239531948,0.4926885592882265,True,4
2018-07-06,97519.15477092919,74647.8036509199,4,0.15,-0.06613084351828412,0.488819665299116,True,4
2018-07-09,97556.42528598726,73030.30537303236,4,0.15,-0.06575521124975754,0.48652313014635135,True,4
2018-07-10,97684.5405046735,62632.76541547927,5,0.15,-0.06453907372662661,0.5566124275670719,True,5
2018-07-11,97492.94050147463,62642.60770718742,5,0.15,-0.0663638432237035,0.5221457881214262,True,5
2018-07-12,97960.41985459843,64459.087679229844,5,0.15,-0.061862629530979915,0.5608610598164956,True,5
2018-07-13,97965.03684196595,64469.21696443658,5,0.15,-0.061845128969160876,0.5588766407330192,True,5
2018-07-16,97568.51822489603,65364.837163570395,5,0.15,-0.06563178311257992,0.5590486441929593,True,5
2018-07-17,97615.90985136994,65342.66274480571,5,0.15,-0.06517940488105835,0.5666218530110981,True,5
2018-07-18,97644.81602132422,65352.930877522755,5,0.15,-0.06491334668948809,0.5891738079530444,True,5
2018-07-19,97815.0118995584,65106.3575104699,5,0.15,-0.06327327992865385,0.5761226331833704,True,5
2018-07-20,97856.46991566046,65116.58850950726,5,0.15,-0.06288589371096748,0.5890243854981307,True,5
2018-07-23,97690.49655244754,65150.66326977768,5,0.15,-0.06446400283809783,0.6345235228239214,True,5
2018-07-24,97128.08725729065,64913.92742202717,5,0.15,-0.06985092074203982,0.6432567305179651,True,5
2018-07-25,97866.10387260439,64924.128182050634,5,0.15,-0.06279333568872467,0.6828223780679479,True,5
2018-07-26,97981.94393968699,65053.04429037287,5,0.15,-0.06166490756088384,0.7348553059681953,True,5
2018-07-27,97805.64815571299,65063.2669116185,5,0.15,-0.06337255459577652,0.65067764616978,True,5
2018-07-30,96698.80885294486,64534.94209860984,5,0.15,-0.07396597363663904,0.612422832421561,True,5
2018-07-31,96829.83361255779,66626.33412761129,5,0.15,-0.07269843403003678,0.614472162793748,True,5
2018-08-01,96751.14421834287,66636.59246794523,5,0.15,-0.0734723192740128,0.6144041045364854,True,5
2018-08-02,97503.784527493,64282.79684140416,5,0.15,-0.06625409737720009,0.6078207284684003,True,5
2018-08-03,97424.27981993971,64292.69435139403,5,0.15,-0.06702196396250243,0.600962921226418,True,5
2018-08-06,97805.32870309973,64886.91466793435,5,0.15,-0.06335288019258861,0.5978208851952118,True,5
2018-08-07,98048.83865147,65394.50081087275,5,0.15,-0.061032599521452215,0.606454124572446,True,5
2018-08-08,98043.49377404345,65404.569487981724,5,0.15,-0.061093133845954814,0.6627846432342175,True,5
2018-08-09,97530.72393540844,65514.18865938108,5,0.15,-0.06599698241145774,0.660863562311578,True,5
2018-08-10,97650.58447433244,65524.27576461911,5,0.15,-0.06485636604157166,0.6508928891942638,True,5
2018-08-13,97935.36438037182,65581.54909653863,5,0.15,-0.06209180513867747,0.6558396302001337,True,5
2018-08-14,98398.21806512162,65434.57820633215,5,0.15,-0.05768649911159148,0.6501711621353714,True,5
2018-08-15,98092.30984883782,65444.65305408773,5,0.15,-0.06062566110290485,0.576630228561765,True,5
2018-08-16,98037.95691316659,65473.15789554269,5,0.15,-0.06113160594438695,0.5692674534126185,True,5
2018-08-17,98335.56697905816,65483.238683345655,5,0.15,-0.05829594333136208,0.5780836584007857,True,5
2018-08-20,98509.451489003,65621.02006861064,5,0.15,-0.05659378117204829,0.5826559589736989,True,5
2018-08-21,98863.3252361644,65722.96946026428,5,0.15,-0.0532260370129424,0.583496277009039,True,5
2018-08-22,99374.52353135489,65733.08871111769,5,0.15,-0.04834579289644185,0.575935224900885,True,5
2018-08-23,100341.62677427943,66203.08296188834,5,0.15,-0.03906683777778895,0.5772120456369907,True,5
2018-08-24,101385.56647930152,66213.2761349793,5,0.15,-0.029085906546511615,0.6201191299921653,True,5
2018-08-27,102001.16969329576,68606.69241068827,5,0.15,-0.023164367195913044,0.6379267089151763,True,5
2018-08-28,102236.98707272984,68316.33441451781,5,0.15,-0.020910962610084217,0.6448288396167803,True,5
2018-08-29,102317.21784759982,68326.85296124512,5,0.15,-0.02016621032911204,0.7701866736696803,True,5
2018-08-30,102226.38909415437,68055.7663350664,5,0.15,-0.021024973672108854,0.7411090831128657,True,5
2018-08-31,102585.06631922504,68066.24476258148,5,0.15,-0.01760052992925953,0.7332026400892996,True,5
2018-09-04,103488.60290318751,68198.39889251848,5,0.15,-0.008932338287253448,0.7083955942609016,True,5
2018-09-05,103578.48794635598,68506.71326138734,5,0.15,-0.008069193890293043,0.6860935046657395,True,5
2018-09-06,103578.15108430006,68517.2611204133,5,0.15,-0.008090009267987924,0.6577352088734545,True,5
2018-09-07,103341.76000010122,69039.61051469154,5,0.15,-0.010340880849073697,0.656410112416598,True,5
2018-09-10,103575.92560178509,69050.24042297713,5,0.15,-0.008112109459069783,0.710344750722333,True,5
2018-09-11,103562.91135606432,69027.5960078782,5,0.15,-0.008221771079926951,0.7641785214853525,True,5
2018-09-12,103719.42786028184,69081.48884499294,5,0.15,-0.006723414948266231,0.7617216588576174,True,5
2018-09-13,103483.62471965697,69092.12520121194,5,0.15,-0.008996175132644014,0.7709301291615198,True,5
2018-09-14,103450.28172761374,69298.1998070029,5,0.15,-0.009305212267122697,0.7803971467212321,True,5
2018-09-17,103120.99273436889,69308.86952983032,5,0.15,-0.012469571973314646,0.7523835880620204,True,5
2018-09-18,103548.16385107723,69158.92930566463,5,0.15,-0.008362872808186695,0.7320354908629798,True,5
2018-09-19,103649.77897354559,69204.9286120989,5,0.15,-0.007385867001702159,0.7531262614592555,True,5
2018-09-20,103713.4860288323,69215.5839741233,5,0.15,-0.006794879844294155,0.71870374730112,True,5
2018-09-21,103744.84835905915,69162.62344154615,5,0.15,-0.006485728711296192,0.7299845310363371,True,5
2018-09-24,103752.22569997878,69173.27228991731,5,0.15,-0.006423791525082912,0.676468647867386,True,5
2018-09-25,103898.90692126189,69292.28017371723,5,0.15,-0.005006950208745535,0.6692312454487135,True,5
2018-09-26,103557.59022383895,69115.23880098204,5,0.15,-0.008276255632803195,0.6514130303659093,True,5
2018-09-27,103468.78762992306,69125.88035362282,5,0.15,-0.009138325877323265,0.6857216037628617,True,5
2018-09-28,103441.98843366525,69179.63271451925,5,0.15,-0.009386318344192646,0.688899463641327,True,5
2018-10-01,103359.2004778445,69190.99793989377,5,0.15,-0.010194818504455186,0.7546257292473781,True,5
2018-10-02,102794.35917553559,68687.85797817007,5,0.15,-0.015595925362347085,0.7715510409401818,True,5
2018-10-03,102595.71019356264,68448.21628348458,5,0.15,-0.017497423901788253,0.7759245713196865,True,5
2018-10-04,102710.62123468347,68459.4613475883,5,0.15,-0.016405380706119153,0.7718846756671596,True,5
2018-10-05,102829.9118909481,68220.37479769617,5,0.15,-0.015248733639729905,0.7551399187635428,True,5
2018-10-08,102999.33649417445,68231.58243069865,5,0.15,-0.013639876149388382,0.7552685224450121,True,5
2018-10-09,103237.97574762563,68519.83679200121,5,0.15,-0.011343491016135934,0.750587164180162,True,5
2018-10-10,102622.01400807187,80071.81298270685,3,0.15,-0.017248396098474186,0.4151471188777652,True,3
2018-10-11,102113.50296461389,80084.96763769687,3,0.15,-0.022142519555577157,0.3584016120169297,True,3
2018-10-12,102443.93188944845,78297.0194604711,3,0.15,-0.018958036939451386,0.37624278329525374,True,3
2018-10-15,102473.67638721816,78309.8825422396,3,0.15,-0.01869019643971766,0.3725571306619614,True,3
2018-10-16,102875.30191121354,77012.30762366227,3,0.15,-0.014830067028839752,0.3839304730348042,True,3
2018-10-17,103186.74186332388,77024.95964562902,3,0.15,-0.011858850535319076,0.3843262353948823,True,3
2018-10-18,103068.128696057,77037.61374614223,3,0.15,-0.012994878054653342,0.3562736215877305,True,3
2018-10-19,103389.9158417787,77393.25174766462,3,0.15,-0.009892814550409877,0.35525471523868396,True,3
2018-10-22,103458.52466734395,77405.96635330888,3,0.15,-0.00925647302682894,0.35376591403198704,True,3
2018-10-23,103307.51983813226,90588.64796358843,2,0.15,-0.010695554625511106,0.3484548376411874,True,2
2018-10-24,102854.41288224352,90603.5303843253,2,0.15,-0.01506306479762068,0.31217388810560043,True,2
2018-10-25,103098.5182465017,90618.4152500313,2,0.15,-0.012725189662256175,0.33143032151680574,True,2
2018-10-26,102905.168642902,88241.07628156149,2,0.15,-0.014560021223590137,0.31056302712284095,True,2
2018-10-29,103109.71365358465,88255.57302980774,2,0.15,-0.012614249432261644,0.30322799999927763,True,2
2018-10-30,103470.59377217798,88270.07215966264,2,0.15,-0.009157973322740666,0.3338962625421584,True,2
2018-10-31,103437.27129480607,88284.57367151744,2,0.15,-0.009477139354600355,0.3390344777948919,True,2
2018-11-01,103508.04598653075,75715.8148704848,3,0.15,-0.008793536815071107,0.3547159881773711,True,3
2018-11-02,104566.67286854917,77829.06325207256,2,0.15,0.0,0.3491889467933981,True,2
2018-11-05,104919.283893433,66749.20772688594,3,0.15,0.0,0.3557238015110599,True,3
2018-11-06,104980.551661668,66760.38557040211,3,0.15,0.0,0.3643744254167623,True,3
2018-11-07,105974.0027714175,66771.5652857635,3,0.15,0.0,0.4441641346383323,True,3
2018-11-08,106262.35245645992,69911.62576130852,3,0.15,0.0,0.4588302427608404,True,3
2018-11-09,106590.76883757034,71585.270110501,3,0.15,0.0,0.46098392741229843,True,3
2018-11-12,106441.97839215594,71170.1874951029,3,0.15,-0.0015027556635421632,0.4060894552917326,True,3
2018-11-13,106105.15053980362,71182.10567729454,3,0.15,-0.00466772578323869,0.38974602419028154,True,3
2018-11-14,105899.23492682433,71194.02585530876,3,0.15,-0.006599577960003422,0.3818422485777764,True,3
2018-11-15,105837.06630453444,70747.34330838764,3,0.15,-0.0071769853535759084,0.40928147854016783,True,3
2018-11-16,106222.13921707215,70847.91027817955,3,0.15,-0.0035503065565140506,0.41555445835939014,True,3
2018-11-19,105547.98804502947,70612.6233391407,3,0.15,-0.009886463242197696,0.37860849475804464,True,3
2018-11-20,105042.95450675389,70624.44815146178,3,0.15,-0.014632028271737237,0.35053920447168946,True,3
2018-11-21,104856.64184771635,70636.27494396968,3,0.15,-0.016379971749922187,0.42121124058209275,True,3
2018-11-23,105047.97052205514,70455.61416496268,3,0.15,-0.014575166388883136,0.39745746924525704,True,3
2018-11-26,105027.6694026007,70257.80292315684,3,0.15,-0.014758913737063596,0.3927854187265486,True,3
2018-11-27,105515.48613521399,70180.41527820022,3,0.15,-0.010186446295199087,0.41439238477178775,True,3
2018-11-28,106269.37652587538,70192.1677128222,3,0.15,-0.0031254558903184887,0.4104114562179149,True,3
2018-11-29,106388.56856492056,70203.92211551062,3,0.15,-0.002007253326638814,0.39882176297740535,True,3
2018-11-30,106431.46379215279,70404.11295953752,3,0.15,-0.0015875805102028764,0.4029053944296843,True,3
2018-12-03,106876.94364930251,71215.5250534766,3,0.15,0.0,0.41876223633949494,True,3
2018-12-04,106610.66796135828,83241.5327155227,2,0.15,-0.0025970577006071615,0.31862776617605937,True,2
2018-12-06,106641.70094550136,83255.47236901712,2,0.15,-0.0023314884275997217,0.3374075187049752,True,2
2018-12-07,106407.5962856323,83269.41435685035,2,0.15,-0.004521923391533956,0.25295807867093373,True,2
2018-12-10,106379.62263060172,81261.87937636673,2,0.15,-0.004766600716847655,0.25867485832174897,True,2
2018-12-11,106821.24975792576,79892.03217999262,2,0.15,-0.0006336751639956365,0.27063295502013557,True,2
2018-12-12,107103.15832700717,79905.41092506403,2,0.15,0.0,0.2872826656540307,True,2
2018-12-13,107241.90673081976,79918.79191054434,2,0.15,0.0,0.3331198924167059,True,2
2018-12-14,106655.92054154702,79932.17513680873,2,0.15,-0.005588947770590781,0.3029872475835046,True,2
2018-12-17,105767.81932057842,79739.90326446613,2,0.15,-0.013856796932251227,0.26952038758790925,True,2
2018-12-18,105764.42646250615,79364.76539505678,2,0.15,-0.013877639780431645,0.2819781034344132,True,2
2018-12-19,105363.252695771,79378.05584386499,2,0.15,-0.01764183929147969,0.31826268283449277,True,2
2018-12-20,105046.4941088183,79391.34851829598,2,0.15,-0.0205955429529649,0.3038371264536141,True,2
2018-12-21,104901.05006967735,79404.64341872247,2,0.15,-0.0219517876297917,0.2908194942249088,True,2
2018-12-24,104044.25769571001,78522.43785635587,2,0.15,-0.029920188335961325,0.2505443826340343,True,2
2018-12-26,105161.06412888685,78411.53820301578,2,0.15,-0.01950667375689377,0.16148896501370996,True,2
2018-12-27,105521.55474335866,78424.66902409581,2,0.15,-0.01616422965037557,0.16541859849382076,True,2
2018-12-28,105491.18440134752,78437.80204406731,2,0.15,-0.0164474448768527,0.15249919322595193,True,2
2018-12-31,105878.94913099246,78450.9372632985,2,0.15,-0.012831670575500994,0.16111927406152837,True,2
2019-01-02,105010.02889332603,79047.17264723933,2,0.15,-0.020904526818550304,0.1641645750614272,True,2
2019-01-03,105214.40683468517,78842.72565307046,2,0.15,-0.019005621100469047,0.12685981527688478,True,2
2019-01-04,105824.3727934091,78855.02136385684,2,0.15,-0.013332751083827194,0.16842695000408353,True,2
2019-01-07,105811.30826943778,78867.31899218858,2,0.15,-0.013454591900677645,0.1788009163418881,True,2
2019-01-08,106035.57109343159,78879.61853836474,2,0.15,-0.011363423317557549,0.20745683911003157,True,2
2019-01-09,105913.52148620646,79156.4814851639,2,0.15,-0.012491437077418838,0.23267479989943615,True,2
2019-01-10,106085.30207992771,79606.70200495991,2,0.15,-0.010885097799273656,0.3110179008981303,True,2
2019-01-11,106075.43011213776,79619.11685967735,2,0.15,-0.010992824627395733,0.30753204342568546,True,2
2019-01-14,105602.79814866999,79631.53365052094,2,0.15,-0.01540000008708104,0.29545511372007727,True,2
2019-01-15,106096.1967577168,79643.95237779264,2,0.15,-0.010799217728211331,0.32239985600071114,True,2
2019-01-16,106374.48913066996,79820.03804722689,2,0.15,-0.008196542549267515,0.34112947839457486,True,2
2019-01-17,106621.66646477752,79967.43827150817,3,0.15,-0.005881401017236213,0.42253902488218953,True,3
2019-01-18,106724.02686528774,68582.09701508013,4,0.15,-0.004939073842093949,0.5492111652404161,True,4
2019-01-22,106793.97703894589,79756.81424219091,3,0.15,-0.004270251858957489,0.46636779795591277,True,3
2019-01-23,106773.77940457573,79769.25250726916,3,0.15,-0.004481136208520803,0.49568189241947347,True,3
2019-01-24,106581.27809267819,79870.82115413423,4,0.15,-0.006263996806923489,0.5069997662519614,True,4
2019-01-25,106841.77127248535,80413.72397404762,3,0.15,-0.003833135431014551,0.4724577615377561,True,3
2019-01-28,106847.96087891,80426.26468576262,3,0.15,-0.0037903705371916674,0.45212030372098655,True,3
2019-01-29,106744.6800432186,80438.80735323147,3,0.15,-0.004753452923487659,0.45223832807627884,True,3
2019-01-30,106713.90064421346,80451.35197675918,3,0.15,-0.005040480224683082,0.4609591700585579,True,3
2019-01-31,106733.52064737595,80389.97151964955,3,0.15,-0.004842541690509444,0.4683994668681932,True,3
2019-02-01,106541.41725049839,79949.81914720981,3,0.15,-0.006638895049180696,0.48304760238413147,True,3
2019-02-04,106743.09356707225,79961.8433462006,3,0.15,-0.004763411788457971,0.47970390708253535,True,3
2019-02-05,106769.1350393849,68576.77267961224,4,0.15,-0.004512950417305067,0.5454008036130986,True,4
2019-02-06,106630.65170485407,68587.08640851922,4,0.15,-0.0057959502383038725,0.5364842053887251,True,4
2019-02-07,106841.98012269948,70523.31883402843,3,0.15,-0.0038152759758732363,0.48230049018479326,True,3
2019-02-08,106808.63285974239,71747.95064707502,3,0.15,-0.004131402713938938,0.48981757533625814,True,3
2019-02-11,106833.19445926032,61532.540548566794,4,0.15,-0.003906334964108426,0.5100437133109592,True,4
2019-02-12,106776.47942736701,62410.73338884681,4,0.15,-0.004411564028130333,0.5138986296644281,True,4
2019-02-13,107106.75346949995,62420.11976501918,4,0.15,-0.0013477906342618698,0.5437511750047926,True,4
2019-02-14,107235.42686900563,63802.74785537865,4,0.15,-0.00013812687490078474,0.5451152325462811,True,4
2019-02-15,107388.76479164885,65022.7536685705,4,0.15,0.0,0.5401197851595525,True,4
2019-02-19,107102.8559712391,64456.88376903949,4,0.15,-0.0027423251447005526,0.5385330627657515,True,4
2019-02-20,106601.89779336682,64157.21041959454,4,0.15,-0.00740632360170686,0.5508508773115155,True,4
2019-02-21,106764.45815045752,64166.85946036797,4,0.15,-0.005903370647709088,0.5368939977318044,True,4
2019-02-22,107083.76469957446,64117.23394206021,4,0.15,-0.0029204987281176574,0.5937971548222107,True,4
2019-02-25,106689.7413611066,64298.42470747954,4,0.15,-0.006591189437972162,0.5908956341063725,True,4
2019-02-26,106728.54648753894,64167.27618369162,4,0.15,-0.006225009925135727,0.5859130480779371,True,4
2019-02-27,106502.39534126455,64139.27386224072,4,0.15,-0.008335338150912093,0.6463359183127156,True,4
2019-02-28,106746.05896577498,64148.920205412855,4,0.15,-0.00607467801973191,0.6260293396919192,True,4
2019-03-01,106938.04396703691,64218.540189269734,4,0.15,-0.004278116786700925,0.6274434463400558,True,4
2019-03-04,107150.4836082359,64307.92484470252,5,0.15,-0.0023024763354738973,0.6713419019603699,True,5
2019-03-05,107214.6308551334,64408.81548221755,5,0.15,-0.0016997658845760136,0.6631366852414221,True,5
2019-03-06,107031.94788735318,75078.94600282653,4,0.15,-0.003408203121356719,0.6321033626199757,True,4
2019-03-07,106828.40678825548,75090.17805149441,4,0.15,-0.005322624328254669,0.5872002889598835,True,4
2019-03-08,106871.01286099109,73710.44702554563,4,0.15,-0.004917637140546573,0.6329666588923514,True,4
2019-03-11,107143.6521569815,72142.20397755054,4,0.15,-0.002369658033473827,0.5313422351185098,True,4
2019-03-12,107235.90830442638,71008.81902589324,4,0.15,-0.0015152727668869994,0.529425355952357,True,4
2019-03-13,107156.1336040452,71019.44217064434,4,0.15,-0.002265174879576045,0.5162815915880706,True,4
2019-03-14,107359.10711906737,71030.06690465161,4,0.15,-0.0003751082030499988,0.5189811210752807,True,4
2019-03-15,107469.05348625606,71649.95245694379,5,0.15,0.0,0.5388550269488719,True,5
2019-03-18,107525.3403715553,71713.58179880412,5,0.15,0.0,0.5446925987958924,True,5
2019-03-19,107490.66552435742,71788.40026585864,5,0.15,-0.00041323291955805896,0.5481260966297373,True,5
2019-03-20,107557.94081015029,71799.1400384381,5,0.15,0.0,0.5579031002423138,True,5
2019-03-21,108104.67503689343,71809.88141772163,5,0.15,0.0,0.5992690150505123,True,5
2019-03-22,107532.97945730496,83741.59237737277,3,0.15,-0.005379356291744422,0.4496153642820816,True,3
2019-03-25,107628.51026324152,82240.40485808326,3,0.15,-0.004505080059791351,0.46269543180751727,True,3
2019-03-26,107891.36493784116,80650.32605010616,4,0.15,-0.0020767960227918744,0.47156089800861745,True,4
2019-03-27,107841.2819066481,87174.95540351048,3,0.15,-0.0025446632954750264,0.46636596877049397,True,3
2019-03-28,108080.16795963675,87187.99705358474,3,0.15,-0.0003473367578055847,0.4721731367459796,True,3
2019-03-29,108233.30332833523,74773.93743201594,4,0.15,0.0,0.47398061677350345,True,4
2019-04-01,108582.77600938079,70359.62307268902,4,0.15,0.0,0.4860804554565096,True,4
2019-04-02,108701.70107824434,72292.45611457377,4,0.15,0.0,0.489523801524938,True,4
2019-04-03,108947.33260760595,61997.30313151694,5,0.15,0.0,0.5032470550339803,True,5
2019-04-04,108685.09693619903,62006.38130804691,5,0.15,-0.0024903211620066075,0.5215273442601114,True,5
2019-04-05,109039.91197924221,64161.017589681214,5,0.15,0.0,0.704354218988099,True,5
2019-04-08,109040.33692437167,65245.09119782716,5,0.15,-7.693338248252729e-05,0.7022856140117555,True,5
2019-04-09,109118.05932916059,66277.45429433911,5,0.15,0.0,0.6663473639235404,True,5
2019-04-10,109355.93513128287,65839.19091761558,5,0.15,0.0,0.7061704384468667,True,5
2019-04-11,109450.8944141487,65848.83165628565,5,0.15,0.0,0.7010743520850242,True,5
2019-04-12,109528.22013065674,65460.53050005283,5,0.15,0.0,0.7048813269581287,True,5
2019-04-15,109461.78258174083,65528.6185706612,5,0.15,-0.0006889962105966242,0.7749211668292212,True,5
2019-04-16,109241.61985048995,65692.08962094784,5,0.15,-0.0026950128260859276,0.7783467863509694,True,5
2019-04-17,108754.16318638275,65949.85896391005,5,0.15,-0.007151169757477068,0.7665229677597942,True,5
2019-04-18,109204.0274774259,65959.51590754406,5,0.15,-0.003048069223316134,0.7619023229853952,True,5
2019-04-22,109377.29412114783,65752.8231970899,5,0.15,-0.001433178839948371,0.795035660401515,True,5
2019-04-23,109773.94595564705,65600.6797615725,5,0.15,0.0,0.7480487460958527,True,5
2019-04-24,109779.06446754005,65948.89638296519,5,0.15,-2.7217027830743095e-05,0.7610180211355144,True,5
2019-04-25,109421.84710691727,66140.66242734225,5,0.15,-0.003338530955764245,0.7633768188006644,True,5
2019-04-26,109899.26031303513,60074.313147211564,5,0.15,0.0,0.766389747752217,True,5
2019-04-29,109836.61068359678,60742.83144388847,5,0.15,-0.0006335498670087464,0.7914862280783641,True,5
2019-04-30,110163.71780825822,61556.55006774489,5,0.15,0.0,0.7894899249838343,True,5
2019-05-01,109645.36202929543,58676.06874876472,5,0.15,-0.004765490247754556,0.700517996356739,True,5
2019-05-02,109789.75192492826,59662.79821927732,5,0.15,-0.0034689961645819408,0.7002675513532686,True,5
2019-05-03,110251.06372927593,59956.666764172856,5,0.15,0.0,0.6550855658273892,True,5
2019-05-06,110291.02203209283,60162.11322680102,5,0.15,0.0,0.625124025475285,True,5
2019-05-07,109523.08002286087,60268.83651755659,5,0.15,-0.00703299913686761,0.5450801383490607,True,5
2019-05-08,109481.40859501119,59753.38100243422,5,0.15,-0.007399405912545846,0.5472891090091805,True,5
2019-05-09,109545.39738155076,59768.01553468147,5,0.15,-0.006815543044653244,0.5390463785757185,True,5
2019-05-10,110036.62482345877,59968.03766886729,5,0.15,-0.002373125170496946,0.5470271515006698,True,5
2019-05-13,108697.06862419487,79283.50243364564,3,0.15,-0.014528999154935144,0.451028533471714,True,3
2019-05-14,109185.82693710567,76515.76304160454,3,0.15,-0.010085998526798161,0.4548649259454092,True,3
2019-05-15,110502.34195229663,74272.56546646409,4,0.15,0.0,0.45987963905964246,True,4
2019-05-16,110757.99867396159,72256.11612821562,4,0.15,0.0,0.4656776410752034,True,4
2019-05-17,111016.46338910949,72266.63914195335,4,0.15,0.0,0.4670173220567241,True,4
2019-05-20,110635.73578939962,72277.16368820934,4,0.15,-0.0035242713920234756,0.45572828011534616,True,4
2019-05-21,110729.77264985067,74137.34157366784,4,0.15,-0.0026368020884080007,0.47420829650004276,True,4
2019-05-22,110634.54451661391,73964.08819404796,4,0.15,-0.0035185499257438494,0.47175237211918875,True,4
2019-05-23,109928.17486265991,85271.77359281281,3,0.15,-0.009873275050700897,0.4431769985645178,True,3
2019-05-24,109918.54027045022,85284.1921407924,3,0.15,-0.010001594653102358,0.44835904478025956,True,3
2019-05-28,109728.74748371287,85296.61249734623,3,0.15,-0.011711202305134788,0.4868829557987163,True,3
2019-05-29,108969.78147230056,83148.75083303553,3,0.15,-0.018538597878231644,0.4886249275142932,True,3
2019-05-30,109114.23372878104,81644.39408026873,4,0.15,-0.017215558630622955,0.5034358574371864,True,4
2019-05-31,108778.5509818866,87086.49881923164,3,0.15,-0.02026432778181663,0.4906598292667517,True,3
2019-06-03,108797.61847366935,87099.18165457554,3,0.15,-0.02010087227299429,0.4826902664299071,True,3
2019-06-04,109154.91774319168,87111.86633698318,3,0.15,-0.016882453927183044,0.45337561777897695,True,3
2019-06-05,109463.74416446695,86952.68626918297,3,0.15,-0.0140787097974779,0.477606840605593,True,3
2019-06-06,109640.84373769342,81585.03612933653,4,0.15,-0.012484512613902326,0.483344211608486,True,4
2019-06-07,109819.53453519027,69967.17632450044,5,0.15,-0.010868926941013015,0.5121122086951646,True,5
2019-06-10,109854.25635939743,69977.3659886715,5,0.15,-0.010560566046622276,0.5137435109397734,True,5
2019-06-11,109548.6269587429,69987.5571368135,5,0.15,-0.013313589114509436,0.5491824959594038,True,5
2019-06-12,109864.82100061882,72590.69560019237,5,0.15,-0.01044351393027578,0.5415596320715815,True,5
2019-06-13,109846.55722332495,73906.50762891234,5,0.15,-0.010613167005521755,0.5448305920458247,True,5
2019-06-14,109750.57553976764,73240.3388153299,5,0.15,-0.011477407924004429,0.5824846194361177,True,5
2019-06-17,109923.22408635578,73251.00516626054,5,0.15,-0.009943621152974261,0.599486430670451,True,5
2019-06-18,110036.92687768869,73261.67307058435,5,0.15,-0.00891943758173929,0.7164323029927182,True,5
2019-06-19,110250.9197351658,73150.63968343726,5,0.15,-0.00698537615829594,0.7245411574215397,True,5
2019-06-20,110296.16570979763,73295.11480470018,5,0.15,-0.006564951601896027,0.7219695091965386,True,5
2019-06-21,109971.62179695113,73604.67272233719,5,0.15,-0.009504275462961813,0.7438212142184802,True,5
2019-06-24,110067.94069075942,73615.39213300747,5,0.15,-0.008640539247392765,0.7325860458867786,True,5
2019-06-25,109745.56310730038,73626.11310479826,5,0.15,-0.011544425164291734,0.6599794917159024,True,5
2019-06-26,109290.79991057493,73309.03128702077,5,0.15,-0.015634150989235603,0.6632017903876268,True,5
2019-06-27,109659.78964493657,73189.85439780145,5,0.15,-0.012301675566206724,0.6676509573623535,True,5
2019-06-28,109778.18570743225,73178.76717808978,5,0.15,-0.011241720817948782,0.6799436017532514,True,5
2019-07-01,110011.11020215949,73188.32107269358,5,0.15,-0.009141951117615591,0.6859126542945105,True,5
2019-07-02,110227.94133551171,73197.8762146114,5,0.15,-0.007188818407215354,0.6959280009205389,True,5
2019-07-03,110468.10538266246,73592.00063045401,5,0.15,-0.00501780498395509,0.6836793400343353,True,5
2019-07-05,110297.33960672554,73814.51011505867,5,0.15,-0.00655409475263242,0.6962290248821932,True,5
2019-07-08,110157.50943263722,73602.09536465224,5,0.15,-0.007808982467305593,0.6725009961113766,True,5
2019-07-09,110144.52045186919,73611.70452710263,5,0.15,-0.007940733047862197,0.6741304167235005,True,5
2019-07-10,110117.21997022221,73621.31494408255,5,0.15,-0.008186658159715485,0.7480661198078276,True,5
2019-07-11,110334.86864376128,73609.21731044579,5,0.15,-0.006217479940353098,0.77217603055243,True,5
2019-07-12,110436.22869739338,73830.33285531588,5,0.15,-0.005307766208670086,0.7718519008228444,True,5
2019-07-15,110474.16383649153,73703.76328992854,5,0.15,-0.004949437148538513,0.7734055931638157,True,5
2019-07-16,110150.01315858214,73713.38572569139,5,0.15,-0.007891376103556882,0.7922768152078377,True,5
2019-07-17,109858.2988069689,73723.00941771669,5,0.15,-0.010519054908755331,0.7183821058411524,True,5
2019-07-18,110157.71540719237,73461.33934165178,5,0.15,-0.007813232215467907,0.7746561989147915,True,5
2019-07-19,109618.7532021154,73458.47811083704,5,0.15,-0.01267077338517176,0.7178405518649604,True,5
2019-07-22,109560.41047324125,73234.10012638796,5,0.15,-0.013172399556785537,0.758961485528983,True,5
2019-07-23,109835.28719670213,73243.66124501557,5,0.15,-0.01072577232857309,0.721995126170569,True,5
2019-07-24,110255.4844078905,64901.619716616784,5,0.15,-0.006939451104510709,0.7361693757715314,True,5
2019-07-25,110792.68635856353,66454.25759639022,5,0.15,-0.0020848707937357012,0.7167475943222188,True,5
2019-07-26,111363.06588428655,65158.247024404474,5,0.15,0.0,0.7133538804449805,True,5
2019-07-29,110803.836204299,66870.06259423887,5,0.15,-0.005078851676499581,0.7028413527909865,True,5
2019-07-30,110628.59104955525,66878.7928524109,5,0.15,-0.006673712572492991,0.701501601900844,True,5
2019-07-31,110532.6326633884,66681.20021527018,5,0.15,-0.007530341443891386,0.6505883992556608,True,5
2019-08-01,110524.60402309365,66779.70844271124,5,0.15,-0.007594487873937374,0.6245337247339915,True,5
2019-08-02,110646.08228740955,66253.77289664396,5,0.15,-0.0065023852569967774,0.6082887992371249,True,5
2019-08-05,109535.85204256215,81698.28233523261,3,0.15,-0.016472524478261388,0.46583084144550324,True,3
2019-08-06,110078.43991926138,70064.0058823195,4,0.15,-0.011617239952285387,0.46142568612449814,True,4
2019-08-07,109967.62830289299,69058.41142253704,4,0.15,-0.012593114622191266,0.4623847965112109,True,4
2019-08-08,111256.47095271549,68920.85648512948,4,0.15,-0.0010250997984447294,0.46164788468464407,True,4
2019-08-09,111105.227917148,64857.14303846087,4,0.15,-0.0023836949122461796,0.45263043795440405,True,4
2019-08-12,110677.40973752769,64864.812652994784,4,0.15,-0.006225814239104915,0.43427086090702777,True,4
2019-08-13,111139.70891572366,66139.1160666466,4,0.15,-0.00206586786390096,0.4364987602932144,True,4
2019-08-14,109655.02303257698,77407.24675655994,3,0.15,-0.015399997398653996,0.3712774504630514,True,3
2019-08-15,110098.15299134006,76264.32700201098,3,0.15,-0.011434934183122655,0.3721137978635452,True,3
2019-08-16,110350.92209814399,74423.26791711782,3,0.15,-0.009153192621647538,0.3957404571411405,True,3
2019-08-19,110769.16977450217,63825.38703356491,4,0.15,-0.005410995290938126,0.43509221064112025,True,4
2019-08-20,110380.05039217962,64052.01355200218,4,0.15,-0.008888596948415402,0.42709464190695184,True,4
2019-08-21,110634.51865464388,64059.58795677936,4,0.15,-0.006610105680681781,0.4281133620188654,True,4
2019-08-22,110849.67329398742,66060.17940283407,4,0.15,-0.0046725688132609215,0.4603019503880021,True,4
2019-08-23,109917.50162053983,78275.16369738527,3,0.15,-0.013036833995643347,0.37359587000302424,True,3
2019-08-26,110445.21456016283,76139.31930472914,3,0.15,-0.008321262430650407,0.38913372067858304,True,3
2019-08-27,110831.55489227417,74468.49246889215,4,0.15,-0.004847253290960591,0.4113193669485904,True,4
2019-08-28,110983.36818299501,74477.29866363648,4,0.15,-0.0034886242844603477,0.48393648155781266,True,4
2019-08-29,111044.91751623385,73261.63511063735,5,0.15,-0.0029298778155210582,0.5012625423113808,True,5
2019-08-30,111091.35441837054,73270.29858970996,5,0.15,-0.00251766546441844,0.5170167113573416,True,5
2019-09-03,110903.66153465532,73873.98223876474,5,0.15,-0.004198696229367713,0.5438001122455982,True,5
2019-09-04,111192.78916778624,74035.9761111884,5,0.15,-0.0015990871498898743,0.540632859865537,True,5
2019-09-05,110592.42659859169,74044.7311591571,5,0.15,-0.0069986788480968405,0.5509622224110948,True,5
2019-09-06,110333.41819002654,73892.68740335964,5,0.15,-0.009318098921568659,0.5389397550221658,True,5
2019-09-09,109319.46341962632,68708.11950672364,5,0.15,-0.018421719832324827,0.6561938382789902,True,5
2019-09-10,108591.47292841703,68469.56450223709,5,0.15,-0.02495593949038388,0.6773458451191796,True,5
2019-09-11,108734.42443335711,63550.45860685641,5,0.15,-0.023673516227122524,0.6962135865775516,True,5
2019-09-12,108999.88133151339,63557.97370077103,5,0.15,-0.021288024246306995,0.7242201501183223,True,5
2019-09-13,108617.99127395616,64381.95815685413,5,0.15,-0.02471213511523495,0.7438473179887378,True,5
2019-09-16,108743.76629891734,65095.09728345265,5,0.15,-0.023580366377534537,0.7173509308126246,True,5
2019-09-17,109653.60021242972,65655.24688227678,5,0.15,-0.015396916789305803,0.7394388937096574,True,5
2019-09-18,109766.41950182074,65778.27125292111,5,0.15,-0.014401793185620763,0.7732122418224776,True,5
2019-09-19,109954.50139859506,65786.04979452166,5,0.15,-0.012718247437294198,0.8340697863758579,True,5
2019-09-20,110016.19227356758,65895.82680614747,5,0.15,-0.012147543544308923,0.8189904730929876,True,5
2019-09-23,109988.47271056581,66043.7305326823,5,0.15,-0.012406771701925888,0.8346590549214973,True,5
2019-09-24,109858.01894820525,66047.04954390548,5,0.15,-0.013548778712084817,0.7837976041379202,True,5
2019-09-25,109575.21963882327,65811.91476747065,5,0.15,-0.016116761662236332,0.8034224429082333,True,5
2019-09-26,109547.83529728914,65819.6972875503,5,0.15,-0.016369997472692494,0.8010428032853181,True,5
2019-09-27,109245.5600052533,65711.3029756873,5,0.15,-0.01906780715286172,0.7745600397388588,True,5
2019-09-30,109616.72441028415,65762.38607735684,5,0.15,-0.01573735703985691,0.7557484776324348,True,5
2019-10-01,109247.92936644274,65558.65384052483,5,0.15,-0.019039430411577213,0.6989698432719862,True,5
2019-10-02,108835.42507227678,76386.36389400807,4,0.15,-0.022763780723802435,0.5852106943004747,True,4
2019-10-03,109063.6957920933,65508.387646684445,5,0.15,-0.020722766933629896,0.5694455835504671,True,5
2019-10-04,109601.49930912677,65634.24010930648,5,0.15,-0.015880255764137253,0.5520108660304455,True,5
2019-10-07,109391.94485749722,65741.82612555366,5,0.15,-0.017754459655532157,0.5416899717013173,True,5
2019-10-08,108995.99367867952,76671.44011043415,4,0.15,-0.021318590948226822,0.5003438875983002,True,4
2019-10-09,109102.03565053485,76680.5980880029,4,0.15,-0.02038546795828449,0.495008662311755,True,4
2019-10-10,109047.57720054185,74820.84919092564,4,0.15,-0.02085944081804343,0.4850834101016492,True,4
2019-10-11,109020.30431968915,73483.17507304392,4,0.15,-0.021105669638401353,0.48228956197862083,True,4
2019-10-14,108899.43155020436,72319.41266780386,4,0.15,-0.02218911969918785,0.4849297513472521,True,4
2019-10-15,109061.52787562562,62020.776298936486,5,0.15,-0.02073981048640735,0.5147519026271292,True,5
2019-10-16,108960.30464607997,62028.18433610552,5,0.15,-0.021642447217463855,0.5656021369536407,True,5
2019-10-17,109424.12733270804,63809.86117825414,5,0.15,-0.017461936062879775,0.5691356738552111,True,5
2019-10-18,109272.21729495922,65156.96877464025,5,0.15,-0.01883309151550807,0.5797942605831361,True,5
2019-10-21,109530.53860084976,66246.50488346671,5,0.15,-0.01651395001101275,0.5903826499950228,True,5
2019-10-22,109404.66858797325,65629.09470229669,5,0.15,-0.01763628530188379,0.6782944774795939,True,5
2019-10-23,109213.72304684058,65636.93373305279,5,0.15,-0.019370711923857538,0.687054625466049,True,5
2019-10-24,111473.73030415353,65689.9665621531,5,0.15,0.0,0.7007808989722712,True,5
2019-10-25,112319.72613172416,66168.5409405424,5,0.15,0.0,0.7353043485874202,True,5
2019-10-28,113694.172808831,66974.85400457504,5,0.15,0.0,0.7378034626205504,True,5
2019-10-29,113624.74891814847,68443.52001548326,5,0.15,-0.0006604946797040179,0.7917065100848253,True,5
2019-10-30,114137.82141499738,68451.69521370732,5,0.15,0.0,0.809668095525427,True,5
2019-10-31,113666.88449663894,70951.90288179695,5,0.15,-0.00418192798799682,0.7901526464625037,True,5
2019-11-01,113751.65003834706,67755.34100154752,5,0.15,-0.003439491239754047,0.7878268300897965,True,5
2019-11-04,112702.24287310557,67688.31299453153,5,0.15,-0.01264022984784268,0.8048863364247518,True,5
2019-11-05,112077.742716575,67494.57772870017,5,0.15,-0.018110849607077508,0.8255355497614367,True,5
2019-11-06,112620.7883526436,67502.77349885294,5,0.15,-0.013363044901312173,0.813268226142722,True,5
2019-11-07,111802.11017881082,67719.31336498888,5,0.15,-0.020522121995762317,0.8117014404786209,True,5
2019-11-08,111985.98396119724,67240.9613427499,5,0.15,-0.018905084725968142,0.8109602859518662,True,5
2019-11-11,111887.87073438297,67334.01783679455,5,0.15,-0.019779844555370744,0.802513031296138,True,5
2019-11-12,111718.14890139189,67204.36947845216,5,0.15,-0.02126299339573146,0.8081075693579912,True,5
2019-11-13,112018.56765949934,67212.53000903169,5,0.15,-0.01863899502989847,0.8062931857365816,True,5
2019-11-14,112248.53845989036,67429.14397350223,5,0.15,-0.016608053658540126,0.8238864547361504,True,5
2019-11-15,112613.08885899122,67793.9339665005,5,0.15,-0.01340941319539928,0.8378412690841459,True,5
2019-11-18,112474.42091808261,67923.52734268471,5,0.15,-0.014641711548103986,0.8338689273601678,True,5
2019-11-19,112529.04049599827,67634.52721935669,5,0.15,-0.014162168446534833,0.8357005054078581,True,5
2019-11-20,112263.65593274336,67642.73998337619,5,0.15,-0.016492151531693523,0.8218290451186425,True,5
2019-11-21,111686.90098388396,76404.85483542335,5,0.15,-0.021528661738995612,0.8179647276944308,True,5
2019-11-22,111741.30554930089,74831.3087999336,5,0.15,-0.02106193877385982,0.8174697212696477,True,5
2019-11-25,112109.2305763289,74462.2840607578,5,0.15,-0.017844971274553256,0.7870562509365719,True,5
2019-11-26,112185.18524473341,74471.32590953661,5,0.15,-0.017186923622015297,0.7883655170719636,True,5
2019-11-27,112627.21673614168,74480.3688562542,5,0.15,-0.013314146062486591,0.788447868903426,True,5
2019-11-29,112382.13461302509,74965.4267170989,5,0.15,-0.015453732462309636,0.762377561570915,True,5
2019-12-02,112337.06813225996,75133.80401413777,5,0.15,-0.015839751080959537,0.7012925142164605,True,5
2019-12-03,112171.76190901134,74769.09636655191,5,0.15,-0.017293242537044964,0.6739561414899823,True,5
2019-12-04,112560.59274211225,74778.1754711107,5,0.15,-0.013898178165467363,0.6619315656397,True,5
2019-12-05,112864.01313156812,74787.25567813219,5,0.15,-0.01123981932146955,0.6657727867665357,True,5
2019-12-06,113252.6536439221,74816.5729469261,5,0.15,-0.007826383752177254,0.6458781734044092,True,5
2019-12-09,113338.51048017862,75589.9595055489,5,0.15,-0.007068416684242792,0.6334642323577622,True,5
2019-12-10,113350.97213754522,75850.77755764365,5,0.15,-0.006964539396898249,0.6598211818048296,True,5
2019-12-11,113407.97559360391,75859.98800920423,5,0.15,-0.006475121601163923,0.6591312452127958,True,5
2019-12-12,113965.91364144399,75869.19957917677,5,0.15,-0.0015868477361890075,0.643055243948039,True,5
2019-12-13,113816.7791055579,75718.29113824526,5,0.15,-0.00288494523791051,0.6483866637220541,True,5
2019-12-16,114152.00279060434,76079.33530943538,5,0.15,0.0,0.701708172731675,True,5
2019-12-17,114508.42645521203,76277.81934622696,5,0.15,0.0,0.7546651751160948,True,5
2019-12-18,114244.22625943962,76287.08165286186,5,0.15,-0.0023881430465231097,0.7590220541703455,True,5
2019-12-19,114163.60590183543,76296.34508420542,5,0.15,-0.0030922089813071587,0.7658665456852238,True,5
2019-12-20,114310.63998421816,76464.98134491978,5,0.15,-0.0017972108873475607,0.8041944973124462,True,5
2019-12-23,114275.91889560809,76393.6672252034,5,0.15,-0.0020996754383123205,0.8410788918060463,True,5
2019-12-24,114316.18969892233,76222.52420815243,5,0.15,-0.001744385136245169,0.8375800841787493,True,5
2019-12-26,114510.15757712704,76231.77980037771,5,0.15,-6.571106199951477e-05,0.8411414697176611,True,5
2019-12-27,114565.57745778821,76241.03651649633,5,0.15,0.0,0.8478199043758274,True,5
2019-12-30,114374.1927753991,76170.81899337508,5,0.15,-0.0017402117838978932,0.7945788587130063,True,5
2019-12-31,114409.30107318285,76232.39693302417,5,0.15,-0.0014329108157195198,0.8404037043517054,True,5
2020-01-02,114604.04442190769,76345.41294594001,5,0.15,0.0,0.797234313162123,True,5
2020-01-03,114011.8111642579,76354.31991078371,5,0.15,-0.005245366562112118,0.713484886824181,True,5
2020-01-06,113965.06093028083,76363.2279147733,5,0.15,-0.005653303937784947,0.7171605456801909,True,5
2020-01-07,114193.66677624988,76150.25805205636,5,0.15,-0.0036501920315576996,0.704000878623081,True,5
2020-01-08,114423.37541455026,76496.66512373614,5,0.15,-0.0016422658374285724,0.699772035992202,True,5
2020-01-09,114841.32932839416,76301.40669002788,5,0.15,0.0,0.68896559696476,True,5
2020-01-10,114633.15846273638,76310.3085208084,5,0.15,-0.0018901966540075224,0.6820384933895154,True,5
2020-01-13,115262.04911915812,76319.21139013582,5,0.15,0.0,0.6709727109606893,True,5
2020-01-14,115015.32270980667,76510.99188585811,5,0.15,-0.0022082665651620764,0.6903355245441878,True,5
2020-01-15,114685.0815758987,76478.01313245883,5,0.15,-0.005071630025406769,0.688180330973987,True,5
2020-01-16,115088.31856627115,76771.94780369804,5,0.15,-0.0015736152242822414,0.704391756611563,True,5
2020-01-17,115279.8175694446,76780.90453094181,5,0.15,0.0,0.7903666143604833,True,5
2020-01-21,115169.33924317142,76789.8623031371,5,0.15,-0.0010360538469495104,0.7640345353810709,True,5
2020-01-22,115016.41502156453,76771.60927915077,5,0.15,-0.002353183635222166,0.7842115224011554,True,5
2020-01-23,114877.64945087091,76633.63210920262,5,0.15,-0.0035371681830805306,0.7944343986951349,True,5
2020-01-24,113940.16444805788,76230.32104243588,5,0.15,-0.011683596195579663,0.7081336592763763,True,5
2020-01-27,113451.65163053309,76239.21457989083,5,0.15,-0.015935655651604503,0.5552398208564615,True,5
2020-01-28,113936.56374343265,76248.10915492516,5,0.15,-0.011729272560929748,0.5604637702899429,True,5
2020-01-29,114091.20671252509,76180.35793483297,5,0.15,-0.010378118395527984,0.5651719259852456,True,5
2020-01-30,114308.68970524786,76124.20305507118,5,0.15,-0.008472883541148403,0.565654505716524,True,5
2020-01-31,113411.55291859798,75940.33463142115,5,0.15,-0.016266150832556614,0.5149638375422741,True,5
2020-02-03,113989.84880375935,75949.19433712815,5,0.15,-0.011266746415605948,0.5186337906493824,True,5
2020-02-04,115063.78413035793,75958.05507646748,5,0.15,-0.0019508547390830505,0.5119426653359561,True,5
2020-02-05,114961.82790948857,76550.1388256197,5,0.15,-0.0028226736150745403,0.5131403199876954,True,5
2020-02-06,115100.77254616153,76541.01129029876,5,0.15,-0.0016207593123358979,0.5116279485119597,True,5
2020-02-07,114452.52687084061,76640.70134345799,5,0.15,-0.007239385751114194,0.5084636368667923,True,5
2020-02-10,114881.57719095047,76649.64275861472,5,0.15,-0.0035321169154832605,0.5539844983768363,True,5
2020-02-11,115804.90480431903,76658.58521693655,5,0.15,0.0,0.555830778526163,True,5
2020-02-12,115961.63641173423,76755.56821037705,5,0.15,0.0,0.5660486881093497,True,5
2020-02-13,115739.86166487167,76746.54767540001,5,0.15,-0.001983321903159577,0.5616756395262631,True,5
2020-02-14,115950.76445561647,77361.05471458733,5,0.15,-0.00016019306386330233,0.6497048150125431,True,5
2020-02-18,115961.90956490215,77370.0801709707,5,0.15,-7.547585120634885e-05,0.6345861581875266,True,5
2020-02-19,116455.0916111231,77379.10668032398,5,0.15,0.0,0.7207017523403338,True,5
2020-02-20,115992.91524476312,77253.02408303287,5,0.15,-0.004019569948957286,0.7553366903892129,True,5
2020-02-21,115507.03835356113,77148.80944062948,5,0.15,-0.008200017731668454,0.6645616538250507,True,5
2020-02-24,114097.6712579937,89379.01445426681,4,0.15,-0.020314436906761244,0.4478543165049515,True,4
2020-02-25,113902.28649141389,86735.74784266663,4,0.15,-0.021973032961871995,0.4029033342758842,True,4
2020-02-26,113888.32708909515,90372.52511664807,3,0.15,-0.022126750797864702,0.39520429945879154,True,3
2020-02-27,113109.9336408185,84915.04271779559,2,0.15,-0.028798061789649932,0.3173765505249576,True,2
2020-02-28,112765.52953082757,84924.94947277934,2,0.15,-0.031767342965414405,0.3117063175156453,True,2
2020-03-02,114365.90562654602,72831.12505063214,3,0.15,-0.018020497949490073,0.3687764893334284,True,3
2020-03-03,112138.94033675714,87042.8680140282,2,0.15,-0.03711513987121256,0.32442632283103157,True,2
2020-03-04,113455.96743684493,74647.33812130273,3,0.15,-0.025835281391381356,0.36919220071677467,True,3
2020-03-05,112819.51499397658,89041.93614602563,2,0.15,-0.031287456517036856,0.31863716888703875,True,2
2020-03-06,112501.39358408186,86140.56062835357,2,0.15,-0.0340282053616551,0.2970880602112107,True,2
2020-03-09,110826.68563864994,83617.16179366138,2,0.15,-0.04841127949340981,0.22895972353484131,True,2
2020-03-10,112366.68260712874,83626.91712920397,2,0.15,-0.03519094169984345,0.2626098751173474,True,2
2020-03-11,110395.2713651974,82529.79034747733,2,0.15,-0.05210692459821249,0.22413152953953241,True,2
2020-03-12,109827.77517646694,82539.41882301787,2,0.15,-0.05699145325787367,0.1874946912430357,True,2
2020-03-13,111080.12234651626,82549.04842188055,2,0.15,-0.046237556374522946,0.20825368973370778,True,2
2020-03-16,106827.50651228962,91604.5111625178,2,0.15,-0.08274196878325828,0.1753753028873732,True,2
2020-03-17,107705.27497099292,91615.19835548676,2,0.15,-0.07522645606903117,0.17886142178814443,True,2
2020-03-18,107335.85480837886,91625.88679529491,2,0.15,-0.07839867811911413,0.16627673541465876,True,2
2020-03-19,107938.57034184436,91636.5764820877,2,0.15,-0.0732231698769027,0.16300458510293123,True,2
2020-03-20,107061.89137415777,85866.89332436984,2,0.15,-0.08074862261022302,0.152295977052597,True,2
2020-03-23,106234.5426492065,79600.04977720951,2,0.15,-0.08784310402654169,0.14860399565697166,True,2
2020-03-24,107768.64950481009,79609.33644968351,2,0.15,-0.07467023260626975,0.14785873284294968,True,2
2020-03-25,107627.11968742598,79618.62420560264,2,0.15,-0.07588555860765964,0.14680901898182872,True,2
2020-03-26,109544.08316373968,79627.91304509329,2,0.15,-0.059424600428660775,0.18214386059373633,True,2
2020-03-27,109363.98186517195,82232.95317104751,2,0.15,-0.060953113610596736,0.16727173456291808,True,2
2020-03-30,109717.39147374827,82155.00037715095,2,0.15,-0.05793533754062275,0.1700878155546671,True,2
2020-03-31,110388.79879326212,82164.58512719495,2,0.15,-0.052173567371309806,0.16449252496302824,True,2
2020-04-01,110816.29168723657,82172.5081407608,2,0.15,-0.048488416086678275,0.13518314782366875,True,2
2020-04-02,111400.87842830023,82180.43191833151,2,0.15,-0.04346857565745183,0.1401921514896152,True,2
2020-04-03,111573.58000517561,83464.26058351435,2,0.15,-0.04196675922559038,0.13605987695460853,True,2
2020-04-06,112197.48531174076,84058.37749690792,2,0.15,-0.03662746956389444,0.20817572362609899,True,2
2020-04-07,112138.5101164365,84066.48312616655,2,0.15,-0.03713609309918882,0.18223380728527944,True,2
2020-04-08,112410.40399412408,84074.58953703943,2,0.15,-0.034801346783576825,0.24509380073694584,True,2
2020-04-09,112683.62447383744,84082.69672960193,2,0.15,-0.03245520893555461,0.3250517357978604,True,2
2020-04-13,112901.49064478808,84531.71634396014,2,0.15,-0.030574568994391906,0.2655101296537129,True,2
2020-04-14,113586.99042238886,84959.70821100193,2,0.15,-0.024696730928248,0.34831184696216855,True,2
2020-04-15,112659.2229691225,84967.9007542937,2,0.15,-0.03266547759023916,0.30772640405151414,True,2
2020-04-16,113783.51460234026,84976.09408758073,2,0.15,-0.02301119088050171,0.336833519562395,True,2
2020-04-17,115958.01701520567,72873.76372434368,3,0.15,-0.004336481091145165,0.35528054299636497,True,3
2020-04-20,115366.31162295224,88043.5577706825,2,0.15,-0.009402690751920042,0.34463435445814466,True,2
2020-04-21,114703.87457802171,88063.81207025262,2,0.15,-0.015108978250593453,0.332687574348446,True,2
2020-04-22,115151.45877084283,88072.3039378451,2,0.15,-0.011267216312484826,0.3284114033399268,True,2
2020-04-23,115233.43652763104,88080.79662429626,2,0.15,-0.010563280256143974,0.3240782658789099,True,2
2020-04-24,115304.97915729805,85823.43694863294,2,0.15,-0.009936602586801686,0.31172985811790327,True,2
2020-04-27,114689.74114235026,85831.71278005299,2,0.15,-0.015230130994319555,0.3411247336361846,True,2
2020-04-28,113600.5750033128,85791.39749831881,2,0.15,-0.024581179329277194,0.32162253168166266,True,2
2020-04-29,113543.0063353356,73572.9389910252,3,0.15,-0.025074728269299722,0.3573595429930584,True,3
2020-04-30,114246.50619831041,73580.03352442791,3,0.15,-0.019026046139864722,0.35730843352652264,True,3
2020-05-01,114505.47047961292,87522.36038611991,2,0.15,-0.016793994430175627,0.32299641154268177,True,2
2020-05-04,115390.37550964678,87531.04315996774,2,0.15,-0.00921727732531046,0.3345453419126632,True,2
2020-05-05,116556.26285082975,88348.38103440871,2,0.15,0.0,0.32950566173712215,True,2
2020-05-06,116530.36398589969,87153.18281544595,2,0.15,-0.0002859765274801947,0.32969432499974216,True,2
2020-05-07,116593.4559047629,87161.82896453478,2,0.15,0.0,0.3235486110312886,True,2
2020-05-08,116921.26047770794,87170.47597137651,2,0.15,0.0,0.33110257596986764,True,2
2020-05-11,117373.96628052043,87179.12383605621,2,0.15,0.0,0.34573162745940944,True,2
2020-05-12,117469.90456584086,87565.40369585203,2,0.15,0.0,0.27949786402083976,True,2
2020-05-13,118246.1584095858,88479.74445235296,2,0.15,0.0,0.2919549205118485,True,2
2020-05-14,118053.8573679915,88488.52220477878,2,0.15,-0.0017005101622297226,0.3010550528333684,True,2
2020-05-15,118473.0397908303,88497.30082801338,2,0.15,0.0,0.30538316569956847,True,2
2020-05-18,117634.54666527832,88506.08032214314,2,0.15,-0.007151606991579164,0.33224081113567655,True,2
2020-05-19,117412.8517668147,88379.0102103948,2,0.15,-0.009006665975980321,0.3369085946376449,True,2
2020-05-20,117849.9710699955,88247.90252378139,2,0.15,-0.005328117134822688,0.34278789386477104,True,2
2020-05-21,117427.95461050565,88256.65727601589,2,0.15,-0.008895187752586995,0.3318525082219575,True,2
2020-05-22,117494.1584168897,88265.4128967774,2,0.15,-0.008336386037243876,0.3376900533334548,True,2
2020-05-26,116935.6427394947,88274.16938615208,2,0.15,-0.013050678394342584,0.3428189007760989,True,2
2020-05-27,118031.02945252531,88897.17785737055,3,0.15,-0.0037819325401675773,0.3951071811677432,True,3
2020-05-28,118242.779917046,88856.18179676816,3,0.15,-0.002014187781788342,0.39075659840539434,True,3
2020-05-29,119306.30651059035,88864.99689416862,3,0.15,0.0,0.4076388341998146,True,3
2020-06-01,119423.04778123356,88873.60128275679,3,0.15,0.0,0.4324445094615811,True,3
2020-06-02,119514.15108747387,76216.0527316963,4,0.15,0.0,0.4922537979951626,True,4
2020-06-03,119383.92406771294,78219.85429812242,5,0.15,-0.0011416595117523629,0.5191890220903141,True,5
2020-06-04,118357.92218322228,90434.6296035599,5,0.15,-0.009730031975863127,0.5293290553710402,True,5
2020-06-05,118053.53150436559,90443.38597245801,5,0.15,-0.012294577157904512,0.54446821237009,True,5
2020-06-08,118366.29740800148,90452.14318919502,5,0.15,-0.009677606255704923,0.5543143026751709,True,5
2020-06-09,118586.08856083435,90460.90125385302,5,0.15,-0.007838574618765054,0.5302581200577048,True,5
2020-06-10,118970.44518653222,89111.94994683232,5,0.15,-0.004615618918267029,0.5368342215873187,True,5
2020-06-11,117961.55914916606,103499.43032776286,3,0.15,-0.013060253095479377,0.3665412187393032,True,3
2020-06-12,117840.10235444346,103509.45170117555,3,0.15,-0.014090968233632128,0.3794609283941557,True,3
2020-06-15,117890.21185445544,103519.4740449117,3,0.15,-0.01367169964298755,0.3915257355961568,True,3
2020-06-16,117906.61797166291,88776.14910964783,4,0.15,-0.013531130326401845,0.40157858777074207,True,4
2020-06-17,118233.49611826446,88610.12578883428,4,0.15,-0.010778392488534959,0.4092902678467988,True,4
2020-06-18,118211.57527202157,88618.70549942653,4,0.15,-0.010970713627751993,0.4038166731807799,True,4
2020-06-19,118668.82203864036,88627.28604075268,4,0.15,-0.007144840861017976,0.41141281204523605,True,4
2020-06-22,118977.57899959273,88635.86741289313,4,0.15,-0.0045614134816770934,0.4281871776218566,True,4
2020-06-23,119256.46631820907,89384.067323987,4,0.15,-0.002222169625066019,0.4275134113417138,True,4
2020-06-24,118863.15890236011,89268.45866124865,3,0.15,-0.0055141579404290085,0.3739690751146406,True,3
2020-06-25,119275.43771239616,89277.10211518251,3,0.15,-0.002069686533024332,0.4727976078398126,True,3
2020-06-26,118935.3430029572,89285.74640602224,3,0.15,-0.004915337389012916,0.42062532836370337,True,3
2020-06-29,119236.60475083324,89294.39153384886,3,0.15,-0.002394624083116179,0.43609017757701996,True,3
2020-06-30,119549.82487575112,89671.60893909639,4,0.15,0.0,0.46107073859088843,True,4
2020-07-01,119780.92251510525,89671.56317236768,4,0.15,0.0,0.46470594200046655,True,4
2020-07-02,120011.42064597376,89679.1781384466,4,0.15,0.0,0.4775179282160842,True,4
2020-07-06,120746.79281763441,89686.79375119328,4,0.15,0.0,0.47696001006497957,True,4
2020-07-07,121049.15463897647,89694.41001066263,4,0.15,0.0,0.44466805258243824,True,4
2020-07-08,121483.10921955197,90579.85012225746,4,0.15,0.0,0.45803840785025635,True,4
2020-07-09,121811.87030847814,91326.69418505345,4,0.15,0.0,0.4991159587327981,True,4
2020-07-10,121423.66386196585,78319.09160967266,5,0.15,-0.0032489687024858274,0.5596312592388291,True,5
2020-07-13,120283.38230378139,79219.53577088335,5,0.15,-0.012597226255236581,0.5941348862478004,True,5
2020-07-14,120787.60923588299,79226.26314415912,5,0.15,-0.008463776504375575,0.6111923732511613,True,5
2020-07-15,120793.2906380285,80856.07305888583,5,0.15,-0.008400785658210352,0.6190671202756463,True,5
2020-07-16,120834.9339851185,80862.93940794718,5,0.15,-0.008076410533140949,0.6151719492778895,True,5
2020-07-17,121156.72804041774,81212.65059393812,5,0.15,-0.005429182782577307,0.6245684639212745,True,5
2020-07-20,122566.71023688388,81340.16480003549,5,0.15,0.0,0.6560028140837311,True,5
2020-07-21,122093.34935302772,81347.07225847486,5,0.15,-0.00391842402694259,0.6725334729387502,True,5
2020-07-22,122196.39658705167,81422.65248196143,5,0.15,-0.003054413011696947,0.6784584659189207,True,5
2020-07-23,121553.70384363124,81429.56694530712,5,0.15,-0.00832135295650127,0.6665580514938971,True,5
2020-07-24,121626.03411345465,81675.97190697314,5,0.15,-0.007721106068552072,0.6516235493966153,True,5
2020-07-27,122108.68494703225,81348.1810124531,5,0.15,-0.003769930656664029,0.6884876299617639,True,5
2020-07-28,121766.52375389087,81355.08915163433,5,0.15,-0.006584941544195547,0.6798481240144347,True,5
2020-07-29,122387.89855220426,81189.74391072326,5,0.15,-0.0014976195415855444,0.6802173012746797,True,5
2020-07-30,123764.14885763335,81196.6385953252,5,0.15,0.0,0.667501329944703,True,5
2020-07-31,124118.03406146987,82783.65724911884,5,0.15,0.0,0.6719083807885471,True,5
2020-08-03,125304.22085273091,82626.57599805528,5,0.15,0.0,0.6714303613533361,True,5
2020-08-04,125054.74776485524,82633.59269935035,5,0.15,-0.0020469365471111095,0.6834529275287108,True,5
2020-08-05,125463.06961346131,83851.99538210101,5,0.15,0.0,0.6853986061907851,True,5
2020-08-06,125099.72616185722,83859.11614678822,5,0.15,-0.00295277500728027,0.7260384391783992,True,5
2020-08-07,125246.13389821036,83916.93404025337,5,0.15,-0.001782430531823462,0.7443978210641695,True,5
2020-08-10,124713.17454789676,83699.68483146753,5,0.15,-0.006027176648883604,0.7562149721452982,True,5
2020-08-11,124163.22950213183,83706.79266184608,5,0.15,-0.010416993189586388,0.7257641000567738,True,5
2020-08-12,124644.16668019968,83172.48972260352,5,0.15,-0.0065715844943481155,0.7250028151886524,True,5
2020-08-13,125101.90311729664,83179.5527832387,5,0.15,-0.002934963714297193,0.730851203037701,True,5
2020-08-14,124855.2301368314,82858.59946992033,5,0.15,-0.004897094783384352,0.7328936060312352,True,5
2020-08-17,125744.42658024987,83354.9197839909,5,0.15,0.0,0.7377754613590175,True,5
2020-08-18,125601.72926472609,83361.99833670272,5,0.15,-0.0011911133742377505,0.7388301473004494,True,5
2020-08-19,125475.42597091051,83949.88154787538,5,0.15,-0.0021820552027271034,0.7169140117996211,True,5
2020-08-20,125795.03225679298,83957.01062511794,5,0.15,0.0,0.7426611459658492,True,5
2020-08-21,126193.57464455563,84134.7472003758,5,0.15,0.0,0.7491145969819897,True,5
2020-08-24,126429.49214463684,84437.44327854132,5,0.15,0.0,0.7300609711469044,True,5
2020-08-25,126122.5150337046,84444.61375983561,5,0.15,-0.0024847651200491654,0.7930945451294309,True,5
2020-08-26,126680.38134745724,84615.47787374594,5,0.15,0.0,0.8159912555177831,True,5
2020-08-27,125712.52163376016,84622.66347385109,5,0.15,-0.0076968927897989705,0.8343877832610376,True,5
2020-08-28,125086.11032151169,83573.38781893422,5,0.15,-0.012633105748744268,0.8382705459197584,True,5
2020-08-31,124892.99943434264,83574.12210820813,5,0.15,-0.014150165416167268,0.8084993745618048,True,5
2020-09-01,125565.98215544221,83581.78306940138,5,0.15,-0.008857410605125262,0.8043668045078758,True,5
2020-09-02,125740.00147764155,83433.12237915459,5,0.15,-0.007469011719634975,0.8125890189566538,True,5
2020-09-03,123961.29483589344,77318.532907299,5,0.15,-0.021522147996873308,0.6118816197759867,True,5
2020-09-04,122464.06617710019,87927.67752383945,5,0.15,-0.03332988242604051,0.5993990151666394,True,5
2020-09-08,121748.24948066784,92100.35512394394,5,0.15,-0.03896696400684738,0.5322199690368696,True,5
2020-09-09,122968.72296133178,92108.79765649697,5,0.15,-0.029366038206619,0.5554683582448801,True,5
2020-09-10,122421.7462791847,92117.24096294882,5,0.15,-0.033683813778715266,0.5234116094334814,True,5
2020-09-11,122290.15582623916,92125.68504337042,5,0.15,-0.034722579414842955,0.5273473131999046,True,5
2020-09-14,122940.83392541826,91661.29166105752,5,0.15,-0.029576112174337994,0.5425951572672096,True,5
2020-09-15,123393.35505991924,92624.97875993291,5,0.15,-0.025992169820972237,0.546643769240106,True,5
2020-09-16,124013.98800041307,92633.4693829859,5,0.15,-0.021115218802195763,0.5436769638660732,True,5
2020-09-17,123949.44585101272,92641.96078434601,5,0.15,-0.02162471306658738,0.5456275865861508,True,5
2020-09-18,123863.98564576979,92650.45296408457,5,0.15,-0.02229933199899316,0.5711586814152357,True,5
2020-09-21,123214.16416733638,92661.55541297764,5,0.15,-0.02741656086219951,0.5522103533654151,True,5
2020-09-22,123727.17375727132,92604.16719891266,5,0.15,-0.02336679255028691,0.5799242178328616,True,5
2020-09-23,123158.0402783675,92612.65591423924,5,0.15,-0.027871954179961023,0.5508586561242699,True,5
2020-09-24,123365.7582953865,92621.14540769804,5,0.15,-0.026232258777426257,0.5614651854840976,True,5
2020-09-25,123957.66737206605,92629.63567936042,5,0.15,-0.02155980443066758,0.5551556094258092,True,5
2020-09-28,124612.2610786191,93475.88448305799,5,0.15,-0.016385500969471733,0.5677593874081528,True,5
2020-09-29,124528.25461714786,93501.82495636426,5,0.15,-0.017044547504081235,0.5650499401665291,True,5
2020-09-30,124652.4143120519,93510.39595698526,5,0.15,-0.016076191233120367,0.5663788364724499,True,5
2020-10-01,124756.51715246258,93519.11617248126,5,0.15,-0.01525559356495771,0.5664051253901844,True,5
2020-10-02,124990.38256482553,93527.83720117195,5,0.15,-0.013409493982049001,0.5827904821961161,True,5
2020-10-05,125530.76606727716,93972.86528091795,5,0.15,-0.009138176137873323,0.6057732806068648,True,5
2020-10-06,125530.19758297958,94240.67642757566,5,0.15,-0.009140341123186771,0.6002271111483509,True,5
2020-10-07,126309.16170348687,94249.46474462347,5,0.15,-0.0029997380571179753,0.6403693721575614,True,5
2020-10-08,126535.94835591053,94258.25388121672,5,0.15,-0.0012095174210101146,0.6657348029792746,True,5
2020-10-09,126688.52116761137,94267.04383743183,5,0.15,-5.132097441473661e-06,0.6838259529674358,True,5
2020-10-12,126962.09765294871,94878.35686115097,5,0.15,0.0,0.6934597081662095,True,5
2020-10-13,126892.90246665615,95360.67616528853,5,0.15,-0.0006090106339155124,0.6814116313761028,True,5
2020-10-14,126821.21179438227,95369.56892675633,5,0.15,-0.0011797112902439458,0.6675220252001608,True,5
2020-10-15,126968.64277120089,95378.46251750941,5,0.15,-1.8497429896940094e-05,0.6725332610461829,True,5
2020-10-16,127112.08320950162,95387.35693762513,5,0.15,0.0,0.698069576507286,True,5
2020-10-19,126708.09898165317,95290.01392913489,5,0.15,-0.0032414554306538293,0.6801807582701452,True,5
2020-10-20,127071.96684338187,95127.92059437602,5,0.15,-0.00038000385400668033,0.6940291787848593,True,5
2020-10-21,126688.74936970358,95136.79165046319,5,0.15,-0.003400187338389108,0.7291858484515116,True,5
2020-10-22,126364.55137910933,95145.66353381154,5,0.15,-0.005950683008585251,0.7382595620888257,True,5
2020-10-23,126914.446918454,95154.53624449823,5,0.15,-0.0016246213304043438,0.7379041414237841,True,5
2020-10-26,126370.33487380182,94991.38774144324,5,0.15,-0.005896728879367374,0.7117268994635926,True,5
2020-10-27,126185.19310307811,94788.47393781181,5,0.15,-0.007352400610975485,0.7145375621341654,True,5
2020-10-28,125745.64938997256,87952.95178157168,5,0.15,-0.010816758307704658,0.5810676127785505,True,5
2020-10-29,126189.3085300424,87961.15374334497,5,0.15,-0.00732406092108564,0.5753401162187843,True,5
2020-10-30,125516.88204290622,87969.35646998373,5,0.15,-0.012614094999855295,0.5691688080390387,True,5
2020-11-02,126758.04781356362,82417.22410432588,5,0.15,-0.0028418147547933834,0.5618832479162975,True,5
2020-11-03,128084.00747853961,84455.24063321625,5,0.15,0.0,0.5674390417818613,True,5
2020-11-04,127130.38164433239,85399.22305601716,5,0.15,-0.007503519634314052,0.562490407697891,True,5
2020-11-05,128408.37798237713,85407.18687245293,5,0.15,0.0,0.5717135235445228,True,5
2020-11-06,128777.56741305669,85415.1514315462,5,0.15,0.0,0.5645268067573452,True,5
2020-11-09,127443.54675560747,89314.89655284042,5,0.15,-0.010410890847803434,0.5792169507407924,True,5
2020-11-10,127681.17349473116,84480.67305246372,5,0.15,-0.008564358460938587,0.5839705733760063,True,5
2020-11-11,128046.61362500895,84559.63787004144,5,0.15,-0.0057341171742919675,0.7132388888613405,True,5
2020-11-12,127679.37036150412,84567.52339182694,5,0.15,-0.008589093547560923,0.685125298262453,True,5
2020-11-13,128680.27331629377,84575.40964896863,5,0.15,-0.0008167599063838118,0.7215243973286719,True,5
2020-11-16,129519.84969319218,85920.22229149824,5,0.15,0.0,0.7443242124727016,True,5
2020-11-17,129679.40481660816,86089.30784021366,5,0.15,0.0,0.7335634135460426,True,5
2020-11-18,129258.00112671326,86538.82999507686,5,0.15,-0.0033084100476223344,0.7211873931663937,True,5
2020-11-19,129254.52183243586,86546.90008438195,5,0.15,-0.003338641737982074,0.7432381036219378,True,5
2020-11-20,128684.2316739494,86554.9709262549,5,0.15,-0.007736340137822924,0.7254464415575946,True,5
2020-11-23,129605.90712859711,86741.26295280436,5,0.15,-0.0006085821990579736,0.7647951116469123,True,5
2020-11-24,130650.7394160351,86524.21468291349,5,0.15,0.0,0.7556661342226567,True,5
2020-11-25,130076.08157511824,86786.06679907348,5,0.15,-0.004457202473107243,0.7795204560952667,True,5
2020-11-27,130088.51461908387,86794.15994419165,5,0.15,-0.0043652102132641715,0.7902478557209102,True,5
2020-11-30,129524.49973627503,86802.25384402771,5,0.15,-0.008682182624195026,0.8119333858532609,True,5
2020-12-01,129631.51171739004,86794.8424471743,5,0.15,-0.007840468739500051,0.8199197237112179,True,5
2020-12-02,129999.17589956342,86699.20806222274,5,0.15,-0.005030860242448405,0.8197337722643026,True,5
2020-12-03,130194.889959203,86906.66760146282,5,0.15,-0.0035456449751847313,0.8416886755750252,True,5
2020-12-04,130523.09348191539,86914.46161212867,5,0.15,-0.001036656550058002,0.8370236055211907,True,5
2020-12-07,130697.66570244085,86922.25632178118,5,0.15,0.0,0.8404643172747412,True,5
2020-12-08,130815.43022637376,87307.14919611628,5,0.15,0.0,0.8361859252463112,True,5
2020-12-09,130851.3263061357,87108.99471382347,5,0.15,0.0,0.8435370762976583,True,5
2020-12-10,130352.1032418111,87010.37925887606,5,0.15,-0.0038719724288647814,0.8458864586096355,True,5
2020-12-11,130000.22948539571,87018.18257066673,5,0.15,-0.006563939065632425,0.8499946671477627,True,5
2020-12-14,129261.6559501193,78941.26298493438,5,0.15,-0.012196223734698667,0.8319449986063638,True,5
2020-12-15,129540.26095139772,79929.77834171386,5,0.15,-0.010053024599509486,0.8228296505342079,True,5
2020-12-16,129600.37771025156,76241.81276628349,5,0.15,-0.00960686508773493,0.8300016892038685,True,5
2020-12-17,130065.81714975575,77867.10664733518,5,0.15,-0.006047636436548292,0.8356802632832221,True,5
2020-12-18,129169.71406372766,77874.08996721705,5,0.15,-0.012904688167541534,0.8418606848516029,True,5
2020-12-21,129370.38066386912,77918.56258649526,5,0.15,-0.011347484830109774,0.8412505547764131,True,5
2020-12-22,128752.86133312002,78229.50210037384,5,0.15,-0.016060591574345175,0.8381323042782013,True,5
2020-12-23,129496.36111387593,77891.36192068923,5,0.15,-0.010397171763199748,0.8612249038605598,True,5
2020-12-24,129613.12104344083,77455.91623727394,5,0.15,-0.009503418220674263,0.8640107090675031,True,5
2020-12-28,129422.94002782219,77462.86268055554,5,0.15,-0.010969187413790932,0.8485732947304355,True,5
2020-12-29,128742.2646301196,77476.08956905162,5,0.15,-0.016135753541878902,0.8657615981553316,True,5
2020-12-30,129942.98653912717,77967.71917428564,5,0.15,-0.006958386633609422,0.8915105050444807,True,5
2020-12-31,130495.59680442612,78792.14797554768,5,0.15,-0.00276615198024481,0.886141812126318,True,5
