observation_date,NFCI
1971-01-08,0.59
1971-01-15,0.63
1971-01-22,0.66
1971-01-29,0.7
1971-02-05,0.75
1971-02-12,0.79
1971-02-19,0.83
1971-02-26,0.87
1971-03-05,0.92
1971-03-12,0.96
1971-03-19,1.01
1971-03-26,1.07
1971-04-02,1.14
1971-04-09,1.21
1971-04-16,1.29
1971-04-23,1.36
1971-04-30,1.42
1971-05-07,1.45
1971-05-14,1.47
1971-05-21,1.44
1971-05-28,1.39
1971-06-04,1.31
1971-06-11,1.21
1971-06-18,1.11
1971-06-25,1.02
1971-07-02,0.97
1971-07-09,0.95
1971-07-16,1.0
1971-07-23,1.1
1971-07-30,1.25
1971-08-06,1.44
1971-08-13,1.65
1971-08-20,1.85
1971-08-27,2.02
1971-09-03,2.15
1971-09-10,2.22
1971-09-17,2.23
1971-09-24,2.19
1971-10-01,2.09
1971-10-08,1.97
1971-10-15,1.83
1971-10-22,1.69
1971-10-29,1.57
1971-11-05,1.47
1971-11-12,1.41
1971-11-19,1.37
1971-11-26,1.36
1971-12-03,1.35
1971-12-10,1.36
1971-12-17,1.35
1971-12-24,1.34
1971-12-31,1.31
1972-01-07,1.25
1972-01-14,1.17
1972-01-21,1.08
1972-01-28,0.98
1972-02-04,0.88
1972-02-11,0.78
1972-02-18,0.69
1972-02-25,0.6
1972-03-03,0.53
1972-03-10,0.47
1972-03-17,0.42
1972-03-24,0.38
1972-03-31,0.33
1972-04-07,0.29
1972-04-14,0.24
1972-04-21,0.19
1972-04-28,0.15
1972-05-05,0.1
1972-05-12,0.06
1972-05-19,0.04
1972-05-26,0.03
1972-06-02,0.03
1972-06-09,0.06
1972-06-16,0.1
1972-06-23,0.15
1972-06-30,0.21
1972-07-07,0.26
1972-07-14,0.3
1972-07-21,0.33
1972-07-28,0.33
1972-08-04,0.31
1972-08-11,0.27
1972-08-18,0.22
1972-08-25,0.15
1972-09-01,0.09
1972-09-08,0.02
1972-09-15,-0.04
1972-09-22,-0.08
1972-09-29,-0.11
1972-10-06,-0.14
1972-10-13,-0.15
1972-10-20,-0.17
1972-10-27,-0.18
1972-11-03,-0.2
1972-11-10,-0.21
1972-11-17,-0.23
1972-11-24,-0.25
1972-12-01,-0.27
1972-12-08,-0.28
1972-12-15,-0.28
1972-12-22,-0.26
1972-12-29,-0.21
1973-01-05,-0.14
1973-01-12,-0.04
1973-01-19,0.09
1973-01-26,0.24
1973-02-02,0.41
1973-02-09,0.59
1973-02-16,0.76
1973-02-23,0.91
1973-03-02,1.04
1973-03-09,1.14
1973-03-16,1.21
1973-03-23,1.26
1973-03-30,1.27
1973-04-06,1.27
1973-04-13,1.25
1973-04-20,1.23
1973-04-27,1.2
1973-05-04,1.17
1973-05-11,1.15
1973-05-18,1.13
1973-05-25,1.12
1973-06-01,1.12
1973-06-08,1.14
1973-06-15,1.17
1973-06-22,1.21
1973-06-29,1.28
1973-07-06,1.37
1973-07-13,1.48
1973-07-20,1.6
1973-07-27,1.73
1973-08-03,1.86
1973-08-10,1.99
1973-08-17,2.11
1973-08-24,2.22
1973-08-31,2.3
1973-09-07,2.37
1973-09-14,2.41
1973-09-21,2.42
1973-09-28,2.41
1973-10-05,2.38
1973-10-12,2.33
1973-10-19,2.28
1973-10-26,2.23
1973-11-02,2.18
1973-11-09,2.15
1973-11-16,2.13
1973-11-23,2.11
1973-11-30,2.09
1973-12-07,2.05
1973-12-14,1.99
1973-12-21,1.89
1973-12-28,1.76
1974-01-04,1.6
1974-01-11,1.42
1974-01-18,1.22
1974-01-25,1.03
1974-02-01,0.85
1974-02-08,0.69
1974-02-15,0.56
1974-02-22,0.48
1974-03-01,0.44
1974-03-08,0.46
1974-03-15,0.52
1974-03-22,0.64
1974-03-29,0.81
1974-04-05,1.03
1974-04-12,1.28
1974-04-19,1.58
1974-04-26,1.9
1974-05-03,2.24
1974-05-10,2.59
1974-05-17,2.96
1974-05-24,3.33
1974-05-31,3.69
1974-06-07,4.03
1974-06-14,4.34
1974-06-21,4.62
1974-06-28,4.86
1974-07-05,5.04
1974-07-12,5.15
1974-07-19,5.2
1974-07-26,5.2
1974-08-02,5.14
1974-08-09,5.04
1974-08-16,4.92
1974-08-23,4.78
1974-08-30,4.63
1974-09-06,4.48
1974-09-13,4.32
1974-09-20,4.16
1974-09-27,3.99
1974-10-04,3.82
1974-10-11,3.64
1974-10-18,3.46
1974-10-25,3.29
1974-11-01,3.13
1974-11-08,3.0
1974-11-15,2.89
1974-11-22,2.8
1974-11-29,2.73
1974-12-06,2.67
1974-12-13,2.61
1974-12-20,2.54
1974-12-27,2.45
1975-01-03,2.34
1975-01-10,2.21
1975-01-17,2.06
1975-01-24,1.9
1975-01-31,1.74
1975-02-07,1.57
1975-02-14,1.42
1975-02-21,1.27
1975-02-28,1.13
1975-03-07,1.01
1975-03-14,0.89
1975-03-21,0.78
1975-03-28,0.68
1975-04-04,0.58
1975-04-11,0.48
1975-04-18,0.39
1975-04-25,0.3
1975-05-02,0.21
1975-05-09,0.12
1975-05-16,0.04
1975-05-23,-0.02
1975-05-30,-0.08
1975-06-06,-0.12
1975-06-13,-0.15
1975-06-20,-0.16
1975-06-27,-0.17
1975-07-04,-0.17
1975-07-11,-0.17
1975-07-18,-0.16
1975-07-25,-0.16
1975-08-01,-0.15
1975-08-08,-0.13
1975-08-15,-0.12
1975-08-22,-0.1
1975-08-29,-0.07
1975-09-05,-0.04
1975-09-12,-0.01
1975-09-19,0.03
1975-09-26,0.06
1975-10-03,0.09
1975-10-10,0.12
1975-10-17,0.14
1975-10-24,0.15
1975-10-31,0.15
1975-11-07,0.15
1975-11-14,0.13
1975-11-21,0.1
1975-11-28,0.06
1975-12-05,0.01
1975-12-12,-0.05
1975-12-19,-0.11
1975-12-26,-0.19
1976-01-02,-0.26
1976-01-09,-0.34
1976-01-16,-0.41
1976-01-23,-0.47
1976-01-30,-0.53
1976-02-06,-0.59
1976-02-13,-0.63
1976-02-20,-0.67
1976-02-27,-0.7
1976-03-05,-0.72
1976-03-12,-0.73
1976-03-19,-0.74
1976-03-26,-0.74
1976-04-02,-0.74
1976-04-09,-0.72
1976-04-16,-0.7
1976-04-23,-0.67
1976-04-30,-0.63
1976-05-07,-0.59
1976-05-14,-0.55
1976-05-21,-0.51
1976-05-28,-0.49
1976-06-04,-0.47
1976-06-11,-0.46
1976-06-18,-0.46
1976-06-25,-0.48
1976-07-02,-0.5
1976-07-09,-0.53
1976-07-16,-0.56
1976-07-23,-0.59
1976-07-30,-0.62
1976-08-06,-0.65
1976-08-13,-0.68
1976-08-20,-0.69
1976-08-27,-0.71
1976-09-03,-0.72
1976-09-10,-0.72
1976-09-17,-0.73
1976-09-24,-0.72
1976-10-01,-0.72
1976-10-08,-0.71
1976-10-15,-0.71
1976-10-22,-0.7
1976-10-29,-0.69
1976-11-05,-0.68
1976-11-12,-0.67
1976-11-19,-0.67
1976-11-26,-0.67
1976-12-03,-0.67
1976-12-10,-0.68
1976-12-17,-0.7
1976-12-24,-0.73
1976-12-31,-0.76
1977-01-07,-0.8
1977-01-14,-0.83
1977-01-21,-0.87
1977-01-28,-0.9
1977-02-04,-0.93
1977-02-11,-0.94
1977-02-18,-0.95
1977-02-25,-0.95
1977-03-04,-0.93
1977-03-11,-0.91
1977-03-18,-0.89
1977-03-25,-0.85
1977-04-01,-0.82
1977-04-08,-0.78
1977-04-15,-0.74
1977-04-22,-0.69
1977-04-29,-0.65
1977-05-06,-0.61
1977-05-13,-0.58
1977-05-20,-0.55
1977-05-27,-0.52
1977-06-03,-0.51
1977-06-10,-0.49
1977-06-17,-0.49
1977-06-24,-0.49
1977-07-01,-0.49
1977-07-08,-0.5
1977-07-15,-0.51
1977-07-22,-0.51
1977-07-29,-0.51
1977-08-05,-0.51
1977-08-12,-0.51
1977-08-19,-0.5
1977-08-26,-0.49
1977-09-02,-0.47
1977-09-09,-0.45
1977-09-16,-0.43
1977-09-23,-0.4
1977-09-30,-0.38
1977-10-07,-0.35
1977-10-14,-0.32
1977-10-21,-0.29
1977-10-28,-0.27
1977-11-04,-0.25
1977-11-11,-0.23
1977-11-18,-0.22
1977-11-25,-0.22
1977-12-02,-0.22
1977-12-09,-0.22
1977-12-16,-0.23
1977-12-23,-0.24
1977-12-30,-0.26
1978-01-06,-0.27
1978-01-13,-0.29
1978-01-20,-0.29
1978-01-27,-0.3
1978-02-03,-0.29
1978-02-10,-0.27
1978-02-17,-0.25
1978-02-24,-0.22
1978-03-03,-0.18
1978-03-10,-0.13
1978-03-17,-0.07
1978-03-24,-0.02
1978-03-31,0.04
1978-04-07,0.1
1978-04-14,0.17
1978-04-21,0.23
1978-04-28,0.29
1978-05-05,0.36
1978-05-12,0.42
1978-05-19,0.47
1978-05-26,0.52
1978-06-02,0.57
1978-06-09,0.61
1978-06-16,0.63
1978-06-23,0.65
1978-06-30,0.65
1978-07-07,0.64
1978-07-14,0.63
1978-07-21,0.6
1978-07-28,0.57
1978-08-04,0.53
1978-08-11,0.5
1978-08-18,0.48
1978-08-25,0.48
1978-09-01,0.5
1978-09-08,0.55
1978-09-15,0.63
1978-09-22,0.74
1978-09-29,0.89
1978-10-06,1.05
1978-10-13,1.23
1978-10-20,1.42
1978-10-27,1.6
1978-11-03,1.75
1978-11-10,1.88
1978-11-17,1.97
1978-11-24,2.02
1978-12-01,2.03
1978-12-08,2.0
1978-12-15,1.94
1978-12-22,1.84
1978-12-29,1.72
1979-01-05,1.58
1979-01-12,1.44
1979-01-19,1.28
1979-01-26,1.13
1979-02-02,0.98
1979-02-09,0.85
1979-02-16,0.72
1979-02-23,0.6
1979-03-02,0.51
1979-03-09,0.42
1979-03-16,0.35
1979-03-23,0.3
1979-03-30,0.27
1979-04-06,0.24
1979-04-13,0.24
1979-04-20,0.25
1979-04-27,0.27
1979-05-04,0.3
1979-05-11,0.34
1979-05-18,0.39
1979-05-25,0.45
1979-06-01,0.52
1979-06-08,0.6
1979-06-15,0.68
1979-06-22,0.76
1979-06-29,0.84
1979-07-06,0.92
1979-07-13,1.0
1979-07-20,1.08
1979-07-27,1.17
1979-08-03,1.26
1979-08-10,1.36
1979-08-17,1.46
1979-08-24,1.58
1979-08-31,1.7
1979-09-07,1.82
1979-09-14,1.95
1979-09-21,2.07
1979-09-28,2.19
1979-10-05,2.29
1979-10-12,2.39
1979-10-19,2.46
1979-10-26,2.5
1979-11-02,2.52
1979-11-09,2.5
1979-11-16,2.46
1979-11-23,2.39
1979-11-30,2.3
1979-12-07,2.2
1979-12-14,2.09
1979-12-21,1.98
1979-12-28,1.88
1980-01-04,1.81
1980-01-11,1.76
1980-01-18,1.75
1980-01-25,1.78
1980-02-01,1.87
1980-02-08,2.0
1980-02-15,2.19
1980-02-22,2.42
1980-02-29,2.68
1980-03-07,2.97
1980-03-14,3.26
1980-03-21,3.52
1980-03-28,3.74
1980-04-04,3.9
1980-04-11,3.99
1980-04-18,4.0
1980-04-25,3.93
1980-05-02,3.78
1980-05-09,3.57
1980-05-16,3.31
1980-05-23,3.02
1980-05-30,2.71
1980-06-06,2.39
1980-06-13,2.08
1980-06-20,1.78
1980-06-27,1.51
1980-07-04,1.27
1980-07-11,1.08
1980-07-18,0.93
1980-07-25,0.83
1980-08-01,0.77
1980-08-08,0.76
1980-08-15,0.78
1980-08-22,0.82
1980-08-29,0.88
1980-09-05,0.95
1980-09-12,1.03
1980-09-19,1.12
1980-09-26,1.22
1980-10-03,1.33
1980-10-10,1.46
1980-10-17,1.61
1980-10-24,1.79
1980-10-31,1.99
1980-11-07,2.21
1980-11-14,2.43
1980-11-21,2.66
1980-11-28,2.88
1980-12-05,3.06
1980-12-12,3.2
1980-12-19,3.29
1980-12-26,3.32
1981-01-02,3.29
1981-01-09,3.2
1981-01-16,3.06
1981-01-23,2.89
1981-01-30,2.7
1981-02-06,2.5
1981-02-13,2.3
1981-02-20,2.13
1981-02-27,1.97
1981-03-06,1.84
1981-03-13,1.75
1981-03-20,1.69
1981-03-27,1.67
1981-04-03,1.68
1981-04-10,1.73
1981-04-17,1.82
1981-04-24,1.93
1981-05-01,2.06
1981-05-08,2.2
1981-05-15,2.36
1981-05-22,2.53
1981-05-29,2.7
1981-06-05,2.87
1981-06-12,3.04
1981-06-19,3.18
1981-06-26,3.31
1981-07-03,3.41
1981-07-10,3.48
1981-07-17,3.53
1981-07-24,3.53
1981-07-31,3.52
1981-08-07,3.47
1981-08-14,3.41
1981-08-21,3.34
1981-08-28,3.26
1981-09-04,3.18
1981-09-11,3.11
1981-09-18,3.05
1981-09-25,2.98
1981-10-02,2.93
1981-10-09,2.87
1981-10-16,2.82
1981-10-23,2.77
1981-10-30,2.71
1981-11-06,2.64
1981-11-13,2.56
1981-11-20,2.48
1981-11-27,2.39
1981-12-04,2.3
1981-12-11,2.22
1981-12-18,2.14
1981-12-25,2.07
1982-01-01,2.01
1982-01-08,1.96
1982-01-15,1.93
1982-01-22,1.91
1982-01-29,1.91
1982-02-05,1.92
1982-02-12,1.94
1982-02-19,1.97
1982-02-26,2.01
1982-03-05,2.04
1982-03-12,2.06
1982-03-19,2.09
1982-03-26,2.11
1982-04-02,2.13
1982-04-09,2.15
1982-04-16,2.18
1982-04-23,2.22
1982-04-30,2.26
1982-05-07,2.33
1982-05-14,2.4
1982-05-21,2.5
1982-05-28,2.59
1982-06-04,2.69
1982-06-11,2.78
1982-06-18,2.86
1982-06-25,2.92
1982-07-02,2.96
1982-07-09,2.98
1982-07-16,3.0
1982-07-23,3.02
1982-07-30,3.05
1982-08-06,3.1
1982-08-13,3.17
1982-08-20,3.26
1982-08-27,3.34
1982-09-03,3.42
1982-09-10,3.46
1982-09-17,3.45
1982-09-24,3.38
1982-10-01,3.24
1982-10-08,3.03
1982-10-15,2.76
1982-10-22,2.46
1982-10-29,2.15
1982-11-05,1.85
1982-11-12,1.58
1982-11-19,1.34
1982-11-26,1.13
1982-12-03,0.96
1982-12-10,0.83
1982-12-17,0.72
1982-12-24,0.62
1982-12-31,0.53
1983-01-07,0.45
1983-01-14,0.38
1983-01-21,0.3
1983-01-28,0.24
1983-02-04,0.18
1983-02-11,0.13
1983-02-18,0.09
1983-02-25,0.07
1983-03-04,0.04
1983-03-11,0.03
1983-03-18,0.02
1983-03-25,0.01
1983-04-01,0.0
1983-04-08,-0.02
1983-04-15,-0.04
1983-04-22,-0.07
1983-04-29,-0.1
1983-05-06,-0.13
1983-05-13,-0.16
1983-05-20,-0.18
1983-05-27,-0.19
1983-06-03,-0.2
1983-06-10,-0.2
1983-06-17,-0.19
1983-06-24,-0.18
1983-07-01,-0.16
1983-07-08,-0.14
1983-07-15,-0.12
1983-07-22,-0.1
1983-07-29,-0.09
1983-08-05,-0.08
1983-08-12,-0.08
1983-08-19,-0.08
1983-08-26,-0.09
1983-09-02,-0.09
1983-09-09,-0.1
1983-09-16,-0.1
1983-09-23,-0.09
1983-09-30,-0.08
1983-10-07,-0.07
1983-10-14,-0.05
1983-10-21,-0.02
1983-10-28,0.01
1983-11-04,0.03
1983-11-11,0.06
1983-11-18,0.08
1983-11-25,0.1
1983-12-02,0.11
1983-12-09,0.11
1983-12-16,0.1
1983-12-23,0.08
1983-12-30,0.06
1984-01-06,0.02
1984-01-13,-0.02
1984-01-20,-0.06
1984-01-27,-0.1
1984-02-03,-0.14
1984-02-10,-0.17
1984-02-17,-0.19
1984-02-24,-0.2
1984-03-02,-0.19
1984-03-09,-0.18
1984-03-16,-0.15
1984-03-23,-0.1
1984-03-30,-0.03
1984-04-06,0.05
1984-04-13,0.15
1984-04-20,0.26
1984-04-27,0.38
1984-05-04,0.5
1984-05-11,0.64
1984-05-18,0.76
1984-05-25,0.88
1984-06-01,0.99
1984-06-08,1.08
1984-06-15,1.15
1984-06-22,1.19
1984-06-29,1.21
1984-07-06,1.2
1984-07-13,1.15
1984-07-20,1.09
1984-07-27,1.01
1984-08-03,0.92
1984-08-10,0.82
1984-08-17,0.73
1984-08-24,0.65
1984-08-31,0.57
1984-09-07,0.5
1984-09-14,0.44
1984-09-21,0.38
1984-09-28,0.32
1984-10-05,0.26
1984-10-12,0.21
1984-10-19,0.15
1984-10-26,0.1
1984-11-02,0.05
1984-11-09,0.01
1984-11-16,-0.04
1984-11-23,-0.08
1984-11-30,-0.12
1984-12-07,-0.16
1984-12-14,-0.2
1984-12-21,-0.24
1984-12-28,-0.28
1985-01-04,-0.32
1985-01-11,-0.35
1985-01-18,-0.38
1985-01-25,-0.39
1985-02-01,-0.39
1985-02-08,-0.39
1985-02-15,-0.37
1985-02-22,-0.35
1985-03-01,-0.33
1985-03-08,-0.31
1985-03-15,-0.29
1985-03-22,-0.28
1985-03-29,-0.27
1985-04-05,-0.28
1985-04-12,-0.29
1985-04-19,-0.31
1985-04-26,-0.34
1985-05-03,-0.37
1985-05-10,-0.4
1985-05-17,-0.43
1985-05-24,-0.45
1985-05-31,-0.46
1985-06-07,-0.47
1985-06-14,-0.47
1985-06-21,-0.46
1985-06-28,-0.44
1985-07-05,-0.42
1985-07-12,-0.39
1985-07-19,-0.36
1985-07-26,-0.32
1985-08-02,-0.28
1985-08-09,-0.24
1985-08-16,-0.21
1985-08-23,-0.18
1985-08-30,-0.15
1985-09-06,-0.13
1985-09-13,-0.13
1985-09-20,-0.13
1985-09-27,-0.15
1985-10-04,-0.17
1985-10-11,-0.21
1985-10-18,-0.24
1985-10-25,-0.27
1985-11-01,-0.3
1985-11-08,-0.33
1985-11-15,-0.34
1985-11-22,-0.34
1985-11-29,-0.34
1985-12-06,-0.32
1985-12-13,-0.31
1985-12-20,-0.29
1985-12-27,-0.27
1986-01-03,-0.26
1986-01-10,-0.25
1986-01-17,-0.25
1986-01-24,-0.26
1986-01-31,-0.27
1986-02-07,-0.28
1986-02-14,-0.29
1986-02-21,-0.3
1986-02-28,-0.31
1986-03-07,-0.31
1986-03-14,-0.32
1986-03-21,-0.33
1986-03-28,-0.34
1986-04-04,-0.36
1986-04-11,-0.38
1986-04-18,-0.4
1986-04-25,-0.43
1986-05-02,-0.45
1986-05-09,-0.47
1986-05-16,-0.48
1986-05-23,-0.48
1986-05-30,-0.48
1986-06-06,-0.48
1986-06-13,-0.47
1986-06-20,-0.46
1986-06-27,-0.45
1986-07-04,-0.45
1986-07-11,-0.46
1986-07-18,-0.48
1986-07-25,-0.5
1986-08-01,-0.53
1986-08-08,-0.55
1986-08-15,-0.57
1986-08-22,-0.59
1986-08-29,-0.59
1986-09-05,-0.59
1986-09-12,-0.58
1986-09-19,-0.57
1986-09-26,-0.56
1986-10-03,-0.55
1986-10-10,-0.54
1986-10-17,-0.54
1986-10-24,-0.54
1986-10-31,-0.55
1986-11-07,-0.55
1986-11-14,-0.56
1986-11-21,-0.56
1986-11-28,-0.56
1986-12-05,-0.55
1986-12-12,-0.54
1986-12-19,-0.53
1986-12-26,-0.52
1987-01-02,-0.51
1987-01-09,-0.5
1987-01-16,-0.5
1987-01-23,-0.49
1987-01-30,-0.49
1987-02-06,-0.49
1987-02-13,-0.48
1987-02-20,-0.47
1987-02-27,-0.44
1987-03-06,-0.4
1987-03-13,-0.35
1987-03-20,-0.27
1987-03-27,-0.18
1987-04-03,-0.07
1987-04-10,0.05
1987-04-17,0.18
1987-04-24,0.31
1987-05-01,0.42
1987-05-08,0.51
1987-05-15,0.57
1987-05-22,0.61
1987-05-29,0.62
1987-06-05,0.6
1987-06-12,0.56
1987-06-19,0.5
1987-06-26,0.42
1987-07-03,0.34
1987-07-10,0.26
1987-07-17,0.18
1987-07-24,0.11
1987-07-31,0.05
1987-08-07,0.01
1987-08-14,-0.02
1987-08-21,-0.01
1987-08-28,0.04
1987-09-04,0.11
1987-09-11,0.22
1987-09-18,0.35
1987-09-25,0.49
1987-10-02,0.64
1987-10-09,0.79
1987-10-16,0.92
1987-10-23,1.02
1987-10-30,1.1
1987-11-06,1.14
1987-11-13,1.15
1987-11-20,1.14
1987-11-27,1.11
1987-12-04,1.06
1987-12-11,0.99
1987-12-18,0.92
1987-12-25,0.83
1988-01-01,0.74
1988-01-08,0.64
1988-01-15,0.54
1988-01-22,0.45
1988-01-29,0.36
1988-02-05,0.28
1988-02-12,0.22
1988-02-19,0.17
1988-02-26,0.13
1988-03-04,0.11
1988-03-11,0.11
1988-03-18,0.12
1988-03-25,0.13
1988-04-01,0.16
1988-04-08,0.18
1988-04-15,0.21
1988-04-22,0.23
1988-04-29,0.25
1988-05-06,0.25
1988-05-13,0.26
1988-05-20,0.26
1988-05-27,0.26
1988-06-03,0.26
1988-06-10,0.27
1988-06-17,0.28
1988-06-24,0.3
1988-07-01,0.33
1988-07-08,0.36
1988-07-15,0.39
1988-07-22,0.41
1988-07-29,0.43
1988-08-05,0.44
1988-08-12,0.43
1988-08-19,0.42
1988-08-26,0.4
1988-09-02,0.37
1988-09-09,0.34
1988-09-16,0.31
1988-09-23,0.28
1988-09-30,0.25
1988-10-07,0.23
1988-10-14,0.21
1988-10-21,0.2
1988-10-28,0.19
1988-11-04,0.17
1988-11-11,0.17
1988-11-18,0.16
1988-11-25,0.15
1988-12-02,0.15
1988-12-09,0.15
1988-12-16,0.14
1988-12-23,0.14
1988-12-30,0.14
1989-01-06,0.14
1989-01-13,0.15
1989-01-20,0.16
1989-01-27,0.19
1989-02-03,0.22
1989-02-10,0.27
1989-02-17,0.34
1989-02-24,0.41
1989-03-03,0.49
1989-03-10,0.56
1989-03-17,0.63
1989-03-24,0.68
1989-03-31,0.72
1989-04-07,0.73
1989-04-14,0.71
1989-04-21,0.67
1989-04-28,0.62
1989-05-05,0.55
1989-05-12,0.48
1989-05-19,0.42
1989-05-26,0.36
1989-06-02,0.32
1989-06-09,0.29
1989-06-16,0.27
1989-06-23,0.26
1989-06-30,0.25
1989-07-07,0.24
1989-07-14,0.23
1989-07-21,0.22
1989-07-28,0.21
1989-08-04,0.2
1989-08-11,0.2
1989-08-18,0.21
1989-08-25,0.24
1989-09-01,0.27
1989-09-08,0.3
1989-09-15,0.33
1989-09-22,0.36
1989-09-29,0.38
1989-10-06,0.38
1989-10-13,0.37
1989-10-20,0.34
1989-10-27,0.3
1989-11-03,0.25
1989-11-10,0.2
1989-11-17,0.15
1989-11-24,0.1
1989-12-01,0.06
1989-12-08,0.04
1989-12-15,0.02
1989-12-22,0.02
1989-12-29,0.02
1990-01-05,0.03
1990-01-12,0.05
1990-01-19,0.06
1990-01-26,0.06
1990-02-02,0.06
1990-02-09,0.06
1990-02-16,0.06
1990-02-23,0.05
1990-03-02,0.05
1990-03-09,0.04
1990-03-16,0.05
1990-03-23,0.06
1990-03-30,0.08
1990-04-06,0.09
1990-04-13,0.1
1990-04-20,0.11
1990-04-27,0.11
1990-05-04,0.09
1990-05-11,0.07
1990-05-18,0.03
1990-05-25,-0.01
1990-06-01,-0.05
1990-06-08,-0.09
1990-06-15,-0.12
1990-06-22,-0.15
1990-06-29,-0.16
1990-07-06,-0.15
1990-07-13,-0.14
1990-07-20,-0.11
1990-07-27,-0.07
1990-08-03,-0.03
1990-08-10,0.02
1990-08-17,0.07
1990-08-24,0.13
1990-08-31,0.18
1990-09-07,0.23
1990-09-14,0.29
1990-09-21,0.33
1990-09-28,0.38
1990-10-05,0.41
1990-10-12,0.43
1990-10-19,0.45
1990-10-26,0.45
1990-11-02,0.45
1990-11-09,0.45
1990-11-16,0.45
1990-11-23,0.46
1990-11-30,0.47
1990-12-07,0.48
1990-12-14,0.5
1990-12-21,0.51
1990-12-28,0.52
1991-01-04,0.51
1991-01-11,0.49
1991-01-18,0.45
1991-01-25,0.39
1991-02-01,0.32
1991-02-08,0.25
1991-02-15,0.17
1991-02-22,0.1
1991-03-01,0.04
1991-03-08,-0.02
1991-03-15,-0.07
1991-03-22,-0.11
1991-03-29,-0.15
1991-04-05,-0.18
1991-04-12,-0.2
1991-04-19,-0.22
1991-04-26,-0.24
1991-05-03,-0.24
1991-05-10,-0.25
1991-05-17,-0.25
1991-05-24,-0.24
1991-05-31,-0.24
1991-06-07,-0.24
1991-06-14,-0.24
1991-06-21,-0.25
1991-06-28,-0.27
1991-07-05,-0.3
1991-07-12,-0.34
1991-07-19,-0.38
1991-07-26,-0.42
1991-08-02,-0.45
1991-08-09,-0.49
1991-08-16,-0.51
1991-08-23,-0.53
1991-08-30,-0.54
1991-09-06,-0.55
1991-09-13,-0.56
1991-09-20,-0.56
1991-09-27,-0.56
1991-10-04,-0.56
1991-10-11,-0.57
1991-10-18,-0.58
1991-10-25,-0.58
1991-11-01,-0.59
1991-11-08,-0.6
1991-11-15,-0.61
1991-11-22,-0.62
1991-11-29,-0.63
1991-12-06,-0.64
1991-12-13,-0.65
1991-12-20,-0.66
1991-12-27,-0.67
1992-01-03,-0.67
1992-01-10,-0.67
1992-01-17,-0.66
1992-01-24,-0.66
1992-01-31,-0.66
1992-02-07,-0.66
1992-02-14,-0.66
1992-02-21,-0.66
1992-02-28,-0.66
1992-03-06,-0.66
1992-03-13,-0.66
1992-03-20,-0.67
1992-03-27,-0.68
1992-04-03,-0.7
1992-04-10,-0.72
1992-04-17,-0.74
1992-04-24,-0.76
1992-05-01,-0.78
1992-05-08,-0.81
1992-05-15,-0.83
1992-05-22,-0.84
1992-05-29,-0.86
1992-06-05,-0.88
1992-06-12,-0.89
1992-06-19,-0.9
1992-06-26,-0.92
1992-07-03,-0.93
1992-07-10,-0.93
1992-07-17,-0.94
1992-07-24,-0.94
1992-07-31,-0.94
1992-08-07,-0.93
1992-08-14,-0.93
1992-08-21,-0.91
1992-08-28,-0.9
1992-09-04,-0.88
1992-09-11,-0.86
1992-09-18,-0.83
1992-09-25,-0.8
1992-10-02,-0.77
1992-10-09,-0.74
1992-10-16,-0.72
1992-10-23,-0.69
1992-10-30,-0.68
1992-11-06,-0.68
1992-11-13,-0.69
1992-11-20,-0.71
1992-11-27,-0.74
1992-12-04,-0.77
1992-12-11,-0.81
1992-12-18,-0.85
1992-12-25,-0.88
1993-01-01,-0.91
1993-01-08,-0.93
1993-01-15,-0.95
1993-01-22,-0.96
1993-01-29,-0.96
1993-02-05,-0.96
1993-02-12,-0.96
1993-02-19,-0.96
1993-02-26,-0.96
1993-03-05,-0.96
1993-03-12,-0.96
1993-03-19,-0.97
1993-03-26,-0.98
1993-04-02,-0.98
1993-04-09,-0.99
1993-04-16,-0.99
1993-04-23,-1.0
1993-04-30,-1.0
1993-05-07,-0.99
1993-05-14,-0.99
1993-05-21,-0.98
1993-05-28,-0.98
1993-06-04,-0.99
1993-06-11,-0.99
1993-06-18,-1.01
1993-06-25,-1.02
1993-07-02,-1.04
1993-07-09,-1.06
1993-07-16,-1.07
1993-07-23,-1.08
1993-07-30,-1.09
1993-08-06,-1.1
1993-08-13,-1.1
1993-08-20,-1.1
1993-08-27,-1.09
1993-09-03,-1.08
1993-09-10,-1.08
1993-09-17,-1.06
1993-09-24,-1.05
1993-10-01,-1.04
1993-10-08,-1.02
1993-10-15,-1.0
1993-10-22,-0.98
1993-10-29,-0.97
1993-11-05,-0.95
1993-11-12,-0.94
1993-11-19,-0.94
1993-11-26,-0.94
1993-12-03,-0.95
1993-12-10,-0.96
1993-12-17,-0.98
1993-12-24,-0.99
1993-12-31,-1.01
1994-01-07,-1.02
1994-01-14,-1.02
1994-01-21,-1.02
1994-01-28,-1.01
1994-02-04,-1.0
1994-02-11,-0.98
1994-02-18,-0.95
1994-02-25,-0.92
1994-03-04,-0.89
1994-03-11,-0.85
1994-03-18,-0.82
1994-03-25,-0.79
1994-04-01,-0.77
1994-04-08,-0.75
1994-04-15,-0.73
1994-04-22,-0.73
1994-04-29,-0.72
1994-05-06,-0.72
1994-05-13,-0.72
1994-05-20,-0.72
1994-05-27,-0.72
1994-06-03,-0.72
1994-06-10,-0.72
1994-06-17,-0.72
1994-06-24,-0.72
1994-07-01,-0.72
1994-07-08,-0.73
1994-07-15,-0.74
1994-07-22,-0.75
1994-07-29,-0.77
1994-08-05,-0.79
1994-08-12,-0.8
1994-08-19,-0.81
1994-08-26,-0.81
1994-09-02,-0.8
1994-09-09,-0.78
1994-09-16,-0.75
1994-09-23,-0.72
1994-09-30,-0.69
1994-10-07,-0.67
1994-10-14,-0.64
1994-10-21,-0.62
1994-10-28,-0.6
1994-11-04,-0.58
1994-11-11,-0.56
1994-11-18,-0.53
1994-11-25,-0.5
1994-12-02,-0.47
1994-12-09,-0.44
1994-12-16,-0.42
1994-12-23,-0.41
1994-12-30,-0.41
1995-01-06,-0.42
1995-01-13,-0.44
1995-01-20,-0.47
1995-01-27,-0.51
1995-02-03,-0.54
1995-02-10,-0.58
1995-02-17,-0.6
1995-02-24,-0.62
1995-03-03,-0.63
1995-03-10,-0.64
1995-03-17,-0.64
1995-03-24,-0.64
1995-03-31,-0.64
1995-04-07,-0.64
1995-04-14,-0.65
1995-04-21,-0.66
1995-04-28,-0.67
1995-05-05,-0.69
1995-05-12,-0.7
1995-05-19,-0.71
1995-05-26,-0.71
1995-06-02,-0.71
1995-06-09,-0.7
1995-06-16,-0.69
1995-06-23,-0.68
1995-06-30,-0.67
1995-07-07,-0.67
1995-07-14,-0.67
1995-07-21,-0.67
1995-07-28,-0.68
1995-08-04,-0.69
1995-08-11,-0.7
1995-08-18,-0.71
1995-08-25,-0.71
1995-09-01,-0.72
1995-09-08,-0.71
1995-09-15,-0.71
1995-09-22,-0.7
1995-09-29,-0.7
1995-10-06,-0.7
1995-10-13,-0.7
1995-10-20,-0.71
1995-10-27,-0.72
1995-11-03,-0.73
1995-11-10,-0.74
1995-11-17,-0.75
1995-11-24,-0.75
1995-12-01,-0.76
1995-12-08,-0.75
1995-12-15,-0.75
1995-12-22,-0.75
1995-12-29,-0.75
1996-01-05,-0.75
1996-01-12,-0.76
1996-01-19,-0.78
1996-01-26,-0.79
1996-02-02,-0.81
1996-02-09,-0.82
1996-02-16,-0.83
1996-02-23,-0.82
1996-03-01,-0.81
1996-03-08,-0.79
1996-03-15,-0.77
1996-03-22,-0.74
1996-03-29,-0.72
1996-04-05,-0.7
1996-04-12,-0.69
1996-04-19,-0.69
1996-04-26,-0.69
1996-05-03,-0.69
1996-05-10,-0.7
1996-05-17,-0.71
1996-05-24,-0.72
1996-05-31,-0.72
1996-06-07,-0.72
1996-06-14,-0.71
1996-06-21,-0.71
1996-06-28,-0.7
1996-07-05,-0.7
1996-07-12,-0.7
1996-07-19,-0.71
1996-07-26,-0.71
1996-08-02,-0.72
1996-08-09,-0.73
1996-08-16,-0.74
1996-08-23,-0.75
1996-08-30,-0.75
1996-09-06,-0.74
1996-09-13,-0.74
1996-09-20,-0.73
1996-09-27,-0.73
1996-10-04,-0.74
1996-10-11,-0.74
1996-10-18,-0.75
1996-10-25,-0.77
1996-11-01,-0.78
1996-11-08,-0.79
1996-11-15,-0.79
1996-11-22,-0.78
1996-11-29,-0.77
1996-12-06,-0.76
1996-12-13,-0.74
1996-12-20,-0.72
1996-12-27,-0.71
1997-01-03,-0.7
1997-01-10,-0.69
1997-01-17,-0.7
1997-01-24,-0.7
1997-01-31,-0.71
1997-02-07,-0.72
1997-02-14,-0.73
1997-02-21,-0.74
1997-02-28,-0.74
1997-03-07,-0.73
1997-03-14,-0.72
1997-03-21,-0.71
1997-03-28,-0.69
1997-04-04,-0.68
1997-04-11,-0.66
1997-04-18,-0.65
1997-04-25,-0.64
1997-05-02,-0.63
1997-05-09,-0.63
1997-05-16,-0.63
1997-05-23,-0.63
1997-05-30,-0.63
1997-06-06,-0.63
1997-06-13,-0.63
1997-06-20,-0.64
1997-06-27,-0.64
1997-07-04,-0.65
1997-07-11,-0.65
1997-07-18,-0.66
1997-07-25,-0.66
1997-08-01,-0.66
1997-08-08,-0.66
1997-08-15,-0.66
1997-08-22,-0.65
1997-08-29,-0.65
1997-09-05,-0.64
1997-09-12,-0.64
1997-09-19,-0.63
1997-09-26,-0.61
1997-10-03,-0.6
1997-10-10,-0.58
1997-10-17,-0.56
1997-10-24,-0.53
1997-10-31,-0.51
1997-11-07,-0.49
1997-11-14,-0.48
1997-11-21,-0.47
1997-11-28,-0.47
1997-12-05,-0.48
1997-12-12,-0.49
1997-12-19,-0.5
1997-12-26,-0.51
1998-01-02,-0.53
1998-01-09,-0.55
1998-01-16,-0.57
1998-01-23,-0.58
1998-01-30,-0.6
1998-02-06,-0.61
1998-02-13,-0.63
1998-02-20,-0.63
1998-02-27,-0.64
1998-03-06,-0.64
1998-03-13,-0.64
1998-03-20,-0.63
1998-03-27,-0.63
1998-04-03,-0.62
1998-04-10,-0.62
1998-04-17,-0.61
1998-04-24,-0.6
1998-05-01,-0.6
1998-05-08,-0.59
1998-05-15,-0.59
1998-05-22,-0.58
1998-05-29,-0.57
1998-06-05,-0.57
1998-06-12,-0.56
1998-06-19,-0.56
1998-06-26,-0.56
1998-07-03,-0.56
1998-07-10,-0.55
1998-07-17,-0.55
1998-07-24,-0.53
1998-07-31,-0.51
1998-08-07,-0.48
1998-08-14,-0.43
1998-08-21,-0.38
1998-08-28,-0.32
1998-09-04,-0.25
1998-09-11,-0.19
1998-09-18,-0.12
1998-09-25,-0.07
1998-10-02,-0.03
1998-10-09,0.0
1998-10-16,0.02
1998-10-23,0.01
1998-10-30,-0.01
1998-11-06,-0.03
1998-11-13,-0.06
1998-11-20,-0.09
1998-11-27,-0.12
1998-12-04,-0.14
1998-12-11,-0.16
1998-12-18,-0.17
1998-12-25,-0.19
1999-01-01,-0.21
1999-01-08,-0.22
1999-01-15,-0.24
1999-01-22,-0.26
1999-01-29,-0.27
1999-02-05,-0.29
1999-02-12,-0.31
1999-02-19,-0.34
1999-02-26,-0.35
1999-03-05,-0.37
1999-03-12,-0.39
1999-03-19,-0.4
1999-03-26,-0.4
1999-04-02,-0.41
1999-04-09,-0.42
1999-04-16,-0.42
1999-04-23,-0.42
1999-04-30,-0.43
1999-05-07,-0.43
1999-05-14,-0.42
1999-05-21,-0.41
1999-05-28,-0.4
1999-06-04,-0.39
1999-06-11,-0.37
1999-06-18,-0.35
1999-06-25,-0.33
1999-07-02,-0.31
1999-07-09,-0.29
1999-07-16,-0.26
1999-07-23,-0.24
1999-07-30,-0.21
1999-08-06,-0.19
1999-08-13,-0.17
1999-08-20,-0.16
1999-08-27,-0.15
1999-09-03,-0.14
1999-09-10,-0.13
1999-09-17,-0.11
1999-09-24,-0.1
1999-10-01,-0.09
1999-10-08,-0.08
1999-10-15,-0.09
1999-10-22,-0.1
1999-10-29,-0.11
1999-11-05,-0.13
1999-11-12,-0.15
1999-11-19,-0.16
1999-11-26,-0.17
1999-12-03,-0.17
1999-12-10,-0.17
1999-12-17,-0.17
1999-12-24,-0.17
1999-12-31,-0.17
2000-01-07,-0.18
2000-01-14,-0.19
2000-01-21,-0.2
2000-01-28,-0.21
2000-02-04,-0.21
2000-02-11,-0.21
2000-02-18,-0.2
2000-02-25,-0.19
2000-03-03,-0.17
2000-03-10,-0.15
2000-03-17,-0.13
2000-03-24,-0.11
2000-03-31,-0.09
2000-04-07,-0.07
2000-04-14,-0.06
2000-04-21,-0.05
2000-04-28,-0.03
2000-05-05,-0.02
2000-05-12,0.0
2000-05-19,0.01
2000-05-26,0.02
2000-06-02,0.03
2000-06-09,0.03
2000-06-16,0.03
2000-06-23,0.02
2000-06-30,0.0
2000-07-07,-0.03
2000-07-14,-0.06
2000-07-21,-0.09
2000-07-28,-0.12
2000-08-04,-0.14
2000-08-11,-0.17
2000-08-18,-0.19
2000-08-25,-0.2
2000-09-01,-0.21
2000-09-08,-0.21
2000-09-15,-0.21
2000-09-22,-0.2
2000-09-29,-0.2
2000-10-06,-0.19
2000-10-13,-0.18
2000-10-20,-0.18
2000-10-27,-0.17
2000-11-03,-0.16
2000-11-10,-0.15
2000-11-17,-0.13
2000-11-24,-0.11
2000-12-01,-0.09
2000-12-08,-0.07
2000-12-15,-0.07
2000-12-22,-0.07
2000-12-29,-0.09
2001-01-05,-0.12
2001-01-12,-0.16
2001-01-19,-0.19
2001-01-26,-0.23
2001-02-02,-0.25
2001-02-09,-0.27
2001-02-16,-0.28
2001-02-23,-0.28
2001-03-02,-0.27
2001-03-09,-0.26
2001-03-16,-0.26
2001-03-23,-0.25
2001-03-30,-0.25
2001-04-06,-0.26
2001-04-13,-0.28
2001-04-20,-0.31
2001-04-27,-0.33
2001-05-04,-0.36
2001-05-11,-0.39
2001-05-18,-0.41
2001-05-25,-0.42
2001-06-01,-0.43
2001-06-08,-0.44
2001-06-15,-0.45
2001-06-22,-0.45
2001-06-29,-0.46
2001-07-06,-0.47
2001-07-13,-0.48
2001-07-20,-0.49
2001-07-27,-0.5
2001-08-03,-0.5
2001-08-10,-0.5
2001-08-17,-0.49
2001-08-24,-0.46
2001-08-31,-0.43
2001-09-07,-0.4
2001-09-14,-0.37
2001-09-21,-0.34
2001-09-28,-0.34
2001-10-05,-0.34
2001-10-12,-0.35
2001-10-19,-0.37
2001-10-26,-0.38
2001-11-02,-0.39
2001-11-09,-0.4
2001-11-16,-0.4
2001-11-23,-0.39
2001-11-30,-0.37
2001-12-07,-0.36
2001-12-14,-0.36
2001-12-21,-0.36
2001-12-28,-0.37
2002-01-04,-0.39
2002-01-11,-0.42
2002-01-18,-0.44
2002-01-25,-0.46
2002-02-01,-0.48
2002-02-08,-0.49
2002-02-15,-0.49
2002-02-22,-0.49
2002-03-01,-0.49
2002-03-08,-0.49
2002-03-15,-0.49
2002-03-22,-0.5
2002-03-29,-0.5
2002-04-05,-0.52
2002-04-12,-0.54
2002-04-19,-0.56
2002-04-26,-0.58
2002-05-03,-0.6
2002-05-10,-0.62
2002-05-17,-0.63
2002-05-24,-0.63
2002-05-31,-0.62
2002-06-07,-0.61
2002-06-14,-0.59
2002-06-21,-0.57
2002-06-28,-0.54
2002-07-05,-0.51
2002-07-12,-0.48
2002-07-19,-0.46
2002-07-26,-0.44
2002-08-02,-0.43
2002-08-09,-0.41
2002-08-16,-0.41
2002-08-23,-0.4
2002-08-30,-0.39
2002-09-06,-0.38
2002-09-13,-0.37
2002-09-20,-0.36
2002-09-27,-0.35
2002-10-04,-0.35
2002-10-11,-0.36
2002-10-18,-0.37
2002-10-25,-0.39
2002-11-01,-0.41
2002-11-08,-0.42
2002-11-15,-0.44
2002-11-22,-0.45
2002-11-29,-0.46
2002-12-06,-0.46
2002-12-13,-0.46
2002-12-20,-0.47
2002-12-27,-0.47
2003-01-03,-0.48
2003-01-10,-0.5
2003-01-17,-0.51
2003-01-24,-0.52
2003-01-31,-0.52
2003-02-07,-0.53
2003-02-14,-0.53
2003-02-21,-0.53
2003-02-28,-0.54
2003-03-07,-0.54
2003-03-14,-0.55
2003-03-21,-0.57
2003-03-28,-0.59
2003-04-04,-0.61
2003-04-11,-0.64
2003-04-18,-0.66
2003-04-25,-0.68
2003-05-02,-0.7
2003-05-09,-0.71
2003-05-16,-0.71
2003-05-23,-0.71
2003-05-30,-0.71
2003-06-06,-0.71
2003-06-13,-0.71
2003-06-20,-0.71
2003-06-27,-0.71
2003-07-04,-0.72
2003-07-11,-0.72
2003-07-18,-0.72
2003-07-25,-0.71
2003-08-01,-0.7
2003-08-08,-0.69
2003-08-15,-0.68
2003-08-22,-0.67
2003-08-29,-0.67
2003-09-05,-0.67
2003-09-12,-0.67
2003-09-19,-0.67
2003-09-26,-0.68
2003-10-03,-0.69
2003-10-10,-0.7
2003-10-17,-0.71
2003-10-24,-0.71
2003-10-31,-0.72
2003-11-07,-0.72
2003-11-14,-0.72
2003-11-21,-0.72
2003-11-28,-0.72
2003-12-05,-0.71
2003-12-12,-0.71
2003-12-19,-0.72
2003-12-26,-0.72
2004-01-02,-0.73
2004-01-09,-0.75
2004-01-16,-0.76
2004-01-23,-0.77
2004-01-30,-0.79
2004-02-06,-0.8
2004-02-13,-0.81
2004-02-20,-0.81
2004-02-27,-0.81
2004-03-05,-0.82
2004-03-12,-0.81
2004-03-19,-0.81
2004-03-26,-0.8
2004-04-02,-0.79
2004-04-09,-0.78
2004-04-16,-0.77
2004-04-23,-0.76
2004-04-30,-0.74
2004-05-07,-0.73
2004-05-14,-0.71
2004-05-21,-0.7
2004-05-28,-0.7
2004-06-04,-0.69
2004-06-11,-0.69
2004-06-18,-0.69
2004-06-25,-0.69
2004-07-02,-0.69
2004-07-09,-0.69
2004-07-16,-0.69
2004-07-23,-0.69
2004-07-30,-0.7
2004-08-06,-0.7
2004-08-13,-0.7
2004-08-20,-0.7
2004-08-27,-0.7
2004-09-03,-0.7
2004-09-10,-0.7
2004-09-17,-0.7
2004-09-24,-0.7
2004-10-01,-0.7
2004-10-08,-0.7
2004-10-15,-0.7
2004-10-22,-0.7
2004-10-29,-0.71
2004-11-05,-0.71
2004-11-12,-0.71
2004-11-19,-0.72
2004-11-26,-0.72
2004-12-03,-0.71
2004-12-10,-0.71
2004-12-17,-0.71
2004-12-24,-0.7
2004-12-31,-0.7
2005-01-07,-0.7
2005-01-14,-0.7
2005-01-21,-0.7
2005-01-28,-0.7
2005-02-04,-0.71
2005-02-11,-0.71
2005-02-18,-0.71
2005-02-25,-0.71
2005-03-04,-0.7
2005-03-11,-0.69
2005-03-18,-0.68
2005-03-25,-0.67
2005-04-01,-0.65
2005-04-08,-0.64
2005-04-15,-0.63
2005-04-22,-0.62
2005-04-29,-0.61
2005-05-06,-0.6
2005-05-13,-0.6
2005-05-20,-0.6
2005-05-27,-0.6
2005-06-03,-0.6
2005-06-10,-0.6
2005-06-17,-0.6
2005-06-24,-0.6
2005-07-01,-0.61
2005-07-08,-0.61
2005-07-15,-0.61
2005-07-22,-0.61
2005-07-29,-0.61
2005-08-05,-0.61
2005-08-12,-0.61
2005-08-19,-0.61
2005-08-26,-0.6
2005-09-02,-0.59
2005-09-09,-0.58
2005-09-16,-0.58
2005-09-23,-0.57
2005-09-30,-0.57
2005-10-07,-0.57
2005-10-14,-0.57
2005-10-21,-0.58
2005-10-28,-0.58
2005-11-04,-0.59
2005-11-11,-0.59
2005-11-18,-0.59
2005-11-25,-0.58
2005-12-02,-0.58
2005-12-09,-0.57
2005-12-16,-0.56
2005-12-23,-0.56
2005-12-30,-0.56
2006-01-06,-0.57
2006-01-13,-0.58
2006-01-20,-0.59
2006-01-27,-0.6
2006-02-03,-0.61
2006-02-10,-0.62
2006-02-17,-0.63
2006-02-24,-0.63
2006-03-03,-0.63
2006-03-10,-0.63
2006-03-17,-0.63
2006-03-24,-0.63
2006-03-31,-0.63
2006-04-07,-0.63
2006-04-14,-0.62
2006-04-21,-0.62
2006-04-28,-0.62
2006-05-05,-0.61
2006-05-12,-0.61
2006-05-19,-0.6
2006-05-26,-0.58
2006-06-02,-0.57
2006-06-09,-0.55
2006-06-16,-0.54
2006-06-23,-0.53
2006-06-30,-0.53
2006-07-07,-0.53
2006-07-14,-0.54
2006-07-21,-0.55
2006-07-28,-0.56
2006-08-04,-0.57
2006-08-11,-0.59
2006-08-18,-0.6
2006-08-25,-0.6
2006-09-01,-0.61
2006-09-08,-0.61
2006-09-15,-0.61
2006-09-22,-0.61
2006-09-29,-0.61
2006-10-06,-0.61
2006-10-13,-0.62
2006-10-20,-0.62
2006-10-27,-0.63
2006-11-03,-0.63
2006-11-10,-0.63
2006-11-17,-0.63
2006-11-24,-0.63
2006-12-01,-0.62
2006-12-08,-0.62
2006-12-15,-0.62
2006-12-22,-0.63
2006-12-29,-0.63
2007-01-05,-0.65
2007-01-12,-0.66
2007-01-19,-0.67
2007-01-26,-0.68
2007-02-02,-0.68
2007-02-09,-0.68
2007-02-16,-0.67
2007-02-23,-0.66
2007-03-02,-0.65
2007-03-09,-0.63
2007-03-16,-0.62
2007-03-23,-0.61
2007-03-30,-0.61
2007-04-06,-0.6
2007-04-13,-0.6
2007-04-20,-0.59
2007-04-27,-0.59
2007-05-04,-0.58
2007-05-11,-0.57
2007-05-18,-0.56
2007-05-25,-0.55
2007-06-01,-0.55
2007-06-08,-0.54
2007-06-15,-0.54
2007-06-22,-0.53
2007-06-29,-0.52
2007-07-06,-0.5
2007-07-13,-0.45
2007-07-20,-0.38
2007-07-27,-0.29
2007-08-03,-0.18
2007-08-10,-0.06
2007-08-17,0.06
2007-08-24,0.15
2007-08-31,0.21
2007-09-07,0.22
2007-09-14,0.2
2007-09-21,0.14
2007-09-28,0.08
2007-10-05,0.02
2007-10-12,-0.02
2007-10-19,-0.03
2007-10-26,0.0
2007-11-02,0.07
2007-11-09,0.16
2007-11-16,0.28
2007-11-23,0.39
2007-11-30,0.48
2007-12-07,0.54
2007-12-14,0.57
2007-12-21,0.56
2007-12-28,0.52
2008-01-04,0.47
2008-01-11,0.43
2008-01-18,0.4
2008-01-25,0.41
2008-02-01,0.44
2008-02-08,0.5
2008-02-15,0.59
2008-02-22,0.69
2008-02-29,0.79
2008-03-07,0.88
2008-03-14,0.94
2008-03-21,0.97
2008-03-28,0.95
2008-04-04,0.89
2008-04-11,0.82
2008-04-18,0.74
2008-04-25,0.65
2008-05-02,0.58
2008-05-09,0.52
2008-05-16,0.49
2008-05-23,0.48
2008-05-30,0.51
2008-06-06,0.55
2008-06-13,0.6
2008-06-20,0.66
2008-06-27,0.71
2008-07-04,0.75
2008-07-11,0.75
2008-07-18,0.74
2008-07-25,0.72
2008-08-01,0.68
2008-08-08,0.67
2008-08-15,0.68
2008-08-22,0.73
2008-08-29,0.84
2008-09-05,1.01
2008-09-12,1.23
2008-09-19,1.51
2008-09-26,1.79
2008-10-03,2.07
2008-10-10,2.32
2008-10-17,2.52
2008-10-24,2.66
2008-10-31,2.79
2008-11-07,2.88
2008-11-14,2.96
2008-11-21,3.04
2008-11-28,3.06
2008-12-05,3.06
2008-12-12,2.99
2008-12-19,2.87
2008-12-26,2.71
2009-01-02,2.56
2009-01-09,2.4
2009-01-16,2.28
2009-01-23,2.19
2009-01-30,2.13
2009-02-06,2.1
2009-02-13,2.1
2009-02-20,2.12
2009-02-27,2.13
2009-03-06,2.14
2009-03-13,2.1
2009-03-20,2.03
2009-03-27,1.92
2009-04-03,1.8
2009-04-10,1.66
2009-04-17,1.52
2009-04-24,1.38
2009-05-01,1.24
2009-05-08,1.12
2009-05-15,1.02
2009-05-22,0.93
2009-05-29,0.88
2009-06-05,0.83
2009-06-12,0.79
2009-06-19,0.76
2009-06-26,0.72
2009-07-03,0.68
2009-07-10,0.62
2009-07-17,0.56
2009-07-24,0.49
2009-07-31,0.42
2009-08-07,0.36
2009-08-14,0.31
2009-08-21,0.27
2009-08-28,0.23
2009-09-04,0.2
2009-09-11,0.17
2009-09-18,0.13
2009-09-25,0.11
2009-10-02,0.08
2009-10-09,0.06
2009-10-16,0.05
2009-10-23,0.03
2009-10-30,0.02
2009-11-06,0.02
2009-11-13,0.0
2009-11-20,-0.01
2009-11-27,-0.03
2009-12-04,-0.05
2009-12-11,-0.08
2009-12-18,-0.12
2009-12-25,-0.15
2010-01-01,-0.17
2010-01-08,-0.19
2010-01-15,-0.2
2010-01-22,-0.2
2010-01-29,-0.2
2010-02-05,-0.19
2010-02-12,-0.2
2010-02-19,-0.21
2010-02-26,-0.24
2010-03-05,-0.28
2010-03-12,-0.33
2010-03-19,-0.37
2010-03-26,-0.41
2010-04-02,-0.44
2010-04-09,-0.45
2010-04-16,-0.44
2010-04-23,-0.41
2010-04-30,-0.35
2010-05-07,-0.27
2010-05-14,-0.2
2010-05-21,-0.12
2010-05-28,-0.07
2010-06-04,-0.04
2010-06-11,-0.03
2010-06-18,-0.04
2010-06-25,-0.07
2010-07-02,-0.1
2010-07-09,-0.14
2010-07-16,-0.19
2010-07-23,-0.22
2010-07-30,-0.24
2010-08-06,-0.26
2010-08-13,-0.26
2010-08-20,-0.26
2010-08-27,-0.27
2010-09-03,-0.27
2010-09-10,-0.29
2010-09-17,-0.31
2010-09-24,-0.33
2010-10-01,-0.35
2010-10-08,-0.38
2010-10-15,-0.4
2010-10-22,-0.42
2010-10-29,-0.43
2010-11-05,-0.44
2010-11-12,-0.44
2010-11-19,-0.44
2010-11-26,-0.45
2010-12-03,-0.45
2010-12-10,-0.46
2010-12-17,-0.48
2010-12-24,-0.5
2010-12-31,-0.52
2011-01-07,-0.54
2011-01-14,-0.56
2011-01-21,-0.58
2011-01-28,-0.59
2011-02-04,-0.6
2011-02-11,-0.59
2011-02-18,-0.58
2011-02-25,-0.57
2011-03-04,-0.56
2011-03-11,-0.55
2011-03-18,-0.54
2011-03-25,-0.55
2011-04-01,-0.56
2011-04-08,-0.57
2011-04-15,-0.58
2011-04-22,-0.59
2011-04-29,-0.6
2011-05-06,-0.59
2011-05-13,-0.58
2011-05-20,-0.57
2011-05-27,-0.56
2011-06-03,-0.55
2011-06-10,-0.53
2011-06-17,-0.52
2011-06-24,-0.52
2011-07-01,-0.51
2011-07-08,-0.5
2011-07-15,-0.47
2011-07-22,-0.44
2011-07-29,-0.39
2011-08-05,-0.33
2011-08-12,-0.26
2011-08-19,-0.19
2011-08-26,-0.14
2011-09-02,-0.09
2011-09-09,-0.06
2011-09-16,-0.04
2011-09-23,-0.03
2011-09-30,-0.04
2011-10-07,-0.05
2011-10-14,-0.07
2011-10-21,-0.09
2011-10-28,-0.1
2011-11-04,-0.1
2011-11-11,-0.1
2011-11-18,-0.08
2011-11-25,-0.07
2011-12-02,-0.07
2011-12-09,-0.08
2011-12-16,-0.09
2011-12-23,-0.11
2011-12-30,-0.15
2012-01-06,-0.19
2012-01-13,-0.24
2012-01-20,-0.28
2012-01-27,-0.32
2012-02-03,-0.35
2012-02-10,-0.38
2012-02-17,-0.39
2012-02-24,-0.41
2012-03-02,-0.42
2012-03-09,-0.43
2012-03-16,-0.43
2012-03-23,-0.44
2012-03-30,-0.43
2012-04-06,-0.43
2012-04-13,-0.41
2012-04-20,-0.4
2012-04-27,-0.38
2012-05-04,-0.35
2012-05-11,-0.32
2012-05-18,-0.29
2012-05-25,-0.26
2012-06-01,-0.24
2012-06-08,-0.23
2012-06-15,-0.24
2012-06-22,-0.26
2012-06-29,-0.27
2012-07-06,-0.3
2012-07-13,-0.32
2012-07-20,-0.35
2012-07-27,-0.37
2012-08-03,-0.39
2012-08-10,-0.41
2012-08-17,-0.43
2012-08-24,-0.44
2012-08-31,-0.46
2012-09-07,-0.48
2012-09-14,-0.5
2012-09-21,-0.51
2012-09-28,-0.53
2012-10-05,-0.54
2012-10-12,-0.55
2012-10-19,-0.55
2012-10-26,-0.55
2012-11-02,-0.55
2012-11-09,-0.55
2012-11-16,-0.55
2012-11-23,-0.55
2012-11-30,-0.56
2012-12-07,-0.56
2012-12-14,-0.58
2012-12-21,-0.59
2012-12-28,-0.6
2013-01-04,-0.61
2013-01-11,-0.63
2013-01-18,-0.64
2013-01-25,-0.64
2013-02-01,-0.65
2013-02-08,-0.65
2013-02-15,-0.65
2013-02-22,-0.65
2013-03-01,-0.65
2013-03-08,-0.65
2013-03-15,-0.66
2013-03-22,-0.66
2013-03-29,-0.66
2013-04-05,-0.67
2013-04-12,-0.68
2013-04-19,-0.69
2013-04-26,-0.7
2013-05-03,-0.71
2013-05-10,-0.72
2013-05-17,-0.72
2013-05-24,-0.71
2013-05-31,-0.69
2013-06-07,-0.67
2013-06-14,-0.65
2013-06-21,-0.64
2013-06-28,-0.63
2013-07-05,-0.63
2013-07-12,-0.64
2013-07-19,-0.65
2013-07-26,-0.66
2013-08-02,-0.67
2013-08-09,-0.67
2013-08-16,-0.67
2013-08-23,-0.67
2013-08-30,-0.66
2013-09-06,-0.66
2013-09-13,-0.66
2013-09-20,-0.67
2013-09-27,-0.68
2013-10-04,-0.69
2013-10-11,-0.7
2013-10-18,-0.71
2013-10-25,-0.73
2013-11-01,-0.74
2013-11-08,-0.75
2013-11-15,-0.76
2013-11-22,-0.76
2013-11-29,-0.77
2013-12-06,-0.77
2013-12-13,-0.78
2013-12-20,-0.78
2013-12-27,-0.78
2014-01-03,-0.78
2014-01-10,-0.77
2014-01-17,-0.77
2014-01-24,-0.77
2014-01-31,-0.76
2014-02-07,-0.76
2014-02-14,-0.77
2014-02-21,-0.77
2014-02-28,-0.78
2014-03-07,-0.78
2014-03-14,-0.78
2014-03-21,-0.78
2014-03-28,-0.78
2014-04-04,-0.77
2014-04-11,-0.77
2014-04-18,-0.77
2014-04-25,-0.77
2014-05-02,-0.77
2014-05-09,-0.77
2014-05-16,-0.78
2014-05-23,-0.78
2014-05-30,-0.79
2014-06-06,-0.79
2014-06-13,-0.79
2014-06-20,-0.79
2014-06-27,-0.78
2014-07-04,-0.77
2014-07-11,-0.76
2014-07-18,-0.75
2014-07-25,-0.74
2014-08-01,-0.73
2014-08-08,-0.73
2014-08-15,-0.72
2014-08-22,-0.72
2014-08-29,-0.72
2014-09-05,-0.72
2014-09-12,-0.71
2014-09-19,-0.69
2014-09-26,-0.67
2014-10-03,-0.66
2014-10-10,-0.65
2014-10-17,-0.64
2014-10-24,-0.64
2014-10-31,-0.64
2014-11-07,-0.65
2014-11-14,-0.66
2014-11-21,-0.66
2014-11-28,-0.65
2014-12-05,-0.64
2014-12-12,-0.62
2014-12-19,-0.59
2014-12-26,-0.57
2015-01-02,-0.55
2015-01-09,-0.53
2015-01-16,-0.52
2015-01-23,-0.51
2015-01-30,-0.51
2015-02-06,-0.51
2015-02-13,-0.51
2015-02-20,-0.52
2015-02-27,-0.52
2015-03-06,-0.53
2015-03-13,-0.53
2015-03-20,-0.54
2015-03-27,-0.54
2015-04-03,-0.54
2015-04-10,-0.54
2015-04-17,-0.54
2015-04-24,-0.54
2015-05-01,-0.55
2015-05-08,-0.55
2015-05-15,-0.55
2015-05-22,-0.55
2015-05-29,-0.55
2015-06-05,-0.55
2015-06-12,-0.54
2015-06-19,-0.54
2015-06-26,-0.54
2015-07-03,-0.53
2015-07-10,-0.53
2015-07-17,-0.52
2015-07-24,-0.51
2015-07-31,-0.5
2015-08-07,-0.48
2015-08-14,-0.46
2015-08-21,-0.44
2015-08-28,-0.42
2015-09-04,-0.4
2015-09-11,-0.4
2015-09-18,-0.4
2015-09-25,-0.4
2015-10-02,-0.41
2015-10-09,-0.43
2015-10-16,-0.44
2015-10-23,-0.46
2015-10-30,-0.47
2015-11-06,-0.47
2015-11-13,-0.47
2015-11-20,-0.46
2015-11-27,-0.44
2015-12-04,-0.42
2015-12-11,-0.4
2015-12-18,-0.38
2015-12-25,-0.36
2016-01-01,-0.34
2016-01-08,-0.33
2016-01-15,-0.31
2016-01-22,-0.3
2016-01-29,-0.3
2016-02-05,-0.29
2016-02-12,-0.29
2016-02-19,-0.3
2016-02-26,-0.32
2016-03-04,-0.33
2016-03-11,-0.35
2016-03-18,-0.36
2016-03-25,-0.37
2016-04-01,-0.38
2016-04-08,-0.38
2016-04-15,-0.38
2016-04-22,-0.38
2016-04-29,-0.38
2016-05-06,-0.38
2016-05-13,-0.38
2016-05-20,-0.38
2016-05-27,-0.37
2016-06-03,-0.37
2016-06-10,-0.36
2016-06-17,-0.35
2016-06-24,-0.35
2016-07-01,-0.34
2016-07-08,-0.34
2016-07-15,-0.35
2016-07-22,-0.35
2016-07-29,-0.36
2016-08-05,-0.36
2016-08-12,-0.36
2016-08-19,-0.36
2016-08-26,-0.35
2016-09-02,-0.35
2016-09-09,-0.34
2016-09-16,-0.34
2016-09-23,-0.33
2016-09-30,-0.34
2016-10-07,-0.34
2016-10-14,-0.35
2016-10-21,-0.36
2016-10-28,-0.38
2016-11-04,-0.39
2016-11-11,-0.4
2016-11-18,-0.42
2016-11-25,-0.43
2016-12-02,-0.44
2016-12-09,-0.45
2016-12-16,-0.45
2016-12-23,-0.46
2016-12-30,-0.47
2017-01-06,-0.47
2017-01-13,-0.48
2017-01-20,-0.48
2017-01-27,-0.49
2017-02-03,-0.49
2017-02-10,-0.49
2017-02-17,-0.49
2017-02-24,-0.49
2017-03-03,-0.48
2017-03-10,-0.48
2017-03-17,-0.48
2017-03-24,-0.48
2017-03-31,-0.48
2017-04-07,-0.48
2017-04-14,-0.49
2017-04-21,-0.5
2017-04-28,-0.51
2017-05-05,-0.52
2017-05-12,-0.53
2017-05-19,-0.54
2017-05-26,-0.54
2017-06-02,-0.55
2017-06-09,-0.56
2017-06-16,-0.56
2017-06-23,-0.57
2017-06-30,-0.57
2017-07-07,-0.57
2017-07-14,-0.57
2017-07-21,-0.58
2017-07-28,-0.58
2017-08-04,-0.57
2017-08-11,-0.57
2017-08-18,-0.56
2017-08-25,-0.56
2017-09-01,-0.56
2017-09-08,-0.56
2017-09-15,-0.56
2017-09-22,-0.56
2017-09-29,-0.57
2017-10-06,-0.58
2017-10-13,-0.58
2017-10-20,-0.59
2017-10-27,-0.59
2017-11-03,-0.6
2017-11-10,-0.6
2017-11-17,-0.6
2017-11-24,-0.6
2017-12-01,-0.6
2017-12-08,-0.61
2017-12-15,-0.61
2017-12-22,-0.61
2017-12-29,-0.62
2018-01-05,-0.62
2018-01-12,-0.62
2018-01-19,-0.62
2018-01-26,-0.61
2018-02-02,-0.59
2018-02-09,-0.58
2018-02-16,-0.56
2018-02-23,-0.54
2018-03-02,-0.53
2018-03-09,-0.52
2018-03-16,-0.51
2018-03-23,-0.5
2018-03-30,-0.5
2018-04-06,-0.5
2018-04-13,-0.51
2018-04-20,-0.53
2018-04-27,-0.54
2018-05-04,-0.55
2018-05-11,-0.56
2018-05-18,-0.56
2018-05-25,-0.56
2018-06-01,-0.56
2018-06-08,-0.55
2018-06-15,-0.55
2018-06-22,-0.54
2018-06-29,-0.54
2018-07-06,-0.54
2018-07-13,-0.54
2018-07-20,-0.55
2018-07-27,-0.56
2018-08-03,-0.57
2018-08-10,-0.58
2018-08-17,-0.59
2018-08-24,-0.59
2018-08-31,-0.6
2018-09-07,-0.6
2018-09-14,-0.6
2018-09-21,-0.6
2018-09-28,-0.59
2018-10-05,-0.59
2018-10-12,-0.58
2018-10-19,-0.56
2018-10-26,-0.55
2018-11-02,-0.54
2018-11-09,-0.52
2018-11-16,-0.5
2018-11-23,-0.48
2018-11-30,-0.46
2018-12-07,-0.44
2018-12-14,-0.43
2018-12-21,-0.42
2018-12-28,-0.43
2019-01-04,-0.44
2019-01-11,-0.46
2019-01-18,-0.48
2019-01-25,-0.51
2019-02-01,-0.53
2019-02-08,-0.55
2019-02-15,-0.57
2019-02-22,-0.58
2019-03-01,-0.59
2019-03-08,-0.6
2019-03-15,-0.6
2019-03-22,-0.6
2019-03-29,-0.61
2019-04-05,-0.61
2019-04-12,-0.61
2019-04-19,-0.61
2019-04-26,-0.61
2019-05-03,-0.61
2019-05-10,-0.6
2019-05-17,-0.6
2019-05-24,-0.59
2019-05-31,-0.58
2019-06-07,-0.57
2019-06-14,-0.57
2019-06-21,-0.57
2019-06-28,-0.57
2019-07-05,-0.58
2019-07-12,-0.58
2019-07-19,-0.58
2019-07-26,-0.58
2019-08-02,-0.57
2019-08-09,-0.56
2019-08-16,-0.55
2019-08-23,-0.54
2019-08-30,-0.53
2019-09-06,-0.52
2019-09-13,-0.51
2019-09-20,-0.51
2019-09-27,-0.51
2019-10-04,-0.51
2019-10-11,-0.52
2019-10-18,-0.54
2019-10-25,-0.55
2019-11-01,-0.56
2019-11-08,-0.57
2019-11-15,-0.58
2019-11-22,-0.58
2019-11-29,-0.57
2019-12-06,-0.56
2019-12-13,-0.55
2019-12-20,-0.55
2019-12-27,-0.55
2020-01-03,-0.57
2020-01-10,-0.59
2020-01-17,-0.61
2020-01-24,-0.62
2020-01-31,-0.62
2020-02-07,-0.59
2020-02-14,-0.53
2020-02-21,-0.43
2020-02-28,-0.3
2020-03-06,-0.14
2020-03-13,0.03
2020-03-20,0.18
2020-03-27,0.27
2020-04-03,0.31
2020-04-10,0.29
2020-04-17,0.24
2020-04-24,0.16
2020-05-01,0.06
2020-05-08,-0.04
2020-05-15,-0.13
2020-05-22,-0.21
2020-05-29,-0.27
2020-06-05,-0.32
2020-06-12,-0.35
2020-06-19,-0.37
2020-06-26,-0.39
2020-07-03,-0.4
2020-07-10,-0.42
2020-07-17,-0.44
2020-07-24,-0.46
2020-07-31,-0.48
2020-08-07,-0.49
2020-08-14,-0.5
2020-08-21,-0.51
2020-08-28,-0.51
2020-09-04,-0.51
2020-09-11,-0.5
2020-09-18,-0.5
2020-09-25,-0.49
2020-10-02,-0.49
2020-10-09,-0.49
2020-10-16,-0.49
2020-10-23,-0.5
2020-10-30,-0.51
2020-11-06,-0.52
2020-11-13,-0.54
2020-11-20,-0.55
2020-11-27,-0.57
2020-12-04,-0.58
2020-12-11,-0.59
2020-12-18,-0.6
2020-12-25,-0.6
2021-01-01,-0.61
2021-01-08,-0.61
2021-01-15,-0.62
2021-01-22,-0.62
2021-01-29,-0.62
2021-02-05,-0.62
2021-02-12,-0.62
2021-02-19,-0.62
2021-02-26,-0.63
2021-03-05,-0.63
2021-03-12,-0.64
2021-03-19,-0.64
2021-03-26,-0.65
2021-04-02,-0.66
2021-04-09,-0.66
2021-04-16,-0.67
2021-04-23,-0.68
2021-04-30,-0.68
2021-05-07,-0.69
2021-05-14,-0.69
2021-05-21,-0.69
2021-05-28,-0.69
2021-06-04,-0.69
2021-06-11,-0.69
2021-06-18,-0.69
2021-06-25,-0.69
2021-07-02,-0.68
2021-07-09,-0.67
2021-07-16,-0.67
2021-07-23,-0.66
2021-07-30,-0.66
2021-08-06,-0.65
2021-08-13,-0.65
2021-08-20,-0.65
2021-08-27,-0.65
2021-09-03,-0.65
2021-09-10,-0.65
2021-09-17,-0.65
2021-09-24,-0.65
2021-10-01,-0.65
2021-10-08,-0.65
2021-10-15,-0.65
2021-10-22,-0.64
2021-10-29,-0.62
2021-11-05,-0.6
2021-11-12,-0.58
2021-11-19,-0.57
2021-11-26,-0.55
2021-12-03,-0.54
2021-12-10,-0.54
2021-12-17,-0.54
2021-12-24,-0.55
2021-12-31,-0.56
2022-01-07,-0.56
2022-01-14,-0.56
2022-01-21,-0.56
2022-01-28,-0.54
2022-02-04,-0.52
2022-02-11,-0.5
2022-02-18,-0.47
2022-02-25,-0.44
2022-03-04,-0.41
2022-03-11,-0.39
2022-03-18,-0.38
2022-03-25,-0.37
2022-04-01,-0.37
2022-04-08,-0.37
2022-04-15,-0.36
2022-04-22,-0.35
2022-04-29,-0.34
2022-05-06,-0.32
2022-05-13,-0.3
2022-05-20,-0.28
2022-05-27,-0.26
2022-06-03,-0.24
2022-06-10,-0.21
2022-06-17,-0.19
2022-06-24,-0.17
2022-07-01,-0.17
2022-07-08,-0.17
2022-07-15,-0.18
2022-07-22,-0.2
2022-07-29,-0.22
2022-08-05,-0.23
2022-08-12,-0.24
2022-08-19,-0.24
2022-08-26,-0.23
2022-09-02,-0.21
2022-09-09,-0.18
2022-09-16,-0.15
2022-09-23,-0.13
2022-09-30,-0.11
2022-10-07,-0.1
2022-10-14,-0.1
2022-10-21,-0.11
2022-10-28,-0.13
2022-11-04,-0.14
2022-11-11,-0.16
2022-11-18,-0.17
2022-11-25,-0.18
2022-12-02,-0.19
2022-12-09,-0.19
2022-12-16,-0.2
2022-12-23,-0.21
2022-12-30,-0.22
2023-01-06,-0.25
2023-01-13,-0.27
2023-01-20,-0.29
2023-01-27,-0.31
2023-02-03,-0.32
2023-02-10,-0.31
2023-02-17,-0.3
2023-02-24,-0.27
2023-03-03,-0.24
2023-03-10,-0.21
2023-03-17,-0.18
2023-03-24,-0.16
2023-03-31,-0.15
2023-04-07,-0.16
2023-04-14,-0.17
2023-04-21,-0.18
2023-04-28,-0.19
2023-05-05,-0.2
2023-05-12,-0.21
2023-05-19,-0.21
2023-05-26,-0.21
2023-06-02,-0.22
2023-06-09,-0.22
2023-06-16,-0.22
2023-06-23,-0.22
2023-06-30,-0.23
2023-07-07,-0.24
2023-07-14,-0.25
2023-07-21,-0.27
2023-07-28,-0.28
2023-08-04,-0.3
2023-08-11,-0.31
2023-08-18,-0.33
2023-08-25,-0.34
2023-09-01,-0.34
2023-09-08,-0.34
2023-09-15,-0.34
2023-09-22,-0.33
2023-09-29,-0.32
2023-10-06,-0.3
2023-10-13,-0.29
2023-10-20,-0.29
2023-10-27,-0.29
2023-11-03,-0.29
2023-11-10,-0.3
2023-11-17,-0.31
2023-11-24,-0.32
2023-12-01,-0.33
2023-12-08,-0.34
2023-12-15,-0.35
2023-12-22,-0.36
2023-12-29,-0.37
2024-01-05,-0.38
2024-01-12,-0.38
2024-01-19,-0.39
2024-01-26,-0.4
2024-02-02,-0.41
2024-02-09,-0.41
2024-02-16,-0.42
2024-02-23,-0.43
2024-03-01,-0.43
2024-03-08,-0.44
2024-03-15,-0.44
2024-03-22,-0.44
2024-03-29,-0.43
2024-04-05,-0.43
2024-04-12,-0.42
2024-04-19,-0.42
2024-04-26,-0.42
2024-05-03,-0.42
2024-05-10,-0.42
2024-05-17,-0.42
2024-05-24,-0.42
2024-05-31,-0.41
2024-06-07,-0.41
2024-06-14,-0.4
2024-06-21,-0.39
2024-06-28,-0.39
2024-07-05,-0.38
2024-07-12,-0.38
2024-07-19,-0.37
2024-07-26,-0.37
2024-08-02,-0.37
2024-08-09,-0.37
2024-08-16,-0.38
2024-08-23,-0.39
2024-08-30,-0.4
2024-09-06,-0.41
2024-09-13,-0.42
2024-09-20,-0.43
2024-09-27,-0.43
2024-10-04,-0.44
2024-10-11,-0.44
2024-10-18,-0.45
2024-10-25,-0.45
2024-11-01,-0.46
2024-11-08,-0.46
2024-11-15,-0.47
2024-11-22,-0.48
2024-11-29,-0.48
2024-12-06,-0.48
2024-12-13,-0.48
2024-12-20,-0.48
2024-12-27,-0.49
2025-01-03,-0.49
2025-01-10,-0.5
2025-01-17,-0.5
2025-01-24,-0.51
2025-01-31,-0.51
2025-02-07,-0.51
2025-02-14,-0.51
2025-02-21,-0.5
2025-02-28,-0.48
2025-03-07,-0.47
2025-03-14,-0.45
2025-03-21,-0.43
2025-03-28,-0.41
2025-04-04,-0.4
2025-04-11,-0.39
2025-04-18,-0.39
2025-04-25,-0.4
2025-05-02,-0.41
2025-05-09,-0.43
2025-05-16,-0.44
2025-05-23,-0.46
2025-05-30,-0.47
2025-06-06,-0.48
2025-06-13,-0.49
2025-06-20,-0.49
2025-06-27,-0.5
2025-07-04,-0.51
2025-07-11,-0.51
2025-07-18,-0.52
2025-07-25,-0.52
2025-08-01,-0.52
2025-08-08,-0.53
2025-08-15,-0.53
2025-08-22,-0.53
2025-08-29,-0.53
2025-09-05,-0.53
2025-09-12,-0.53
2025-09-19,-0.53
2025-09-26,-0.53
2025-10-03,-0.53
2025-10-10,-0.53
2025-10-17,-0.52
2025-10-24,-0.52
2025-10-31,-0.51
2025-11-07,-0.51
2025-11-14,-0.51
2025-11-21,-0.51
2025-11-28,-0.51
2025-12-05,-0.51
2025-12-12,-0.52
2025-12-19,-0.53
2025-12-26,-0.54
2026-01-02,-0.55
2026-01-09,-0.56
2026-01-16,-0.56
2026-01-23,-0.56
2026-01-30,-0.56
2026-02-06,-0.55
2026-02-13,-0.54
2026-02-20,-0.52
2026-02-27,-0.5
2026-03-06,-0.48
2026-03-13,-0.47
2026-03-20,-0.46
2026-03-27,-0.45
2026-04-03,-0.45
2026-04-10,-0.46
2026-04-17,-0.48
2026-04-24,-0.49
2026-05-01,-0.51
